ISO-10303-21;
HEADER;
/* Generated by software containing ST-Developer
 * from STEP Tools, Inc. (www.steptools.com) 
 */

FILE_DESCRIPTION(
/* description */ (''),
/* implementation_level */ '2;1');

FILE_NAME(
/* name */ 'Shell.step',
/* time_stamp */ '2026-08-27T14:39:37+12:00',
/* author */ (''),
/* organization */ (''),
/* preprocessor_version */ 'ST-DEVELOPER v20.1',
/* originating_system */ 'Autodesk Translation Framework v15.8.0.0',
/* authorisation */ '');

FILE_SCHEMA (('AUTOMOTIVE_DESIGN { 1 0 10303 214 3 1 1 }'));
ENDSEC;

DATA;
#10=MECHANICAL_DESIGN_GEOMETRIC_PRESENTATION_REPRESENTATION('',(#13),#5149);
#11=SHAPE_REPRESENTATION_RELATIONSHIP('SRR','None',#5156,#12);
#12=ADVANCED_BREP_SHAPE_REPRESENTATION('',(#14),#5148);
#13=STYLED_ITEM('',(#5166),#14);
#14=MANIFOLD_SOLID_BREP('Shell',#2669);
#15=SPHERICAL_SURFACE('',#2813,3.);
#16=SPHERICAL_SURFACE('',#2815,3.);
#17=TOROIDAL_SURFACE('',#2780,6.,3.);
#18=TOROIDAL_SURFACE('',#2785,6.,3.);
#19=TOROIDAL_SURFACE('',#2796,6.,3.);
#20=TOROIDAL_SURFACE('',#2801,6.,3.);
#21=TOROIDAL_SURFACE('',#2806,6.,3.);
#22=TOROIDAL_SURFACE('',#2811,6.,3.);
#23=CONICAL_SURFACE('',#2743,4.,0.785398163397447);
#24=CONICAL_SURFACE('',#2747,4.,0.785398163397447);
#25=CONICAL_SURFACE('',#2751,4.,0.785398163397447);
#26=CONICAL_SURFACE('',#2755,4.,0.785398163397447);
#27=CIRCLE('',#2701,1.00000000000001);
#28=CIRCLE('',#2702,1.00000000000001);
#29=CIRCLE('',#2705,1.);
#30=CIRCLE('',#2706,1.);
#31=CIRCLE('',#2710,5.);
#32=CIRCLE('',#2711,5.);
#33=CIRCLE('',#2712,5.);
#34=CIRCLE('',#2713,5.);
#35=CIRCLE('',#2714,2.35);
#36=CIRCLE('',#2715,2.35);
#37=CIRCLE('',#2716,2.35);
#38=CIRCLE('',#2717,2.35);
#39=CIRCLE('',#2718,3.);
#40=CIRCLE('',#2719,3.);
#41=CIRCLE('',#2720,3.);
#42=CIRCLE('',#2721,3.);
#43=CIRCLE('',#2722,3.);
#44=CIRCLE('',#2723,3.);
#45=CIRCLE('',#2724,3.);
#46=CIRCLE('',#2725,3.);
#47=CIRCLE('',#2726,0.499999999999998);
#48=CIRCLE('',#2727,0.500000000000003);
#49=CIRCLE('',#2728,0.500000000000005);
#50=CIRCLE('',#2729,0.499999999999994);
#51=CIRCLE('',#2731,2.35);
#52=CIRCLE('',#2734,2.35);
#53=CIRCLE('',#2737,2.35);
#54=CIRCLE('',#2740,2.35);
#55=CIRCLE('',#2744,5.);
#56=CIRCLE('',#2745,3.);
#57=CIRCLE('',#2748,5.);
#58=CIRCLE('',#2749,3.);
#59=CIRCLE('',#2752,5.);
#60=CIRCLE('',#2753,3.);
#61=CIRCLE('',#2756,5.);
#62=CIRCLE('',#2757,3.);
#63=CIRCLE('',#2763,0.499999999999998);
#64=CIRCLE('',#2764,0.499999999999994);
#65=CIRCLE('',#2765,0.500000000000005);
#66=CIRCLE('',#2766,0.500000000000003);
#67=CIRCLE('',#2767,6.);
#68=CIRCLE('',#2768,6.);
#69=CIRCLE('',#2769,6.);
#70=CIRCLE('',#2770,6.);
#71=CIRCLE('',#2771,6.);
#72=CIRCLE('',#2772,6.);
#73=CIRCLE('',#2778,3.);
#74=CIRCLE('',#2779,3.);
#75=CIRCLE('',#2781,3.);
#76=CIRCLE('',#2782,3.);
#77=CIRCLE('',#2784,3.);
#78=CIRCLE('',#2786,3.);
#79=CIRCLE('',#2787,3.);
#80=CIRCLE('',#2789,3.);
#81=CIRCLE('',#2791,3.);
#82=CIRCLE('',#2792,3.);
#83=CIRCLE('',#2794,3.);
#84=CIRCLE('',#2795,3.);
#85=CIRCLE('',#2797,3.);
#86=CIRCLE('',#2798,3.);
#87=CIRCLE('',#2800,3.);
#88=CIRCLE('',#2802,3.);
#89=CIRCLE('',#2803,3.);
#90=CIRCLE('',#2805,3.);
#91=CIRCLE('',#2807,3.);
#92=CIRCLE('',#2808,3.);
#93=CIRCLE('',#2810,3.);
#94=CIRCLE('',#2812,3.);
#95=CIRCLE('',#2814,3.);
#96=CIRCLE('',#2816,3.);
#97=CYLINDRICAL_SURFACE('',#2700,1.00000000000001);
#98=CYLINDRICAL_SURFACE('',#2704,1.);
#99=CYLINDRICAL_SURFACE('',#2730,2.35);
#100=CYLINDRICAL_SURFACE('',#2733,2.35);
#101=CYLINDRICAL_SURFACE('',#2736,2.35);
#102=CYLINDRICAL_SURFACE('',#2739,2.35);
#103=CYLINDRICAL_SURFACE('',#2758,5.);
#104=CYLINDRICAL_SURFACE('',#2760,5.);
#105=CYLINDRICAL_SURFACE('',#2774,5.);
#106=CYLINDRICAL_SURFACE('',#2775,5.);
#107=CYLINDRICAL_SURFACE('',#2777,3.);
#108=CYLINDRICAL_SURFACE('',#2783,3.);
#109=CYLINDRICAL_SURFACE('',#2788,3.);
#110=CYLINDRICAL_SURFACE('',#2790,3.);
#111=CYLINDRICAL_SURFACE('',#2793,3.);
#112=CYLINDRICAL_SURFACE('',#2799,3.);
#113=CYLINDRICAL_SURFACE('',#2804,3.);
#114=CYLINDRICAL_SURFACE('',#2809,3.);
#115=CYLINDRICAL_SURFACE('',#2817,3.);
#116=CYLINDRICAL_SURFACE('',#2819,3.);
#117=CYLINDRICAL_SURFACE('',#2821,3.);
#118=CYLINDRICAL_SURFACE('',#2823,3.);
#119=CYLINDRICAL_SURFACE('',#2826,3.);
#120=CYLINDRICAL_SURFACE('',#2828,3.);
#121=CYLINDRICAL_SURFACE('',#2830,3.);
#122=CYLINDRICAL_SURFACE('',#2831,3.);
#123=CYLINDRICAL_SURFACE('',#2834,0.500000000000003);
#124=CYLINDRICAL_SURFACE('',#2836,0.500000000000005);
#125=CYLINDRICAL_SURFACE('',#2838,0.499999999999994);
#126=CYLINDRICAL_SURFACE('',#2840,0.499999999999998);
#127=FACE_BOUND('',#410,.T.);
#128=FACE_BOUND('',#411,.T.);
#129=FACE_BOUND('',#412,.T.);
#130=FACE_BOUND('',#423,.T.);
#131=FACE_BOUND('',#424,.T.);
#132=FACE_BOUND('',#425,.T.);
#133=FACE_BOUND('',#426,.T.);
#134=FACE_BOUND('',#427,.T.);
#135=FACE_BOUND('',#428,.T.);
#136=FACE_BOUND('',#450,.T.);
#137=FACE_BOUND('',#451,.T.);
#138=FACE_BOUND('',#452,.T.);
#139=PLANE('',#2683);
#140=PLANE('',#2684);
#141=PLANE('',#2685);
#142=PLANE('',#2686);
#143=PLANE('',#2687);
#144=PLANE('',#2688);
#145=PLANE('',#2689);
#146=PLANE('',#2690);
#147=PLANE('',#2691);
#148=PLANE('',#2692);
#149=PLANE('',#2693);
#150=PLANE('',#2694);
#151=PLANE('',#2695);
#152=PLANE('',#2696);
#153=PLANE('',#2697);
#154=PLANE('',#2698);
#155=PLANE('',#2699);
#156=PLANE('',#2703);
#157=PLANE('',#2707);
#158=PLANE('',#2708);
#159=PLANE('',#2709);
#160=PLANE('',#2732);
#161=PLANE('',#2735);
#162=PLANE('',#2738);
#163=PLANE('',#2741);
#164=PLANE('',#2742);
#165=PLANE('',#2746);
#166=PLANE('',#2750);
#167=PLANE('',#2754);
#168=PLANE('',#2759);
#169=PLANE('',#2761);
#170=PLANE('',#2762);
#171=PLANE('',#2773);
#172=PLANE('',#2776);
#173=PLANE('',#2818);
#174=PLANE('',#2820);
#175=PLANE('',#2822);
#176=PLANE('',#2824);
#177=PLANE('',#2825);
#178=PLANE('',#2827);
#179=PLANE('',#2829);
#180=PLANE('',#2832);
#181=PLANE('',#2833);
#182=PLANE('',#2835);
#183=PLANE('',#2837);
#184=PLANE('',#2839);
#185=FACE_OUTER_BOUND('',#335,.T.);
#186=FACE_OUTER_BOUND('',#336,.T.);
#187=FACE_OUTER_BOUND('',#337,.T.);
#188=FACE_OUTER_BOUND('',#338,.T.);
#189=FACE_OUTER_BOUND('',#339,.T.);
#190=FACE_OUTER_BOUND('',#340,.T.);
#191=FACE_OUTER_BOUND('',#341,.T.);
#192=FACE_OUTER_BOUND('',#342,.T.);
#193=FACE_OUTER_BOUND('',#343,.T.);
#194=FACE_OUTER_BOUND('',#344,.T.);
#195=FACE_OUTER_BOUND('',#345,.T.);
#196=FACE_OUTER_BOUND('',#346,.T.);
#197=FACE_OUTER_BOUND('',#347,.T.);
#198=FACE_OUTER_BOUND('',#348,.T.);
#199=FACE_OUTER_BOUND('',#349,.T.);
#200=FACE_OUTER_BOUND('',#350,.T.);
#201=FACE_OUTER_BOUND('',#351,.T.);
#202=FACE_OUTER_BOUND('',#352,.T.);
#203=FACE_OUTER_BOUND('',#353,.T.);
#204=FACE_OUTER_BOUND('',#354,.T.);
#205=FACE_OUTER_BOUND('',#355,.T.);
#206=FACE_OUTER_BOUND('',#356,.T.);
#207=FACE_OUTER_BOUND('',#357,.T.);
#208=FACE_OUTER_BOUND('',#358,.T.);
#209=FACE_OUTER_BOUND('',#359,.T.);
#210=FACE_OUTER_BOUND('',#360,.T.);
#211=FACE_OUTER_BOUND('',#361,.T.);
#212=FACE_OUTER_BOUND('',#362,.T.);
#213=FACE_OUTER_BOUND('',#363,.T.);
#214=FACE_OUTER_BOUND('',#364,.T.);
#215=FACE_OUTER_BOUND('',#365,.T.);
#216=FACE_OUTER_BOUND('',#366,.T.);
#217=FACE_OUTER_BOUND('',#367,.T.);
#218=FACE_OUTER_BOUND('',#368,.T.);
#219=FACE_OUTER_BOUND('',#369,.T.);
#220=FACE_OUTER_BOUND('',#370,.T.);
#221=FACE_OUTER_BOUND('',#371,.T.);
#222=FACE_OUTER_BOUND('',#372,.T.);
#223=FACE_OUTER_BOUND('',#373,.T.);
#224=FACE_OUTER_BOUND('',#374,.T.);
#225=FACE_OUTER_BOUND('',#375,.T.);
#226=FACE_OUTER_BOUND('',#376,.T.);
#227=FACE_OUTER_BOUND('',#377,.T.);
#228=FACE_OUTER_BOUND('',#378,.T.);
#229=FACE_OUTER_BOUND('',#379,.T.);
#230=FACE_OUTER_BOUND('',#380,.T.);
#231=FACE_OUTER_BOUND('',#381,.T.);
#232=FACE_OUTER_BOUND('',#382,.T.);
#233=FACE_OUTER_BOUND('',#383,.T.);
#234=FACE_OUTER_BOUND('',#384,.T.);
#235=FACE_OUTER_BOUND('',#385,.T.);
#236=FACE_OUTER_BOUND('',#386,.T.);
#237=FACE_OUTER_BOUND('',#387,.T.);
#238=FACE_OUTER_BOUND('',#388,.T.);
#239=FACE_OUTER_BOUND('',#389,.T.);
#240=FACE_OUTER_BOUND('',#390,.T.);
#241=FACE_OUTER_BOUND('',#391,.T.);
#242=FACE_OUTER_BOUND('',#392,.T.);
#243=FACE_OUTER_BOUND('',#393,.T.);
#244=FACE_OUTER_BOUND('',#394,.T.);
#245=FACE_OUTER_BOUND('',#395,.T.);
#246=FACE_OUTER_BOUND('',#396,.T.);
#247=FACE_OUTER_BOUND('',#397,.T.);
#248=FACE_OUTER_BOUND('',#398,.T.);
#249=FACE_OUTER_BOUND('',#399,.T.);
#250=FACE_OUTER_BOUND('',#400,.T.);
#251=FACE_OUTER_BOUND('',#401,.T.);
#252=FACE_OUTER_BOUND('',#402,.T.);
#253=FACE_OUTER_BOUND('',#403,.T.);
#254=FACE_OUTER_BOUND('',#404,.T.);
#255=FACE_OUTER_BOUND('',#405,.T.);
#256=FACE_OUTER_BOUND('',#406,.T.);
#257=FACE_OUTER_BOUND('',#407,.T.);
#258=FACE_OUTER_BOUND('',#408,.T.);
#259=FACE_OUTER_BOUND('',#409,.T.);
#260=FACE_OUTER_BOUND('',#413,.T.);
#261=FACE_OUTER_BOUND('',#414,.T.);
#262=FACE_OUTER_BOUND('',#415,.T.);
#263=FACE_OUTER_BOUND('',#416,.T.);
#264=FACE_OUTER_BOUND('',#417,.T.);
#265=FACE_OUTER_BOUND('',#418,.T.);
#266=FACE_OUTER_BOUND('',#419,.T.);
#267=FACE_OUTER_BOUND('',#420,.T.);
#268=FACE_OUTER_BOUND('',#421,.T.);
#269=FACE_OUTER_BOUND('',#422,.T.);
#270=FACE_OUTER_BOUND('',#429,.T.);
#271=FACE_OUTER_BOUND('',#430,.T.);
#272=FACE_OUTER_BOUND('',#431,.T.);
#273=FACE_OUTER_BOUND('',#432,.T.);
#274=FACE_OUTER_BOUND('',#433,.T.);
#275=FACE_OUTER_BOUND('',#434,.T.);
#276=FACE_OUTER_BOUND('',#435,.T.);
#277=FACE_OUTER_BOUND('',#436,.T.);
#278=FACE_OUTER_BOUND('',#437,.T.);
#279=FACE_OUTER_BOUND('',#438,.T.);
#280=FACE_OUTER_BOUND('',#439,.T.);
#281=FACE_OUTER_BOUND('',#440,.T.);
#282=FACE_OUTER_BOUND('',#441,.T.);
#283=FACE_OUTER_BOUND('',#442,.T.);
#284=FACE_OUTER_BOUND('',#443,.T.);
#285=FACE_OUTER_BOUND('',#444,.T.);
#286=FACE_OUTER_BOUND('',#445,.T.);
#287=FACE_OUTER_BOUND('',#446,.T.);
#288=FACE_OUTER_BOUND('',#447,.T.);
#289=FACE_OUTER_BOUND('',#448,.T.);
#290=FACE_OUTER_BOUND('',#449,.T.);
#291=FACE_OUTER_BOUND('',#453,.T.);
#292=FACE_OUTER_BOUND('',#454,.T.);
#293=FACE_OUTER_BOUND('',#455,.T.);
#294=FACE_OUTER_BOUND('',#456,.T.);
#295=FACE_OUTER_BOUND('',#457,.T.);
#296=FACE_OUTER_BOUND('',#458,.T.);
#297=FACE_OUTER_BOUND('',#459,.T.);
#298=FACE_OUTER_BOUND('',#460,.T.);
#299=FACE_OUTER_BOUND('',#461,.T.);
#300=FACE_OUTER_BOUND('',#462,.T.);
#301=FACE_OUTER_BOUND('',#463,.T.);
#302=FACE_OUTER_BOUND('',#464,.T.);
#303=FACE_OUTER_BOUND('',#465,.T.);
#304=FACE_OUTER_BOUND('',#466,.T.);
#305=FACE_OUTER_BOUND('',#467,.T.);
#306=FACE_OUTER_BOUND('',#468,.T.);
#307=FACE_OUTER_BOUND('',#469,.T.);
#308=FACE_OUTER_BOUND('',#470,.T.);
#309=FACE_OUTER_BOUND('',#471,.T.);
#310=FACE_OUTER_BOUND('',#472,.T.);
#311=FACE_OUTER_BOUND('',#473,.T.);
#312=FACE_OUTER_BOUND('',#474,.T.);
#313=FACE_OUTER_BOUND('',#475,.T.);
#314=FACE_OUTER_BOUND('',#476,.T.);
#315=FACE_OUTER_BOUND('',#477,.T.);
#316=FACE_OUTER_BOUND('',#478,.T.);
#317=FACE_OUTER_BOUND('',#479,.T.);
#318=FACE_OUTER_BOUND('',#480,.T.);
#319=FACE_OUTER_BOUND('',#481,.T.);
#320=FACE_OUTER_BOUND('',#482,.T.);
#321=FACE_OUTER_BOUND('',#483,.T.);
#322=FACE_OUTER_BOUND('',#484,.T.);
#323=FACE_OUTER_BOUND('',#485,.T.);
#324=FACE_OUTER_BOUND('',#486,.T.);
#325=FACE_OUTER_BOUND('',#487,.T.);
#326=FACE_OUTER_BOUND('',#488,.T.);
#327=FACE_OUTER_BOUND('',#489,.T.);
#328=FACE_OUTER_BOUND('',#490,.T.);
#329=FACE_OUTER_BOUND('',#491,.T.);
#330=FACE_OUTER_BOUND('',#492,.T.);
#331=FACE_OUTER_BOUND('',#493,.T.);
#332=FACE_OUTER_BOUND('',#494,.T.);
#333=FACE_OUTER_BOUND('',#495,.T.);
#334=FACE_OUTER_BOUND('',#496,.T.);
#335=EDGE_LOOP('',(#1669,#1670,#1671,#1672));
#336=EDGE_LOOP('',(#1673,#1674,#1675,#1676));
#337=EDGE_LOOP('',(#1677,#1678,#1679,#1680));
#338=EDGE_LOOP('',(#1681,#1682,#1683,#1684));
#339=EDGE_LOOP('',(#1685,#1686,#1687,#1688));
#340=EDGE_LOOP('',(#1689,#1690,#1691,#1692));
#341=EDGE_LOOP('',(#1693,#1694,#1695,#1696));
#342=EDGE_LOOP('',(#1697,#1698,#1699,#1700));
#343=EDGE_LOOP('',(#1701,#1702,#1703,#1704));
#344=EDGE_LOOP('',(#1705,#1706,#1707,#1708));
#345=EDGE_LOOP('',(#1709,#1710,#1711,#1712));
#346=EDGE_LOOP('',(#1713,#1714,#1715,#1716));
#347=EDGE_LOOP('',(#1717,#1718,#1719,#1720));
#348=EDGE_LOOP('',(#1721,#1722,#1723,#1724));
#349=EDGE_LOOP('',(#1725,#1726,#1727,#1728));
#350=EDGE_LOOP('',(#1729,#1730,#1731,#1732));
#351=EDGE_LOOP('',(#1733,#1734,#1735,#1736));
#352=EDGE_LOOP('',(#1737,#1738,#1739,#1740));
#353=EDGE_LOOP('',(#1741,#1742,#1743,#1744));
#354=EDGE_LOOP('',(#1745,#1746,#1747,#1748));
#355=EDGE_LOOP('',(#1749,#1750,#1751,#1752));
#356=EDGE_LOOP('',(#1753,#1754,#1755,#1756));
#357=EDGE_LOOP('',(#1757,#1758,#1759,#1760));
#358=EDGE_LOOP('',(#1761,#1762,#1763,#1764));
#359=EDGE_LOOP('',(#1765,#1766,#1767,#1768));
#360=EDGE_LOOP('',(#1769,#1770,#1771,#1772));
#361=EDGE_LOOP('',(#1773,#1774,#1775,#1776));
#362=EDGE_LOOP('',(#1777,#1778,#1779,#1780));
#363=EDGE_LOOP('',(#1781,#1782,#1783,#1784));
#364=EDGE_LOOP('',(#1785,#1786,#1787,#1788));
#365=EDGE_LOOP('',(#1789,#1790,#1791,#1792));
#366=EDGE_LOOP('',(#1793,#1794,#1795,#1796));
#367=EDGE_LOOP('',(#1797,#1798,#1799,#1800));
#368=EDGE_LOOP('',(#1801,#1802,#1803,#1804));
#369=EDGE_LOOP('',(#1805,#1806,#1807,#1808));
#370=EDGE_LOOP('',(#1809,#1810,#1811,#1812));
#371=EDGE_LOOP('',(#1813,#1814,#1815,#1816));
#372=EDGE_LOOP('',(#1817,#1818,#1819,#1820));
#373=EDGE_LOOP('',(#1821,#1822,#1823,#1824));
#374=EDGE_LOOP('',(#1825,#1826,#1827,#1828));
#375=EDGE_LOOP('',(#1829,#1830,#1831,#1832));
#376=EDGE_LOOP('',(#1833,#1834,#1835,#1836));
#377=EDGE_LOOP('',(#1837,#1838,#1839,#1840));
#378=EDGE_LOOP('',(#1841,#1842,#1843,#1844));
#379=EDGE_LOOP('',(#1845,#1846,#1847,#1848));
#380=EDGE_LOOP('',(#1849,#1850,#1851,#1852));
#381=EDGE_LOOP('',(#1853,#1854,#1855,#1856));
#382=EDGE_LOOP('',(#1857,#1858,#1859,#1860));
#383=EDGE_LOOP('',(#1861,#1862,#1863,#1864));
#384=EDGE_LOOP('',(#1865,#1866,#1867,#1868));
#385=EDGE_LOOP('',(#1869,#1870,#1871,#1872));
#386=EDGE_LOOP('',(#1873,#1874,#1875,#1876));
#387=EDGE_LOOP('',(#1877,#1878,#1879,#1880));
#388=EDGE_LOOP('',(#1881,#1882,#1883,#1884));
#389=EDGE_LOOP('',(#1885,#1886,#1887,#1888));
#390=EDGE_LOOP('',(#1889,#1890,#1891,#1892));
#391=EDGE_LOOP('',(#1893,#1894,#1895,#1896));
#392=EDGE_LOOP('',(#1897,#1898,#1899,#1900));
#393=EDGE_LOOP('',(#1901,#1902,#1903,#1904));
#394=EDGE_LOOP('',(#1905,#1906,#1907,#1908));
#395=EDGE_LOOP('',(#1909,#1910,#1911,#1912));
#396=EDGE_LOOP('',(#1913,#1914,#1915,#1916));
#397=EDGE_LOOP('',(#1917,#1918,#1919,#1920));
#398=EDGE_LOOP('',(#1921,#1922,#1923,#1924));
#399=EDGE_LOOP('',(#1925,#1926,#1927,#1928));
#400=EDGE_LOOP('',(#1929,#1930,#1931,#1932));
#401=EDGE_LOOP('',(#1933,#1934,#1935,#1936));
#402=EDGE_LOOP('',(#1937,#1938,#1939,#1940));
#403=EDGE_LOOP('',(#1941,#1942,#1943,#1944));
#404=EDGE_LOOP('',(#1945,#1946,#1947,#1948));
#405=EDGE_LOOP('',(#1949,#1950,#1951,#1952));
#406=EDGE_LOOP('',(#1953,#1954,#1955,#1956));
#407=EDGE_LOOP('',(#1957,#1958,#1959,#1960));
#408=EDGE_LOOP('',(#1961,#1962,#1963,#1964));
#409=EDGE_LOOP('',(#1965,#1966,#1967,#1968,#1969,#1970,#1971,#1972,#1973,
#1974,#1975,#1976,#1977,#1978,#1979,#1980,#1981,#1982,#1983,#1984,#1985,
#1986,#1987,#1988,#1989,#1990,#1991,#1992,#1993,#1994,#1995,#1996,#1997,
#1998,#1999,#2000,#2001,#2002,#2003,#2004,#2005,#2006,#2007,#2008));
#410=EDGE_LOOP('',(#2009,#2010,#2011,#2012,#2013,#2014,#2015,#2016));
#411=EDGE_LOOP('',(#2017,#2018,#2019,#2020,#2021,#2022,#2023,#2024,#2025,
#2026,#2027,#2028,#2029,#2030));
#412=EDGE_LOOP('',(#2031,#2032,#2033,#2034,#2035,#2036,#2037,#2038));
#413=EDGE_LOOP('',(#2039,#2040,#2041,#2042,#2043,#2044,#2045,#2046));
#414=EDGE_LOOP('',(#2047,#2048,#2049,#2050,#2051,#2052,#2053,#2054,#2055,
#2056,#2057,#2058,#2059,#2060));
#415=EDGE_LOOP('',(#2061,#2062,#2063,#2064,#2065,#2066,#2067,#2068));
#416=EDGE_LOOP('',(#2069,#2070,#2071,#2072));
#417=EDGE_LOOP('',(#2073,#2074,#2075,#2076));
#418=EDGE_LOOP('',(#2077,#2078,#2079,#2080));
#419=EDGE_LOOP('',(#2081,#2082,#2083,#2084));
#420=EDGE_LOOP('',(#2085,#2086,#2087,#2088));
#421=EDGE_LOOP('',(#2089,#2090,#2091,#2092,#2093,#2094));
#422=EDGE_LOOP('',(#2095,#2096,#2097,#2098,#2099,#2100,#2101,#2102));
#423=EDGE_LOOP('',(#2103));
#424=EDGE_LOOP('',(#2104));
#425=EDGE_LOOP('',(#2105));
#426=EDGE_LOOP('',(#2106));
#427=EDGE_LOOP('',(#2107,#2108,#2109,#2110,#2111,#2112,#2113,#2114,#2115,
#2116,#2117,#2118,#2119,#2120,#2121,#2122));
#428=EDGE_LOOP('',(#2123,#2124,#2125,#2126,#2127,#2128,#2129,#2130,#2131,
#2132,#2133,#2134,#2135,#2136));
#429=EDGE_LOOP('',(#2137,#2138,#2139,#2140));
#430=EDGE_LOOP('',(#2141));
#431=EDGE_LOOP('',(#2142,#2143,#2144,#2145));
#432=EDGE_LOOP('',(#2146));
#433=EDGE_LOOP('',(#2147,#2148,#2149,#2150));
#434=EDGE_LOOP('',(#2151));
#435=EDGE_LOOP('',(#2152,#2153,#2154,#2155));
#436=EDGE_LOOP('',(#2156));
#437=EDGE_LOOP('',(#2157,#2158,#2159,#2160));
#438=EDGE_LOOP('',(#2161,#2162,#2163,#2164));
#439=EDGE_LOOP('',(#2165,#2166,#2167,#2168));
#440=EDGE_LOOP('',(#2169,#2170,#2171,#2172));
#441=EDGE_LOOP('',(#2173,#2174,#2175,#2176));
#442=EDGE_LOOP('',(#2177,#2178,#2179,#2180));
#443=EDGE_LOOP('',(#2181,#2182,#2183,#2184));
#444=EDGE_LOOP('',(#2185,#2186,#2187,#2188));
#445=EDGE_LOOP('',(#2189,#2190,#2191,#2192));
#446=EDGE_LOOP('',(#2193,#2194,#2195,#2196));
#447=EDGE_LOOP('',(#2197,#2198,#2199,#2200));
#448=EDGE_LOOP('',(#2201,#2202,#2203,#2204));
#449=EDGE_LOOP('',(#2205,#2206,#2207,#2208,#2209,#2210,#2211,#2212));
#450=EDGE_LOOP('',(#2213,#2214,#2215,#2216,#2217,#2218,#2219,#2220));
#451=EDGE_LOOP('',(#2221,#2222,#2223,#2224,#2225,#2226,#2227,#2228,#2229,
#2230,#2231,#2232,#2233,#2234));
#452=EDGE_LOOP('',(#2235,#2236,#2237,#2238,#2239,#2240,#2241,#2242,#2243,
#2244,#2245,#2246,#2247,#2248,#2249,#2250,#2251,#2252,#2253,#2254,#2255,
#2256,#2257,#2258,#2259,#2260,#2261,#2262,#2263,#2264,#2265,#2266,#2267,
#2268,#2269,#2270,#2271,#2272,#2273,#2274,#2275,#2276,#2277,#2278));
#453=EDGE_LOOP('',(#2279,#2280,#2281,#2282));
#454=EDGE_LOOP('',(#2283,#2284,#2285,#2286));
#455=EDGE_LOOP('',(#2287,#2288,#2289,#2290));
#456=EDGE_LOOP('',(#2291,#2292,#2293,#2294));
#457=EDGE_LOOP('',(#2295,#2296,#2297,#2298));
#458=EDGE_LOOP('',(#2299,#2300,#2301,#2302));
#459=EDGE_LOOP('',(#2303,#2304,#2305,#2306));
#460=EDGE_LOOP('',(#2307,#2308,#2309,#2310));
#461=EDGE_LOOP('',(#2311,#2312,#2313,#2314));
#462=EDGE_LOOP('',(#2315,#2316,#2317,#2318));
#463=EDGE_LOOP('',(#2319,#2320,#2321,#2322));
#464=EDGE_LOOP('',(#2323,#2324,#2325,#2326));
#465=EDGE_LOOP('',(#2327,#2328,#2329,#2330));
#466=EDGE_LOOP('',(#2331,#2332,#2333,#2334));
#467=EDGE_LOOP('',(#2335,#2336,#2337,#2338));
#468=EDGE_LOOP('',(#2339,#2340,#2341,#2342));
#469=EDGE_LOOP('',(#2343,#2344,#2345,#2346));
#470=EDGE_LOOP('',(#2347,#2348,#2349,#2350));
#471=EDGE_LOOP('',(#2351,#2352,#2353));
#472=EDGE_LOOP('',(#2354,#2355,#2356));
#473=EDGE_LOOP('',(#2357,#2358,#2359,#2360));
#474=EDGE_LOOP('',(#2361,#2362,#2363,#2364));
#475=EDGE_LOOP('',(#2365,#2366,#2367,#2368));
#476=EDGE_LOOP('',(#2369,#2370,#2371,#2372));
#477=EDGE_LOOP('',(#2373,#2374,#2375,#2376));
#478=EDGE_LOOP('',(#2377,#2378,#2379,#2380));
#479=EDGE_LOOP('',(#2381,#2382,#2383,#2384));
#480=EDGE_LOOP('',(#2385,#2386,#2387,#2388));
#481=EDGE_LOOP('',(#2389,#2390,#2391,#2392));
#482=EDGE_LOOP('',(#2393,#2394,#2395,#2396));
#483=EDGE_LOOP('',(#2397,#2398,#2399,#2400));
#484=EDGE_LOOP('',(#2401,#2402,#2403,#2404));
#485=EDGE_LOOP('',(#2405,#2406,#2407,#2408));
#486=EDGE_LOOP('',(#2409,#2410,#2411,#2412));
#487=EDGE_LOOP('',(#2413,#2414,#2415,#2416));
#488=EDGE_LOOP('',(#2417,#2418,#2419,#2420));
#489=EDGE_LOOP('',(#2421,#2422,#2423,#2424));
#490=EDGE_LOOP('',(#2425,#2426,#2427,#2428));
#491=EDGE_LOOP('',(#2429,#2430,#2431,#2432));
#492=EDGE_LOOP('',(#2433,#2434,#2435,#2436));
#493=EDGE_LOOP('',(#2437,#2438,#2439,#2440));
#494=EDGE_LOOP('',(#2441,#2442,#2443,#2444));
#495=EDGE_LOOP('',(#2445,#2446,#2447,#2448,#2449,#2450,#2451,#2452));
#496=EDGE_LOOP('',(#2453,#2454,#2455,#2456));
#497=(
BOUNDED_CURVE()
B_SPLINE_CURVE(3,(#3377,#3378,#3379,#3380),.UNSPECIFIED.,.F.,.F.)
B_SPLINE_CURVE_WITH_KNOTS((4,4),(0.,1.),.UNSPECIFIED.)
CURVE()
GEOMETRIC_REPRESENTATION_ITEM()
RATIONAL_B_SPLINE_CURVE((1.,1.,1.,1.))
REPRESENTATION_ITEM('')
);
#498=(
BOUNDED_CURVE()
B_SPLINE_CURVE(3,(#3396,#3397,#3398,#3399),.UNSPECIFIED.,.F.,.F.)
B_SPLINE_CURVE_WITH_KNOTS((4,4),(0.,1.),.UNSPECIFIED.)
CURVE()
GEOMETRIC_REPRESENTATION_ITEM()
RATIONAL_B_SPLINE_CURVE((1.,1.,1.,1.))
REPRESENTATION_ITEM('')
);
#499=(
BOUNDED_CURVE()
B_SPLINE_CURVE(3,(#3415,#3416,#3417,#3418),.UNSPECIFIED.,.F.,.F.)
B_SPLINE_CURVE_WITH_KNOTS((4,4),(0.,1.),.UNSPECIFIED.)
CURVE()
GEOMETRIC_REPRESENTATION_ITEM()
RATIONAL_B_SPLINE_CURVE((1.,1.,1.,1.))
REPRESENTATION_ITEM('')
);
#500=(
BOUNDED_CURVE()
B_SPLINE_CURVE(3,(#3434,#3435,#3436,#3437),.UNSPECIFIED.,.F.,.F.)
B_SPLINE_CURVE_WITH_KNOTS((4,4),(0.,1.),.UNSPECIFIED.)
CURVE()
GEOMETRIC_REPRESENTATION_ITEM()
RATIONAL_B_SPLINE_CURVE((1.,1.,1.,1.))
REPRESENTATION_ITEM('')
);
#501=(
BOUNDED_CURVE()
B_SPLINE_CURVE(3,(#3456,#3457,#3458,#3459),.UNSPECIFIED.,.F.,.F.)
B_SPLINE_CURVE_WITH_KNOTS((4,4),(0.,1.),.UNSPECIFIED.)
CURVE()
GEOMETRIC_REPRESENTATION_ITEM()
RATIONAL_B_SPLINE_CURVE((1.,1.,1.,1.))
REPRESENTATION_ITEM('')
);
#502=(
BOUNDED_CURVE()
B_SPLINE_CURVE(3,(#3475,#3476,#3477,#3478),.UNSPECIFIED.,.F.,.F.)
B_SPLINE_CURVE_WITH_KNOTS((4,4),(0.,1.),.UNSPECIFIED.)
CURVE()
GEOMETRIC_REPRESENTATION_ITEM()
RATIONAL_B_SPLINE_CURVE((1.,1.,1.,1.))
REPRESENTATION_ITEM('')
);
#503=(
BOUNDED_CURVE()
B_SPLINE_CURVE(3,(#3494,#3495,#3496,#3497),.UNSPECIFIED.,.F.,.F.)
B_SPLINE_CURVE_WITH_KNOTS((4,4),(0.,1.),.UNSPECIFIED.)
CURVE()
GEOMETRIC_REPRESENTATION_ITEM()
RATIONAL_B_SPLINE_CURVE((1.,1.,1.,1.))
REPRESENTATION_ITEM('')
);
#504=(
BOUNDED_CURVE()
B_SPLINE_CURVE(3,(#3513,#3514,#3515,#3516),.UNSPECIFIED.,.F.,.F.)
B_SPLINE_CURVE_WITH_KNOTS((4,4),(0.,1.),.UNSPECIFIED.)
CURVE()
GEOMETRIC_REPRESENTATION_ITEM()
RATIONAL_B_SPLINE_CURVE((1.,1.,1.,1.))
REPRESENTATION_ITEM('')
);
#505=(
BOUNDED_CURVE()
B_SPLINE_CURVE(3,(#3532,#3533,#3534,#3535),.UNSPECIFIED.,.F.,.F.)
B_SPLINE_CURVE_WITH_KNOTS((4,4),(0.,1.),.UNSPECIFIED.)
CURVE()
GEOMETRIC_REPRESENTATION_ITEM()
RATIONAL_B_SPLINE_CURVE((1.,1.,1.,1.))
REPRESENTATION_ITEM('')
);
#506=(
BOUNDED_CURVE()
B_SPLINE_CURVE(3,(#3551,#3552,#3553,#3554),.UNSPECIFIED.,.F.,.F.)
B_SPLINE_CURVE_WITH_KNOTS((4,4),(0.,1.),.UNSPECIFIED.)
CURVE()
GEOMETRIC_REPRESENTATION_ITEM()
RATIONAL_B_SPLINE_CURVE((1.,1.,1.,1.))
REPRESENTATION_ITEM('')
);
#507=(
BOUNDED_CURVE()
B_SPLINE_CURVE(3,(#3570,#3571,#3572,#3573),.UNSPECIFIED.,.F.,.F.)
B_SPLINE_CURVE_WITH_KNOTS((4,4),(0.,1.),.UNSPECIFIED.)
CURVE()
GEOMETRIC_REPRESENTATION_ITEM()
RATIONAL_B_SPLINE_CURVE((1.,1.,1.,1.))
REPRESENTATION_ITEM('')
);
#508=(
BOUNDED_CURVE()
B_SPLINE_CURVE(3,(#3592,#3593,#3594,#3595),.UNSPECIFIED.,.F.,.F.)
B_SPLINE_CURVE_WITH_KNOTS((4,4),(0.,1.),.UNSPECIFIED.)
CURVE()
GEOMETRIC_REPRESENTATION_ITEM()
RATIONAL_B_SPLINE_CURVE((1.,1.,1.,1.))
REPRESENTATION_ITEM('')
);
#509=(
BOUNDED_CURVE()
B_SPLINE_CURVE(3,(#3611,#3612,#3613,#3614),.UNSPECIFIED.,.F.,.F.)
B_SPLINE_CURVE_WITH_KNOTS((4,4),(0.,1.),.UNSPECIFIED.)
CURVE()
GEOMETRIC_REPRESENTATION_ITEM()
RATIONAL_B_SPLINE_CURVE((1.,1.,1.,1.))
REPRESENTATION_ITEM('')
);
#510=(
BOUNDED_CURVE()
B_SPLINE_CURVE(3,(#3630,#3631,#3632,#3633),.UNSPECIFIED.,.F.,.F.)
B_SPLINE_CURVE_WITH_KNOTS((4,4),(0.,1.),.UNSPECIFIED.)
CURVE()
GEOMETRIC_REPRESENTATION_ITEM()
RATIONAL_B_SPLINE_CURVE((1.,1.,1.,1.))
REPRESENTATION_ITEM('')
);
#511=(
BOUNDED_CURVE()
B_SPLINE_CURVE(3,(#3649,#3650,#3651,#3652),.UNSPECIFIED.,.F.,.F.)
B_SPLINE_CURVE_WITH_KNOTS((4,4),(0.,1.),.UNSPECIFIED.)
CURVE()
GEOMETRIC_REPRESENTATION_ITEM()
RATIONAL_B_SPLINE_CURVE((1.,1.,1.,1.))
REPRESENTATION_ITEM('')
);
#512=(
BOUNDED_CURVE()
B_SPLINE_CURVE(3,(#3671,#3672,#3673,#3674),.UNSPECIFIED.,.F.,.F.)
B_SPLINE_CURVE_WITH_KNOTS((4,4),(0.,1.),.UNSPECIFIED.)
CURVE()
GEOMETRIC_REPRESENTATION_ITEM()
RATIONAL_B_SPLINE_CURVE((1.,1.,1.,1.))
REPRESENTATION_ITEM('')
);
#513=(
BOUNDED_CURVE()
B_SPLINE_CURVE(3,(#3702,#3703,#3704,#3705),.UNSPECIFIED.,.F.,.F.)
B_SPLINE_CURVE_WITH_KNOTS((4,4),(0.,1.),.UNSPECIFIED.)
CURVE()
GEOMETRIC_REPRESENTATION_ITEM()
RATIONAL_B_SPLINE_CURVE((1.,1.,1.,1.))
REPRESENTATION_ITEM('')
);
#514=(
BOUNDED_CURVE()
B_SPLINE_CURVE(3,(#3721,#3722,#3723,#3724),.UNSPECIFIED.,.F.,.F.)
B_SPLINE_CURVE_WITH_KNOTS((4,4),(0.,1.),.UNSPECIFIED.)
CURVE()
GEOMETRIC_REPRESENTATION_ITEM()
RATIONAL_B_SPLINE_CURVE((1.,1.,1.,1.))
REPRESENTATION_ITEM('')
);
#515=(
BOUNDED_CURVE()
B_SPLINE_CURVE(3,(#3740,#3741,#3742,#3743),.UNSPECIFIED.,.F.,.F.)
B_SPLINE_CURVE_WITH_KNOTS((4,4),(0.,1.),.UNSPECIFIED.)
CURVE()
GEOMETRIC_REPRESENTATION_ITEM()
RATIONAL_B_SPLINE_CURVE((1.,1.,1.,1.))
REPRESENTATION_ITEM('')
);
#516=(
BOUNDED_CURVE()
B_SPLINE_CURVE(3,(#3759,#3760,#3761,#3762),.UNSPECIFIED.,.F.,.F.)
B_SPLINE_CURVE_WITH_KNOTS((4,4),(0.,1.),.UNSPECIFIED.)
CURVE()
GEOMETRIC_REPRESENTATION_ITEM()
RATIONAL_B_SPLINE_CURVE((1.,1.,1.,1.))
REPRESENTATION_ITEM('')
);
#517=(
BOUNDED_CURVE()
B_SPLINE_CURVE(3,(#3778,#3779,#3780,#3781),.UNSPECIFIED.,.F.,.F.)
B_SPLINE_CURVE_WITH_KNOTS((4,4),(0.,1.),.UNSPECIFIED.)
CURVE()
GEOMETRIC_REPRESENTATION_ITEM()
RATIONAL_B_SPLINE_CURVE((1.,1.,1.,1.))
REPRESENTATION_ITEM('')
);
#518=(
BOUNDED_CURVE()
B_SPLINE_CURVE(3,(#3797,#3798,#3799,#3800),.UNSPECIFIED.,.F.,.F.)
B_SPLINE_CURVE_WITH_KNOTS((4,4),(0.,1.),.UNSPECIFIED.)
CURVE()
GEOMETRIC_REPRESENTATION_ITEM()
RATIONAL_B_SPLINE_CURVE((1.,1.,1.,1.))
REPRESENTATION_ITEM('')
);
#519=(
BOUNDED_CURVE()
B_SPLINE_CURVE(3,(#3816,#3817,#3818,#3819),.UNSPECIFIED.,.F.,.F.)
B_SPLINE_CURVE_WITH_KNOTS((4,4),(0.,1.),.UNSPECIFIED.)
CURVE()
GEOMETRIC_REPRESENTATION_ITEM()
RATIONAL_B_SPLINE_CURVE((1.,1.,1.,1.))
REPRESENTATION_ITEM('')
);
#520=(
BOUNDED_CURVE()
B_SPLINE_CURVE(5,(#3874,#3875,#3876,#3877,#3878,#3879,#3880,#3881,#3882,
#3883),.UNSPECIFIED.,.F.,.F.)
B_SPLINE_CURVE_WITH_KNOTS((6,1,1,1,1,6),(-1.,-0.8,-0.6,-0.4,-0.2,0.),
 .UNSPECIFIED.)
CURVE()
GEOMETRIC_REPRESENTATION_ITEM()
RATIONAL_B_SPLINE_CURVE((1.,1.,1.,1.,1.,1.,1.,1.,1.,1.))
REPRESENTATION_ITEM('')
);
#521=(
BOUNDED_CURVE()
B_SPLINE_CURVE(3,(#3899,#3900,#3901,#3902),.UNSPECIFIED.,.F.,.F.)
B_SPLINE_CURVE_WITH_KNOTS((4,4),(0.,1.),.UNSPECIFIED.)
CURVE()
GEOMETRIC_REPRESENTATION_ITEM()
RATIONAL_B_SPLINE_CURVE((1.,1.,1.,1.))
REPRESENTATION_ITEM('')
);
#522=(
BOUNDED_CURVE()
B_SPLINE_CURVE(3,(#3918,#3919,#3920,#3921),.UNSPECIFIED.,.F.,.F.)
B_SPLINE_CURVE_WITH_KNOTS((4,4),(0.,1.),.UNSPECIFIED.)
CURVE()
GEOMETRIC_REPRESENTATION_ITEM()
RATIONAL_B_SPLINE_CURVE((1.,1.,1.,1.))
REPRESENTATION_ITEM('')
);
#523=(
BOUNDED_CURVE()
B_SPLINE_CURVE(3,(#3937,#3938,#3939,#3940),.UNSPECIFIED.,.F.,.F.)
B_SPLINE_CURVE_WITH_KNOTS((4,4),(0.,1.),.UNSPECIFIED.)
CURVE()
GEOMETRIC_REPRESENTATION_ITEM()
RATIONAL_B_SPLINE_CURVE((1.,1.,1.,1.))
REPRESENTATION_ITEM('')
);
#524=(
BOUNDED_CURVE()
B_SPLINE_CURVE(3,(#3956,#3957,#3958,#3959),.UNSPECIFIED.,.F.,.F.)
B_SPLINE_CURVE_WITH_KNOTS((4,4),(0.,1.),.UNSPECIFIED.)
CURVE()
GEOMETRIC_REPRESENTATION_ITEM()
RATIONAL_B_SPLINE_CURVE((1.,1.,1.,1.))
REPRESENTATION_ITEM('')
);
#525=(
BOUNDED_CURVE()
B_SPLINE_CURVE(3,(#3975,#3976,#3977,#3978),.UNSPECIFIED.,.F.,.F.)
B_SPLINE_CURVE_WITH_KNOTS((4,4),(0.,1.),.UNSPECIFIED.)
CURVE()
GEOMETRIC_REPRESENTATION_ITEM()
RATIONAL_B_SPLINE_CURVE((1.,1.,1.,1.))
REPRESENTATION_ITEM('')
);
#526=(
BOUNDED_CURVE()
B_SPLINE_CURVE(3,(#3994,#3995,#3996,#3997),.UNSPECIFIED.,.F.,.F.)
B_SPLINE_CURVE_WITH_KNOTS((4,4),(0.,1.),.UNSPECIFIED.)
CURVE()
GEOMETRIC_REPRESENTATION_ITEM()
RATIONAL_B_SPLINE_CURVE((1.,1.,1.,1.))
REPRESENTATION_ITEM('')
);
#527=(
BOUNDED_CURVE()
B_SPLINE_CURVE(3,(#4013,#4014,#4015,#4016),.UNSPECIFIED.,.F.,.F.)
B_SPLINE_CURVE_WITH_KNOTS((4,4),(0.,1.),.UNSPECIFIED.)
CURVE()
GEOMETRIC_REPRESENTATION_ITEM()
RATIONAL_B_SPLINE_CURVE((1.,1.,1.,1.))
REPRESENTATION_ITEM('')
);
#528=(
BOUNDED_CURVE()
B_SPLINE_CURVE(3,(#4044,#4045,#4046,#4047),.UNSPECIFIED.,.F.,.F.)
B_SPLINE_CURVE_WITH_KNOTS((4,4),(0.,1.),.UNSPECIFIED.)
CURVE()
GEOMETRIC_REPRESENTATION_ITEM()
RATIONAL_B_SPLINE_CURVE((1.,1.,1.,1.))
REPRESENTATION_ITEM('')
);
#529=(
BOUNDED_CURVE()
B_SPLINE_CURVE(3,(#4063,#4064,#4065,#4066),.UNSPECIFIED.,.F.,.F.)
B_SPLINE_CURVE_WITH_KNOTS((4,4),(0.,1.),.UNSPECIFIED.)
CURVE()
GEOMETRIC_REPRESENTATION_ITEM()
RATIONAL_B_SPLINE_CURVE((1.,1.,1.,1.))
REPRESENTATION_ITEM('')
);
#530=(
BOUNDED_CURVE()
B_SPLINE_CURVE(3,(#4082,#4083,#4084,#4085),.UNSPECIFIED.,.F.,.F.)
B_SPLINE_CURVE_WITH_KNOTS((4,4),(0.,1.),.UNSPECIFIED.)
CURVE()
GEOMETRIC_REPRESENTATION_ITEM()
RATIONAL_B_SPLINE_CURVE((1.,1.,1.,1.))
REPRESENTATION_ITEM('')
);
#531=(
BOUNDED_CURVE()
B_SPLINE_CURVE(3,(#4102,#4103,#4104,#4105),.UNSPECIFIED.,.F.,.F.)
B_SPLINE_CURVE_WITH_KNOTS((4,4),(0.,1.),.UNSPECIFIED.)
CURVE()
GEOMETRIC_REPRESENTATION_ITEM()
RATIONAL_B_SPLINE_CURVE((1.,1.,1.,1.))
REPRESENTATION_ITEM('')
);
#532=(
BOUNDED_CURVE()
B_SPLINE_CURVE(3,(#4121,#4122,#4123,#4124),.UNSPECIFIED.,.F.,.F.)
B_SPLINE_CURVE_WITH_KNOTS((4,4),(0.,1.),.UNSPECIFIED.)
CURVE()
GEOMETRIC_REPRESENTATION_ITEM()
RATIONAL_B_SPLINE_CURVE((1.,1.,1.,1.))
REPRESENTATION_ITEM('')
);
#533=(
BOUNDED_CURVE()
B_SPLINE_CURVE(3,(#4137,#4138,#4139,#4140),.UNSPECIFIED.,.F.,.F.)
B_SPLINE_CURVE_WITH_KNOTS((4,4),(0.,1.),.UNSPECIFIED.)
CURVE()
GEOMETRIC_REPRESENTATION_ITEM()
RATIONAL_B_SPLINE_CURVE((1.,1.,1.,1.))
REPRESENTATION_ITEM('')
);
#534=(
BOUNDED_CURVE()
B_SPLINE_CURVE(3,(#4155,#4156,#4157,#4158),.UNSPECIFIED.,.F.,.F.)
B_SPLINE_CURVE_WITH_KNOTS((4,4),(0.,1.),.UNSPECIFIED.)
CURVE()
GEOMETRIC_REPRESENTATION_ITEM()
RATIONAL_B_SPLINE_CURVE((1.,1.,1.,1.))
REPRESENTATION_ITEM('')
);
#535=(
BOUNDED_CURVE()
B_SPLINE_CURVE(3,(#4175,#4176,#4177,#4178),.UNSPECIFIED.,.F.,.F.)
B_SPLINE_CURVE_WITH_KNOTS((4,4),(0.,1.),.UNSPECIFIED.)
CURVE()
GEOMETRIC_REPRESENTATION_ITEM()
RATIONAL_B_SPLINE_CURVE((1.,1.,1.,1.))
REPRESENTATION_ITEM('')
);
#536=(
BOUNDED_CURVE()
B_SPLINE_CURVE(3,(#4194,#4195,#4196,#4197),.UNSPECIFIED.,.F.,.F.)
B_SPLINE_CURVE_WITH_KNOTS((4,4),(0.,1.),.UNSPECIFIED.)
CURVE()
GEOMETRIC_REPRESENTATION_ITEM()
RATIONAL_B_SPLINE_CURVE((1.,1.,1.,1.))
REPRESENTATION_ITEM('')
);
#537=(
BOUNDED_CURVE()
B_SPLINE_CURVE(3,(#4213,#4214,#4215,#4216),.UNSPECIFIED.,.F.,.F.)
B_SPLINE_CURVE_WITH_KNOTS((4,4),(0.,1.),.UNSPECIFIED.)
CURVE()
GEOMETRIC_REPRESENTATION_ITEM()
RATIONAL_B_SPLINE_CURVE((1.,1.,1.,1.))
REPRESENTATION_ITEM('')
);
#538=(
BOUNDED_CURVE()
B_SPLINE_CURVE(3,(#4232,#4233,#4234,#4235),.UNSPECIFIED.,.F.,.F.)
B_SPLINE_CURVE_WITH_KNOTS((4,4),(0.,1.),.UNSPECIFIED.)
CURVE()
GEOMETRIC_REPRESENTATION_ITEM()
RATIONAL_B_SPLINE_CURVE((1.,1.,1.,1.))
REPRESENTATION_ITEM('')
);
#539=(
BOUNDED_CURVE()
B_SPLINE_CURVE(3,(#4251,#4252,#4253,#4254),.UNSPECIFIED.,.F.,.F.)
B_SPLINE_CURVE_WITH_KNOTS((4,4),(0.,1.),.UNSPECIFIED.)
CURVE()
GEOMETRIC_REPRESENTATION_ITEM()
RATIONAL_B_SPLINE_CURVE((1.,1.,1.,1.))
REPRESENTATION_ITEM('')
);
#540=(
BOUNDED_CURVE()
B_SPLINE_CURVE(3,(#4267,#4268,#4269,#4270),.UNSPECIFIED.,.F.,.F.)
B_SPLINE_CURVE_WITH_KNOTS((4,4),(0.,1.),.UNSPECIFIED.)
CURVE()
GEOMETRIC_REPRESENTATION_ITEM()
RATIONAL_B_SPLINE_CURVE((1.,1.,1.,1.))
REPRESENTATION_ITEM('')
);
#541=(
BOUNDED_CURVE()
B_SPLINE_CURVE(3,(#4285,#4286,#4287,#4288),.UNSPECIFIED.,.F.,.F.)
B_SPLINE_CURVE_WITH_KNOTS((4,4),(0.,1.),.UNSPECIFIED.)
CURVE()
GEOMETRIC_REPRESENTATION_ITEM()
RATIONAL_B_SPLINE_CURVE((1.,1.,1.,1.))
REPRESENTATION_ITEM('')
);
#542=(
BOUNDED_CURVE()
B_SPLINE_CURVE(3,(#4307,#4308,#4309,#4310),.UNSPECIFIED.,.F.,.F.)
B_SPLINE_CURVE_WITH_KNOTS((4,4),(0.,1.),.UNSPECIFIED.)
CURVE()
GEOMETRIC_REPRESENTATION_ITEM()
RATIONAL_B_SPLINE_CURVE((1.,1.,1.,1.))
REPRESENTATION_ITEM('')
);
#543=(
BOUNDED_CURVE()
B_SPLINE_CURVE(3,(#4326,#4327,#4328,#4329),.UNSPECIFIED.,.F.,.F.)
B_SPLINE_CURVE_WITH_KNOTS((4,4),(0.,1.),.UNSPECIFIED.)
CURVE()
GEOMETRIC_REPRESENTATION_ITEM()
RATIONAL_B_SPLINE_CURVE((1.,1.,1.,1.))
REPRESENTATION_ITEM('')
);
#544=(
BOUNDED_CURVE()
B_SPLINE_CURVE(3,(#4342,#4343,#4344,#4345),.UNSPECIFIED.,.F.,.F.)
B_SPLINE_CURVE_WITH_KNOTS((4,4),(0.,1.),.UNSPECIFIED.)
CURVE()
GEOMETRIC_REPRESENTATION_ITEM()
RATIONAL_B_SPLINE_CURVE((1.,1.,1.,1.))
REPRESENTATION_ITEM('')
);
#545=(
BOUNDED_CURVE()
B_SPLINE_CURVE(5,(#4399,#4400,#4401,#4402,#4403,#4404,#4405,#4406,#4407,
#4408),.UNSPECIFIED.,.F.,.F.)
B_SPLINE_CURVE_WITH_KNOTS((6,1,1,1,1,6),(-1.,-0.8,-0.6,-0.4,-0.2,0.),
 .UNSPECIFIED.)
CURVE()
GEOMETRIC_REPRESENTATION_ITEM()
RATIONAL_B_SPLINE_CURVE((1.,1.,1.,1.,1.,1.,1.,1.,1.,1.))
REPRESENTATION_ITEM('')
);
#546=(
BOUNDED_CURVE()
B_SPLINE_CURVE(3,(#4425,#4426,#4427,#4428),.UNSPECIFIED.,.F.,.F.)
B_SPLINE_CURVE_WITH_KNOTS((4,4),(0.,1.),.UNSPECIFIED.)
CURVE()
GEOMETRIC_REPRESENTATION_ITEM()
RATIONAL_B_SPLINE_CURVE((1.,1.,1.,1.))
REPRESENTATION_ITEM('')
);
#547=(
BOUNDED_CURVE()
B_SPLINE_CURVE(5,(#4483,#4484,#4485,#4486,#4487,#4488,#4489,#4490,#4491,
#4492),.UNSPECIFIED.,.F.,.F.)
B_SPLINE_CURVE_WITH_KNOTS((6,1,1,1,1,6),(-1.,-0.8,-0.6,-0.4,-0.2,0.),
 .UNSPECIFIED.)
CURVE()
GEOMETRIC_REPRESENTATION_ITEM()
RATIONAL_B_SPLINE_CURVE((1.,1.,1.,1.,1.,1.,1.,1.,1.,1.))
REPRESENTATION_ITEM('')
);
#548=(
BOUNDED_CURVE()
B_SPLINE_CURVE(3,(#4508,#4509,#4510,#4511),.UNSPECIFIED.,.F.,.F.)
B_SPLINE_CURVE_WITH_KNOTS((4,4),(0.,1.),.UNSPECIFIED.)
CURVE()
GEOMETRIC_REPRESENTATION_ITEM()
RATIONAL_B_SPLINE_CURVE((1.,1.,1.,1.))
REPRESENTATION_ITEM('')
);
#549=(
BOUNDED_CURVE()
B_SPLINE_CURVE(3,(#4527,#4528,#4529,#4530),.UNSPECIFIED.,.F.,.F.)
B_SPLINE_CURVE_WITH_KNOTS((4,4),(0.,1.),.UNSPECIFIED.)
CURVE()
GEOMETRIC_REPRESENTATION_ITEM()
RATIONAL_B_SPLINE_CURVE((1.,1.,1.,1.))
REPRESENTATION_ITEM('')
);
#550=(
BOUNDED_CURVE()
B_SPLINE_CURVE(3,(#4558,#4559,#4560,#4561),.UNSPECIFIED.,.F.,.F.)
B_SPLINE_CURVE_WITH_KNOTS((4,4),(0.,1.),.UNSPECIFIED.)
CURVE()
GEOMETRIC_REPRESENTATION_ITEM()
RATIONAL_B_SPLINE_CURVE((1.,1.,1.,1.))
REPRESENTATION_ITEM('')
);
#551=(
BOUNDED_CURVE()
B_SPLINE_CURVE(3,(#4589,#4590,#4591,#4592),.UNSPECIFIED.,.F.,.F.)
B_SPLINE_CURVE_WITH_KNOTS((4,4),(0.,1.),.UNSPECIFIED.)
CURVE()
GEOMETRIC_REPRESENTATION_ITEM()
RATIONAL_B_SPLINE_CURVE((1.,1.,1.,1.))
REPRESENTATION_ITEM('')
);
#552=(
BOUNDED_CURVE()
B_SPLINE_CURVE(3,(#4608,#4609,#4610,#4611),.UNSPECIFIED.,.F.,.F.)
B_SPLINE_CURVE_WITH_KNOTS((4,4),(0.,1.),.UNSPECIFIED.)
CURVE()
GEOMETRIC_REPRESENTATION_ITEM()
RATIONAL_B_SPLINE_CURVE((1.,1.,1.,1.))
REPRESENTATION_ITEM('')
);
#553=(
BOUNDED_CURVE()
B_SPLINE_CURVE(5,(#4666,#4667,#4668,#4669,#4670,#4671,#4672,#4673,#4674,
#4675),.UNSPECIFIED.,.F.,.F.)
B_SPLINE_CURVE_WITH_KNOTS((6,1,1,1,1,6),(-1.,-0.8,-0.6,-0.4,-0.2,0.),
 .UNSPECIFIED.)
CURVE()
GEOMETRIC_REPRESENTATION_ITEM()
RATIONAL_B_SPLINE_CURVE((1.,1.,1.,1.,1.,1.,1.,1.,1.,1.))
REPRESENTATION_ITEM('')
);
#554=(
BOUNDED_CURVE()
B_SPLINE_CURVE(3,(#4691,#4692,#4693,#4694),.UNSPECIFIED.,.F.,.F.)
B_SPLINE_CURVE_WITH_KNOTS((4,4),(0.,1.),.UNSPECIFIED.)
CURVE()
GEOMETRIC_REPRESENTATION_ITEM()
RATIONAL_B_SPLINE_CURVE((1.,1.,1.,1.))
REPRESENTATION_ITEM('')
);
#555=(
BOUNDED_CURVE()
B_SPLINE_CURVE(3,(#4710,#4711,#4712,#4713),.UNSPECIFIED.,.F.,.F.)
B_SPLINE_CURVE_WITH_KNOTS((4,4),(0.,1.),.UNSPECIFIED.)
CURVE()
GEOMETRIC_REPRESENTATION_ITEM()
RATIONAL_B_SPLINE_CURVE((1.,1.,1.,1.))
REPRESENTATION_ITEM('')
);
#556=(
BOUNDED_CURVE()
B_SPLINE_CURVE(3,(#4741,#4742,#4743,#4744),.UNSPECIFIED.,.F.,.F.)
B_SPLINE_CURVE_WITH_KNOTS((4,4),(0.,1.),.UNSPECIFIED.)
CURVE()
GEOMETRIC_REPRESENTATION_ITEM()
RATIONAL_B_SPLINE_CURVE((1.,1.,1.,1.))
REPRESENTATION_ITEM('')
);
#557=(
BOUNDED_CURVE()
B_SPLINE_CURVE(3,(#4772,#4773,#4774,#4775),.UNSPECIFIED.,.F.,.F.)
B_SPLINE_CURVE_WITH_KNOTS((4,4),(0.,1.),.UNSPECIFIED.)
CURVE()
GEOMETRIC_REPRESENTATION_ITEM()
RATIONAL_B_SPLINE_CURVE((1.,1.,1.,1.))
REPRESENTATION_ITEM('')
);
#558=(
BOUNDED_CURVE()
B_SPLINE_CURVE(3,(#4788,#4789,#4790,#4791),.UNSPECIFIED.,.F.,.F.)
B_SPLINE_CURVE_WITH_KNOTS((4,4),(0.,1.),.UNSPECIFIED.)
CURVE()
GEOMETRIC_REPRESENTATION_ITEM()
RATIONAL_B_SPLINE_CURVE((1.,1.,1.,1.))
REPRESENTATION_ITEM('')
);
#559=LINE('',#3375,#759);
#560=LINE('',#3381,#760);
#561=LINE('',#3400,#761);
#562=LINE('',#3419,#762);
#563=LINE('',#3438,#763);
#564=LINE('',#3454,#764);
#565=LINE('',#3460,#765);
#566=LINE('',#3479,#766);
#567=LINE('',#3498,#767);
#568=LINE('',#3517,#768);
#569=LINE('',#3536,#769);
#570=LINE('',#3555,#770);
#571=LINE('',#3574,#771);
#572=LINE('',#3590,#772);
#573=LINE('',#3596,#773);
#574=LINE('',#3615,#774);
#575=LINE('',#3634,#775);
#576=LINE('',#3653,#776);
#577=LINE('',#3669,#777);
#578=LINE('',#3675,#778);
#579=LINE('',#3678,#779);
#580=LINE('',#3680,#780);
#581=LINE('',#3681,#781);
#582=LINE('',#3684,#782);
#583=LINE('',#3686,#783);
#584=LINE('',#3687,#784);
#585=LINE('',#3706,#785);
#586=LINE('',#3725,#786);
#587=LINE('',#3744,#787);
#588=LINE('',#3763,#788);
#589=LINE('',#3782,#789);
#590=LINE('',#3801,#790);
#591=LINE('',#3820,#791);
#592=LINE('',#3884,#792);
#593=LINE('',#3903,#793);
#594=LINE('',#3922,#794);
#595=LINE('',#3941,#795);
#596=LINE('',#3960,#796);
#597=LINE('',#3979,#797);
#598=LINE('',#3998,#798);
#599=LINE('',#4017,#799);
#600=LINE('',#4020,#800);
#601=LINE('',#4022,#801);
#602=LINE('',#4023,#802);
#603=LINE('',#4026,#803);
#604=LINE('',#4028,#804);
#605=LINE('',#4029,#805);
#606=LINE('',#4048,#806);
#607=LINE('',#4067,#807);
#608=LINE('',#4086,#808);
#609=LINE('',#4101,#809);
#610=LINE('',#4120,#810);
#611=LINE('',#4159,#811);
#612=LINE('',#4174,#812);
#613=LINE('',#4193,#813);
#614=LINE('',#4212,#814);
#615=LINE('',#4231,#815);
#616=LINE('',#4250,#816);
#617=LINE('',#4289,#817);
#618=LINE('',#4306,#818);
#619=LINE('',#4325,#819);
#620=LINE('',#4409,#820);
#621=LINE('',#4424,#821);
#622=LINE('',#4482,#822);
#623=LINE('',#4507,#823);
#624=LINE('',#4526,#824);
#625=LINE('',#4533,#825);
#626=LINE('',#4535,#826);
#627=LINE('',#4536,#827);
#628=LINE('',#4539,#828);
#629=LINE('',#4541,#829);
#630=LINE('',#4542,#830);
#631=LINE('',#4557,#831);
#632=LINE('',#4564,#832);
#633=LINE('',#4566,#833);
#634=LINE('',#4567,#834);
#635=LINE('',#4570,#835);
#636=LINE('',#4572,#836);
#637=LINE('',#4573,#837);
#638=LINE('',#4588,#838);
#639=LINE('',#4607,#839);
#640=LINE('',#4665,#840);
#641=LINE('',#4690,#841);
#642=LINE('',#4709,#842);
#643=LINE('',#4716,#843);
#644=LINE('',#4718,#844);
#645=LINE('',#4719,#845);
#646=LINE('',#4722,#846);
#647=LINE('',#4724,#847);
#648=LINE('',#4725,#848);
#649=LINE('',#4740,#849);
#650=LINE('',#4747,#850);
#651=LINE('',#4749,#851);
#652=LINE('',#4750,#852);
#653=LINE('',#4753,#853);
#654=LINE('',#4755,#854);
#655=LINE('',#4756,#855);
#656=LINE('',#4771,#856);
#657=LINE('',#4799,#857);
#658=LINE('',#4801,#858);
#659=LINE('',#4803,#859);
#660=LINE('',#4804,#860);
#661=LINE('',#4809,#861);
#662=LINE('',#4813,#862);
#663=LINE('',#4815,#863);
#664=LINE('',#4816,#864);
#665=LINE('',#4821,#865);
#666=LINE('',#4825,#866);
#667=LINE('',#4827,#867);
#668=LINE('',#4828,#868);
#669=LINE('',#4830,#869);
#670=LINE('',#4836,#870);
#671=LINE('',#4840,#871);
#672=LINE('',#4844,#872);
#673=LINE('',#4847,#873);
#674=LINE('',#4860,#874);
#675=LINE('',#4864,#875);
#676=LINE('',#4868,#876);
#677=LINE('',#4872,#877);
#678=LINE('',#4876,#878);
#679=LINE('',#4880,#879);
#680=LINE('',#4884,#880);
#681=LINE('',#4887,#881);
#682=LINE('',#4889,#882);
#683=LINE('',#4893,#883);
#684=LINE('',#4897,#884);
#685=LINE('',#4901,#885);
#686=LINE('',#4904,#886);
#687=LINE('',#4907,#887);
#688=LINE('',#4912,#888);
#689=LINE('',#4917,#889);
#690=LINE('',#4922,#890);
#691=LINE('',#4928,#891);
#692=LINE('',#4930,#892);
#693=LINE('',#4932,#893);
#694=LINE('',#4933,#894);
#695=LINE('',#4938,#895);
#696=LINE('',#4943,#896);
#697=LINE('',#4944,#897);
#698=LINE('',#4945,#898);
#699=LINE('',#4950,#899);
#700=LINE('',#4955,#900);
#701=LINE('',#4956,#901);
#702=LINE('',#4957,#902);
#703=LINE('',#4962,#903);
#704=LINE('',#4967,#904);
#705=LINE('',#4968,#905);
#706=LINE('',#4969,#906);
#707=LINE('',#4974,#907);
#708=LINE('',#4975,#908);
#709=LINE('',#4977,#909);
#710=LINE('',#4979,#910);
#711=LINE('',#4981,#911);
#712=LINE('',#4987,#912);
#713=LINE('',#4991,#913);
#714=LINE('',#4995,#914);
#715=LINE('',#4998,#915);
#716=LINE('',#5001,#916);
#717=LINE('',#5005,#917);
#718=LINE('',#5009,#918);
#719=LINE('',#5011,#919);
#720=LINE('',#5015,#920);
#721=LINE('',#5019,#921);
#722=LINE('',#5023,#922);
#723=LINE('',#5026,#923);
#724=LINE('',#5028,#924);
#725=LINE('',#5030,#925);
#726=LINE('',#5032,#926);
#727=LINE('',#5038,#927);
#728=LINE('',#5047,#928);
#729=LINE('',#5055,#929);
#730=LINE('',#5060,#930);
#731=LINE('',#5066,#931);
#732=LINE('',#5075,#932);
#733=LINE('',#5083,#933);
#734=LINE('',#5091,#934);
#735=LINE('',#5099,#935);
#736=LINE('',#5100,#936);
#737=LINE('',#5102,#937);
#738=LINE('',#5104,#938);
#739=LINE('',#5106,#939);
#740=LINE('',#5108,#940);
#741=LINE('',#5110,#941);
#742=LINE('',#5112,#942);
#743=LINE('',#5114,#943);
#744=LINE('',#5116,#944);
#745=LINE('',#5118,#945);
#746=LINE('',#5120,#946);
#747=LINE('',#5122,#947);
#748=LINE('',#5124,#948);
#749=LINE('',#5126,#949);
#750=LINE('',#5128,#950);
#751=LINE('',#5131,#951);
#752=LINE('',#5132,#952);
#753=LINE('',#5134,#953);
#754=LINE('',#5136,#954);
#755=LINE('',#5138,#955);
#756=LINE('',#5140,#956);
#757=LINE('',#5142,#957);
#758=LINE('',#5144,#958);
#759=VECTOR('',#2843,10.);
#760=VECTOR('',#2844,10.);
#761=VECTOR('',#2845,10.);
#762=VECTOR('',#2846,10.);
#763=VECTOR('',#2847,10.);
#764=VECTOR('',#2848,10.);
#765=VECTOR('',#2849,10.);
#766=VECTOR('',#2850,10.);
#767=VECTOR('',#2851,10.);
#768=VECTOR('',#2852,10.);
#769=VECTOR('',#2853,10.);
#770=VECTOR('',#2854,10.);
#771=VECTOR('',#2855,10.);
#772=VECTOR('',#2856,10.);
#773=VECTOR('',#2857,10.);
#774=VECTOR('',#2858,10.);
#775=VECTOR('',#2859,10.);
#776=VECTOR('',#2860,10.);
#777=VECTOR('',#2861,10.);
#778=VECTOR('',#2862,10.);
#779=VECTOR('',#2865,10.);
#780=VECTOR('',#2866,10.);
#781=VECTOR('',#2867,10.);
#782=VECTOR('',#2870,10.);
#783=VECTOR('',#2871,10.);
#784=VECTOR('',#2872,10.);
#785=VECTOR('',#2873,10.);
#786=VECTOR('',#2874,10.);
#787=VECTOR('',#2875,10.);
#788=VECTOR('',#2876,10.);
#789=VECTOR('',#2877,10.);
#790=VECTOR('',#2878,10.);
#791=VECTOR('',#2879,10.);
#792=VECTOR('',#2880,10.);
#793=VECTOR('',#2881,10.);
#794=VECTOR('',#2882,10.);
#795=VECTOR('',#2883,10.);
#796=VECTOR('',#2884,10.);
#797=VECTOR('',#2885,10.);
#798=VECTOR('',#2886,10.);
#799=VECTOR('',#2887,10.);
#800=VECTOR('',#2890,10.);
#801=VECTOR('',#2891,10.);
#802=VECTOR('',#2892,10.);
#803=VECTOR('',#2895,10.);
#804=VECTOR('',#2896,10.);
#805=VECTOR('',#2897,10.);
#806=VECTOR('',#2898,10.);
#807=VECTOR('',#2899,10.);
#808=VECTOR('',#2900,10.);
#809=VECTOR('',#2901,10.);
#810=VECTOR('',#2902,10.);
#811=VECTOR('',#2903,10.);
#812=VECTOR('',#2904,10.);
#813=VECTOR('',#2905,10.);
#814=VECTOR('',#2906,10.);
#815=VECTOR('',#2907,10.);
#816=VECTOR('',#2908,10.);
#817=VECTOR('',#2909,10.);
#818=VECTOR('',#2910,10.);
#819=VECTOR('',#2911,10.);
#820=VECTOR('',#2912,10.);
#821=VECTOR('',#2913,10.);
#822=VECTOR('',#2914,10.);
#823=VECTOR('',#2915,10.);
#824=VECTOR('',#2916,10.);
#825=VECTOR('',#2919,10.);
#826=VECTOR('',#2920,10.);
#827=VECTOR('',#2921,10.);
#828=VECTOR('',#2924,10.);
#829=VECTOR('',#2925,10.);
#830=VECTOR('',#2926,10.);
#831=VECTOR('',#2927,10.);
#832=VECTOR('',#2930,10.);
#833=VECTOR('',#2931,10.);
#834=VECTOR('',#2932,10.);
#835=VECTOR('',#2935,10.);
#836=VECTOR('',#2936,10.);
#837=VECTOR('',#2937,10.);
#838=VECTOR('',#2938,10.);
#839=VECTOR('',#2939,10.);
#840=VECTOR('',#2940,10.);
#841=VECTOR('',#2941,10.);
#842=VECTOR('',#2942,10.);
#843=VECTOR('',#2945,10.);
#844=VECTOR('',#2946,10.);
#845=VECTOR('',#2947,10.);
#846=VECTOR('',#2950,10.);
#847=VECTOR('',#2951,10.);
#848=VECTOR('',#2952,10.);
#849=VECTOR('',#2953,10.);
#850=VECTOR('',#2956,10.);
#851=VECTOR('',#2957,10.);
#852=VECTOR('',#2958,10.);
#853=VECTOR('',#2961,10.);
#854=VECTOR('',#2962,10.);
#855=VECTOR('',#2963,10.);
#856=VECTOR('',#2964,10.);
#857=VECTOR('',#2975,10.);
#858=VECTOR('',#2976,10.);
#859=VECTOR('',#2977,10.);
#860=VECTOR('',#2978,10.);
#861=VECTOR('',#2983,10.);
#862=VECTOR('',#2988,10.);
#863=VECTOR('',#2989,10.);
#864=VECTOR('',#2990,10.);
#865=VECTOR('',#2995,10.);
#866=VECTOR('',#3000,10.);
#867=VECTOR('',#3001,10.);
#868=VECTOR('',#3002,10.);
#869=VECTOR('',#3005,10.);
#870=VECTOR('',#3010,10.);
#871=VECTOR('',#3013,10.);
#872=VECTOR('',#3016,10.);
#873=VECTOR('',#3019,10.);
#874=VECTOR('',#3030,10.);
#875=VECTOR('',#3033,10.);
#876=VECTOR('',#3036,10.);
#877=VECTOR('',#3039,10.);
#878=VECTOR('',#3042,10.);
#879=VECTOR('',#3045,10.);
#880=VECTOR('',#3048,10.);
#881=VECTOR('',#3051,10.);
#882=VECTOR('',#3052,10.);
#883=VECTOR('',#3055,10.);
#884=VECTOR('',#3058,10.);
#885=VECTOR('',#3061,10.);
#886=VECTOR('',#3064,10.);
#887=VECTOR('',#3067,2.35);
#888=VECTOR('',#3074,2.35);
#889=VECTOR('',#3081,2.35);
#890=VECTOR('',#3088,2.35);
#891=VECTOR('',#3095,10.);
#892=VECTOR('',#3096,10.);
#893=VECTOR('',#3097,10.);
#894=VECTOR('',#3098,10.);
#895=VECTOR('',#3103,10.);
#896=VECTOR('',#3108,10.);
#897=VECTOR('',#3109,10.);
#898=VECTOR('',#3110,10.);
#899=VECTOR('',#3115,10.);
#900=VECTOR('',#3120,10.);
#901=VECTOR('',#3121,10.);
#902=VECTOR('',#3122,10.);
#903=VECTOR('',#3127,10.);
#904=VECTOR('',#3132,10.);
#905=VECTOR('',#3133,10.);
#906=VECTOR('',#3134,10.);
#907=VECTOR('',#3143,10.);
#908=VECTOR('',#3144,10.);
#909=VECTOR('',#3147,10.);
#910=VECTOR('',#3150,10.);
#911=VECTOR('',#3153,10.);
#912=VECTOR('',#3158,10.);
#913=VECTOR('',#3161,10.);
#914=VECTOR('',#3164,10.);
#915=VECTOR('',#3167,10.);
#916=VECTOR('',#3168,10.);
#917=VECTOR('',#3171,10.);
#918=VECTOR('',#3174,10.);
#919=VECTOR('',#3175,10.);
#920=VECTOR('',#3178,10.);
#921=VECTOR('',#3181,10.);
#922=VECTOR('',#3184,10.);
#923=VECTOR('',#3187,10.);
#924=VECTOR('',#3190,10.);
#925=VECTOR('',#3193,10.);
#926=VECTOR('',#3196,10.);
#927=VECTOR('',#3203,10.);
#928=VECTOR('',#3216,10.);
#929=VECTOR('',#3227,10.);
#930=VECTOR('',#3232,10.);
#931=VECTOR('',#3239,10.);
#932=VECTOR('',#3252,10.);
#933=VECTOR('',#3263,10.);
#934=VECTOR('',#3274,10.);
#935=VECTOR('',#3289,10.);
#936=VECTOR('',#3290,10.);
#937=VECTOR('',#3293,10.);
#938=VECTOR('',#3296,10.);
#939=VECTOR('',#3299,10.);
#940=VECTOR('',#3302,10.);
#941=VECTOR('',#3305,10.);
#942=VECTOR('',#3308,10.);
#943=VECTOR('',#3311,10.);
#944=VECTOR('',#3314,10.);
#945=VECTOR('',#3317,10.);
#946=VECTOR('',#3320,10.);
#947=VECTOR('',#3323,10.);
#948=VECTOR('',#3326,10.);
#949=VECTOR('',#3329,10.);
#950=VECTOR('',#3332,10.);
#951=VECTOR('',#3337,10.);
#952=VECTOR('',#3338,10.);
#953=VECTOR('',#3341,10.);
#954=VECTOR('',#3344,10.);
#955=VECTOR('',#3347,10.);
#956=VECTOR('',#3350,10.);
#957=VECTOR('',#3353,10.);
#958=VECTOR('',#3356,10.);
#959=B_SPLINE_CURVE_WITH_KNOTS('',3,(#3370,#3371,#3372,#3373),
 .UNSPECIFIED.,.F.,.F.,(4,4),(0.,0.412914074007332),.UNSPECIFIED.);
#960=B_SPLINE_CURVE_WITH_KNOTS('',3,(#3391,#3392,#3393,#3394),
 .UNSPECIFIED.,.F.,.F.,(4,4),(0.,0.347692592353868),.UNSPECIFIED.);
#961=B_SPLINE_CURVE_WITH_KNOTS('',3,(#3410,#3411,#3412,#3413),
 .UNSPECIFIED.,.F.,.F.,(4,4),(0.,0.150070119066469),.UNSPECIFIED.);
#962=B_SPLINE_CURVE_WITH_KNOTS('',3,(#3429,#3430,#3431,#3432),
 .UNSPECIFIED.,.F.,.F.,(4,4),(0.,0.114191943961517),.UNSPECIFIED.);
#963=B_SPLINE_CURVE_WITH_KNOTS('',3,(#3449,#3450,#3451,#3452),
 .UNSPECIFIED.,.F.,.F.,(4,4),(0.,0.0817949023264963),.UNSPECIFIED.);
#964=B_SPLINE_CURVE_WITH_KNOTS('',3,(#3470,#3471,#3472,#3473),
 .UNSPECIFIED.,.F.,.F.,(4,4),(0.,0.110889842455845),.UNSPECIFIED.);
#965=B_SPLINE_CURVE_WITH_KNOTS('',3,(#3489,#3490,#3491,#3492),
 .UNSPECIFIED.,.F.,.F.,(4,4),(0.,0.0407552704306016),.UNSPECIFIED.);
#966=B_SPLINE_CURVE_WITH_KNOTS('',3,(#3508,#3509,#3510,#3511),
 .UNSPECIFIED.,.F.,.F.,(4,4),(0.,0.130603618721824),.UNSPECIFIED.);
#967=B_SPLINE_CURVE_WITH_KNOTS('',3,(#3527,#3528,#3529,#3530),
 .UNSPECIFIED.,.F.,.F.,(4,4),(0.,0.184807942678114),.UNSPECIFIED.);
#968=B_SPLINE_CURVE_WITH_KNOTS('',3,(#3546,#3547,#3548,#3549),
 .UNSPECIFIED.,.F.,.F.,(4,4),(0.,0.0376699280713707),.UNSPECIFIED.);
#969=B_SPLINE_CURVE_WITH_KNOTS('',3,(#3565,#3566,#3567,#3568),
 .UNSPECIFIED.,.F.,.F.,(4,4),(0.,0.0470180713815792),.UNSPECIFIED.);
#970=B_SPLINE_CURVE_WITH_KNOTS('',3,(#3585,#3586,#3587,#3588),
 .UNSPECIFIED.,.F.,.F.,(4,4),(0.,0.150438837868465),.UNSPECIFIED.);
#971=B_SPLINE_CURVE_WITH_KNOTS('',3,(#3606,#3607,#3608,#3609),
 .UNSPECIFIED.,.F.,.F.,(4,4),(0.,0.347762064011243),.UNSPECIFIED.);
#972=B_SPLINE_CURVE_WITH_KNOTS('',3,(#3625,#3626,#3627,#3628),
 .UNSPECIFIED.,.F.,.F.,(4,4),(0.,0.480929119987413),.UNSPECIFIED.);
#973=B_SPLINE_CURVE_WITH_KNOTS('',3,(#3644,#3645,#3646,#3647),
 .UNSPECIFIED.,.F.,.F.,(4,4),(0.,0.147634217458653),.UNSPECIFIED.);
#974=B_SPLINE_CURVE_WITH_KNOTS('',3,(#3664,#3665,#3666,#3667),
 .UNSPECIFIED.,.F.,.F.,(4,4),(0.,0.0732318302722134),.UNSPECIFIED.);
#975=B_SPLINE_CURVE_WITH_KNOTS('',3,(#3697,#3698,#3699,#3700),
 .UNSPECIFIED.,.F.,.F.,(4,4),(0.,0.0828589556555872),.UNSPECIFIED.);
#976=B_SPLINE_CURVE_WITH_KNOTS('',3,(#3716,#3717,#3718,#3719),
 .UNSPECIFIED.,.F.,.F.,(4,4),(0.,0.0594112698411655),.UNSPECIFIED.);
#977=B_SPLINE_CURVE_WITH_KNOTS('',3,(#3735,#3736,#3737,#3738),
 .UNSPECIFIED.,.F.,.F.,(4,4),(0.,0.536884771254149),.UNSPECIFIED.);
#978=B_SPLINE_CURVE_WITH_KNOTS('',3,(#3754,#3755,#3756,#3757),
 .UNSPECIFIED.,.F.,.F.,(4,4),(0.,0.544353909017736),.UNSPECIFIED.);
#979=B_SPLINE_CURVE_WITH_KNOTS('',3,(#3773,#3774,#3775,#3776),
 .UNSPECIFIED.,.F.,.F.,(4,4),(0.,0.162654242085528),.UNSPECIFIED.);
#980=B_SPLINE_CURVE_WITH_KNOTS('',3,(#3792,#3793,#3794,#3795),
 .UNSPECIFIED.,.F.,.F.,(4,4),(0.,0.322357989157271),.UNSPECIFIED.);
#981=B_SPLINE_CURVE_WITH_KNOTS('',3,(#3811,#3812,#3813,#3814),
 .UNSPECIFIED.,.F.,.F.,(4,4),(0.,0.482345630533775),.UNSPECIFIED.);
#982=B_SPLINE_CURVE_WITH_KNOTS('',3,(#3842,#3843,#3844,#3845,#3846,#3847,
#3848,#3849,#3850,#3851,#3852,#3853,#3854,#3855,#3856,#3857,#3858,#3859,
#3860,#3861,#3862,#3863,#3864,#3865,#3866,#3867,#3868,#3869,#3870,#3871,
#3872),.UNSPECIFIED.,.F.,.F.,(4,3,3,3,3,3,3,3,3,3,4),(0.,0.0232463922533254,
0.0545194696049922,0.0837525662861388,0.109617245610982,0.135139110663723,
0.160817685795409,0.189964447012746,0.222868790742297,0.246400401372744,
0.255773134471849),.UNSPECIFIED.);
#983=B_SPLINE_CURVE_WITH_KNOTS('',3,(#3894,#3895,#3896,#3897),
 .UNSPECIFIED.,.F.,.F.,(4,4),(0.,0.627900218542749),.UNSPECIFIED.);
#984=B_SPLINE_CURVE_WITH_KNOTS('',3,(#3913,#3914,#3915,#3916),
 .UNSPECIFIED.,.F.,.F.,(4,4),(0.,0.388845245802306),.UNSPECIFIED.);
#985=B_SPLINE_CURVE_WITH_KNOTS('',3,(#3932,#3933,#3934,#3935),
 .UNSPECIFIED.,.F.,.F.,(4,4),(0.,0.278049053733922),.UNSPECIFIED.);
#986=B_SPLINE_CURVE_WITH_KNOTS('',3,(#3951,#3952,#3953,#3954),
 .UNSPECIFIED.,.F.,.F.,(4,4),(0.,0.401704686045359),.UNSPECIFIED.);
#987=B_SPLINE_CURVE_WITH_KNOTS('',3,(#3970,#3971,#3972,#3973),
 .UNSPECIFIED.,.F.,.F.,(4,4),(0.,0.259985672397748),.UNSPECIFIED.);
#988=B_SPLINE_CURVE_WITH_KNOTS('',3,(#3989,#3990,#3991,#3992),
 .UNSPECIFIED.,.F.,.F.,(4,4),(0.,0.13157837645785),.UNSPECIFIED.);
#989=B_SPLINE_CURVE_WITH_KNOTS('',3,(#4008,#4009,#4010,#4011),
 .UNSPECIFIED.,.F.,.F.,(4,4),(0.,0.124303712178248),.UNSPECIFIED.);
#990=B_SPLINE_CURVE_WITH_KNOTS('',3,(#4039,#4040,#4041,#4042),
 .UNSPECIFIED.,.F.,.F.,(4,4),(0.,0.424210410061377),.UNSPECIFIED.);
#991=B_SPLINE_CURVE_WITH_KNOTS('',3,(#4058,#4059,#4060,#4061),
 .UNSPECIFIED.,.F.,.F.,(4,4),(0.,0.176448921743565),.UNSPECIFIED.);
#992=B_SPLINE_CURVE_WITH_KNOTS('',3,(#4077,#4078,#4079,#4080),
 .UNSPECIFIED.,.F.,.F.,(4,4),(0.,0.180416887929873),.UNSPECIFIED.);
#993=B_SPLINE_CURVE_WITH_KNOTS('',3,(#4096,#4097,#4098,#4099),
 .UNSPECIFIED.,.F.,.F.,(4,4),(0.,0.229614302841618),.UNSPECIFIED.);
#994=B_SPLINE_CURVE_WITH_KNOTS('',3,(#4115,#4116,#4117,#4118),
 .UNSPECIFIED.,.F.,.F.,(4,4),(0.,0.200759893901532),.UNSPECIFIED.);
#995=B_SPLINE_CURVE_WITH_KNOTS('',3,(#4133,#4134,#4135,#4136),
 .UNSPECIFIED.,.F.,.F.,(4,4),(0.,0.451194249685363),.UNSPECIFIED.);
#996=B_SPLINE_CURVE_WITH_KNOTS('',3,(#4150,#4151,#4152,#4153),
 .UNSPECIFIED.,.F.,.F.,(4,4),(0.,0.115645731630979),.UNSPECIFIED.);
#997=B_SPLINE_CURVE_WITH_KNOTS('',3,(#4169,#4170,#4171,#4172),
 .UNSPECIFIED.,.F.,.F.,(4,4),(0.,0.0803308108925669),.UNSPECIFIED.);
#998=B_SPLINE_CURVE_WITH_KNOTS('',3,(#4188,#4189,#4190,#4191),
 .UNSPECIFIED.,.F.,.F.,(4,4),(0.,0.110120555172558),.UNSPECIFIED.);
#999=B_SPLINE_CURVE_WITH_KNOTS('',3,(#4207,#4208,#4209,#4210),
 .UNSPECIFIED.,.F.,.F.,(4,4),(0.,0.0121842041410064),.UNSPECIFIED.);
#1000=B_SPLINE_CURVE_WITH_KNOTS('',3,(#4226,#4227,#4228,#4229),
 .UNSPECIFIED.,.F.,.F.,(4,4),(0.,0.0282006073877676),.UNSPECIFIED.);
#1001=B_SPLINE_CURVE_WITH_KNOTS('',3,(#4245,#4246,#4247,#4248),
 .UNSPECIFIED.,.F.,.F.,(4,4),(0.,0.0755320025646372),.UNSPECIFIED.);
#1002=B_SPLINE_CURVE_WITH_KNOTS('',3,(#4263,#4264,#4265,#4266),
 .UNSPECIFIED.,.F.,.F.,(4,4),(0.,0.0492270144001043),.UNSPECIFIED.);
#1003=B_SPLINE_CURVE_WITH_KNOTS('',3,(#4280,#4281,#4282,#4283),
 .UNSPECIFIED.,.F.,.F.,(4,4),(0.,0.247726584037257),.UNSPECIFIED.);
#1004=B_SPLINE_CURVE_WITH_KNOTS('',3,(#4299,#4300,#4301,#4302,#4303,#4304),
 .UNSPECIFIED.,.F.,.F.,(4,2,4),(0.,0.0816294314151194,0.163165020646039),
 .UNSPECIFIED.);
#1005=B_SPLINE_CURVE_WITH_KNOTS('',3,(#4320,#4321,#4322,#4323),
 .UNSPECIFIED.,.F.,.F.,(4,4),(0.,0.360528955515747),.UNSPECIFIED.);
#1006=B_SPLINE_CURVE_WITH_KNOTS('',3,(#4338,#4339,#4340,#4341),
 .UNSPECIFIED.,.F.,.F.,(4,4),(0.,0.0751385691315056),.UNSPECIFIED.);
#1007=B_SPLINE_CURVE_WITH_KNOTS('',3,(#4367,#4368,#4369,#4370,#4371,#4372,
#4373,#4374,#4375,#4376,#4377,#4378,#4379,#4380,#4381,#4382,#4383,#4384,
#4385,#4386,#4387,#4388,#4389,#4390,#4391,#4392,#4393,#4394,#4395,#4396,
#4397),.UNSPECIFIED.,.F.,.F.,(4,3,3,3,3,3,3,3,3,3,4),(0.,0.0139930807734504,
0.0352698156079083,0.0508193352555433,0.0653811924261117,0.0799792282251979,
0.0949533934603245,0.113989484276569,0.129633778009795,0.14213682720094,
0.145278071743021),.UNSPECIFIED.);
#1008=B_SPLINE_CURVE_WITH_KNOTS('',3,(#4419,#4420,#4421,#4422),
 .UNSPECIFIED.,.F.,.F.,(4,4),(0.,0.175824945089043),.UNSPECIFIED.);
#1009=B_SPLINE_CURVE_WITH_KNOTS('',3,(#4450,#4451,#4452,#4453,#4454,#4455,
#4456,#4457,#4458,#4459,#4460,#4461,#4462,#4463,#4464,#4465,#4466,#4467,
#4468,#4469,#4470,#4471,#4472,#4473,#4474,#4475,#4476,#4477,#4478,#4479,
#4480),.UNSPECIFIED.,.F.,.F.,(4,3,3,3,3,3,3,3,3,3,4),(0.,0.00448756100329274,
0.00966766937984952,0.0161220990060474,0.0214394295201738,0.0266066339774452,
0.0317556916642374,0.0373476476306128,0.0443915719152389,0.0493975800550288,
0.051435496199865),.UNSPECIFIED.);
#1010=B_SPLINE_CURVE_WITH_KNOTS('',3,(#4502,#4503,#4504,#4505),
 .UNSPECIFIED.,.F.,.F.,(4,4),(0.,0.175910875683731),.UNSPECIFIED.);
#1011=B_SPLINE_CURVE_WITH_KNOTS('',3,(#4521,#4522,#4523,#4524),
 .UNSPECIFIED.,.F.,.F.,(4,4),(0.,0.264808503212243),.UNSPECIFIED.);
#1012=B_SPLINE_CURVE_WITH_KNOTS('',3,(#4552,#4553,#4554,#4555),
 .UNSPECIFIED.,.F.,.F.,(4,4),(0.,0.0286450924037849),.UNSPECIFIED.);
#1013=B_SPLINE_CURVE_WITH_KNOTS('',3,(#4583,#4584,#4585,#4586),
 .UNSPECIFIED.,.F.,.F.,(4,4),(0.,0.123435604747295),.UNSPECIFIED.);
#1014=B_SPLINE_CURVE_WITH_KNOTS('',3,(#4602,#4603,#4604,#4605),
 .UNSPECIFIED.,.F.,.F.,(4,4),(0.,0.125319726198473),.UNSPECIFIED.);
#1015=B_SPLINE_CURVE_WITH_KNOTS('',3,(#4633,#4634,#4635,#4636,#4637,#4638,
#4639,#4640,#4641,#4642,#4643,#4644,#4645,#4646,#4647,#4648,#4649,#4650,
#4651,#4652,#4653,#4654,#4655,#4656,#4657,#4658,#4659,#4660,#4661,#4662,
#4663),.UNSPECIFIED.,.F.,.F.,(4,3,3,3,3,3,3,3,3,3,4),(0.,0.00557445119937709,
0.0132599153131505,0.0201321161142863,0.0263089749951131,0.0324361676182287,
0.0386498630060877,0.0460466791774231,0.0527533074555758,0.0582664385234718,
0.0594599357337285),.UNSPECIFIED.);
#1016=B_SPLINE_CURVE_WITH_KNOTS('',3,(#4685,#4686,#4687,#4688),
 .UNSPECIFIED.,.F.,.F.,(4,4),(0.,0.127219358985092),.UNSPECIFIED.);
#1017=B_SPLINE_CURVE_WITH_KNOTS('',3,(#4704,#4705,#4706,#4707),
 .UNSPECIFIED.,.F.,.F.,(4,4),(0.,0.342241529979683),.UNSPECIFIED.);
#1018=B_SPLINE_CURVE_WITH_KNOTS('',3,(#4735,#4736,#4737,#4738),
 .UNSPECIFIED.,.F.,.F.,(4,4),(0.,0.029474866974377),.UNSPECIFIED.);
#1019=B_SPLINE_CURVE_WITH_KNOTS('',3,(#4766,#4767,#4768,#4769),
 .UNSPECIFIED.,.F.,.F.,(4,4),(0.,0.0583855707693796),.UNSPECIFIED.);
#1020=B_SPLINE_CURVE_WITH_KNOTS('',3,(#4784,#4785,#4786,#4787),
 .UNSPECIFIED.,.F.,.F.,(4,4),(0.,0.175897253346709),.UNSPECIFIED.);
#1021=VERTEX_POINT('',#3368);
#1022=VERTEX_POINT('',#3369);
#1023=VERTEX_POINT('',#3374);
#1024=VERTEX_POINT('',#3376);
#1025=VERTEX_POINT('',#3390);
#1026=VERTEX_POINT('',#3395);
#1027=VERTEX_POINT('',#3409);
#1028=VERTEX_POINT('',#3414);
#1029=VERTEX_POINT('',#3428);
#1030=VERTEX_POINT('',#3433);
#1031=VERTEX_POINT('',#3447);
#1032=VERTEX_POINT('',#3448);
#1033=VERTEX_POINT('',#3453);
#1034=VERTEX_POINT('',#3455);
#1035=VERTEX_POINT('',#3469);
#1036=VERTEX_POINT('',#3474);
#1037=VERTEX_POINT('',#3488);
#1038=VERTEX_POINT('',#3493);
#1039=VERTEX_POINT('',#3507);
#1040=VERTEX_POINT('',#3512);
#1041=VERTEX_POINT('',#3526);
#1042=VERTEX_POINT('',#3531);
#1043=VERTEX_POINT('',#3545);
#1044=VERTEX_POINT('',#3550);
#1045=VERTEX_POINT('',#3564);
#1046=VERTEX_POINT('',#3569);
#1047=VERTEX_POINT('',#3583);
#1048=VERTEX_POINT('',#3584);
#1049=VERTEX_POINT('',#3589);
#1050=VERTEX_POINT('',#3591);
#1051=VERTEX_POINT('',#3605);
#1052=VERTEX_POINT('',#3610);
#1053=VERTEX_POINT('',#3624);
#1054=VERTEX_POINT('',#3629);
#1055=VERTEX_POINT('',#3643);
#1056=VERTEX_POINT('',#3648);
#1057=VERTEX_POINT('',#3662);
#1058=VERTEX_POINT('',#3663);
#1059=VERTEX_POINT('',#3668);
#1060=VERTEX_POINT('',#3670);
#1061=VERTEX_POINT('',#3677);
#1062=VERTEX_POINT('',#3679);
#1063=VERTEX_POINT('',#3683);
#1064=VERTEX_POINT('',#3685);
#1065=VERTEX_POINT('',#3696);
#1066=VERTEX_POINT('',#3701);
#1067=VERTEX_POINT('',#3715);
#1068=VERTEX_POINT('',#3720);
#1069=VERTEX_POINT('',#3734);
#1070=VERTEX_POINT('',#3739);
#1071=VERTEX_POINT('',#3753);
#1072=VERTEX_POINT('',#3758);
#1073=VERTEX_POINT('',#3772);
#1074=VERTEX_POINT('',#3777);
#1075=VERTEX_POINT('',#3791);
#1076=VERTEX_POINT('',#3796);
#1077=VERTEX_POINT('',#3810);
#1078=VERTEX_POINT('',#3815);
#1079=VERTEX_POINT('',#3841);
#1080=VERTEX_POINT('',#3873);
#1081=VERTEX_POINT('',#3893);
#1082=VERTEX_POINT('',#3898);
#1083=VERTEX_POINT('',#3912);
#1084=VERTEX_POINT('',#3917);
#1085=VERTEX_POINT('',#3931);
#1086=VERTEX_POINT('',#3936);
#1087=VERTEX_POINT('',#3950);
#1088=VERTEX_POINT('',#3955);
#1089=VERTEX_POINT('',#3969);
#1090=VERTEX_POINT('',#3974);
#1091=VERTEX_POINT('',#3988);
#1092=VERTEX_POINT('',#3993);
#1093=VERTEX_POINT('',#4007);
#1094=VERTEX_POINT('',#4012);
#1095=VERTEX_POINT('',#4019);
#1096=VERTEX_POINT('',#4021);
#1097=VERTEX_POINT('',#4025);
#1098=VERTEX_POINT('',#4027);
#1099=VERTEX_POINT('',#4038);
#1100=VERTEX_POINT('',#4043);
#1101=VERTEX_POINT('',#4057);
#1102=VERTEX_POINT('',#4062);
#1103=VERTEX_POINT('',#4076);
#1104=VERTEX_POINT('',#4081);
#1105=VERTEX_POINT('',#4095);
#1106=VERTEX_POINT('',#4100);
#1107=VERTEX_POINT('',#4114);
#1108=VERTEX_POINT('',#4119);
#1109=VERTEX_POINT('',#4149);
#1110=VERTEX_POINT('',#4154);
#1111=VERTEX_POINT('',#4168);
#1112=VERTEX_POINT('',#4173);
#1113=VERTEX_POINT('',#4187);
#1114=VERTEX_POINT('',#4192);
#1115=VERTEX_POINT('',#4206);
#1116=VERTEX_POINT('',#4211);
#1117=VERTEX_POINT('',#4225);
#1118=VERTEX_POINT('',#4230);
#1119=VERTEX_POINT('',#4244);
#1120=VERTEX_POINT('',#4249);
#1121=VERTEX_POINT('',#4279);
#1122=VERTEX_POINT('',#4284);
#1123=VERTEX_POINT('',#4298);
#1124=VERTEX_POINT('',#4305);
#1125=VERTEX_POINT('',#4319);
#1126=VERTEX_POINT('',#4324);
#1127=VERTEX_POINT('',#4366);
#1128=VERTEX_POINT('',#4398);
#1129=VERTEX_POINT('',#4418);
#1130=VERTEX_POINT('',#4423);
#1131=VERTEX_POINT('',#4449);
#1132=VERTEX_POINT('',#4481);
#1133=VERTEX_POINT('',#4501);
#1134=VERTEX_POINT('',#4506);
#1135=VERTEX_POINT('',#4520);
#1136=VERTEX_POINT('',#4525);
#1137=VERTEX_POINT('',#4532);
#1138=VERTEX_POINT('',#4534);
#1139=VERTEX_POINT('',#4538);
#1140=VERTEX_POINT('',#4540);
#1141=VERTEX_POINT('',#4551);
#1142=VERTEX_POINT('',#4556);
#1143=VERTEX_POINT('',#4563);
#1144=VERTEX_POINT('',#4565);
#1145=VERTEX_POINT('',#4569);
#1146=VERTEX_POINT('',#4571);
#1147=VERTEX_POINT('',#4582);
#1148=VERTEX_POINT('',#4587);
#1149=VERTEX_POINT('',#4601);
#1150=VERTEX_POINT('',#4606);
#1151=VERTEX_POINT('',#4632);
#1152=VERTEX_POINT('',#4664);
#1153=VERTEX_POINT('',#4684);
#1154=VERTEX_POINT('',#4689);
#1155=VERTEX_POINT('',#4703);
#1156=VERTEX_POINT('',#4708);
#1157=VERTEX_POINT('',#4715);
#1158=VERTEX_POINT('',#4717);
#1159=VERTEX_POINT('',#4721);
#1160=VERTEX_POINT('',#4723);
#1161=VERTEX_POINT('',#4734);
#1162=VERTEX_POINT('',#4739);
#1163=VERTEX_POINT('',#4746);
#1164=VERTEX_POINT('',#4748);
#1165=VERTEX_POINT('',#4752);
#1166=VERTEX_POINT('',#4754);
#1167=VERTEX_POINT('',#4765);
#1168=VERTEX_POINT('',#4770);
#1169=VERTEX_POINT('',#4797);
#1170=VERTEX_POINT('',#4798);
#1171=VERTEX_POINT('',#4800);
#1172=VERTEX_POINT('',#4802);
#1173=VERTEX_POINT('',#4806);
#1174=VERTEX_POINT('',#4808);
#1175=VERTEX_POINT('',#4812);
#1176=VERTEX_POINT('',#4814);
#1177=VERTEX_POINT('',#4818);
#1178=VERTEX_POINT('',#4820);
#1179=VERTEX_POINT('',#4824);
#1180=VERTEX_POINT('',#4826);
#1181=VERTEX_POINT('',#4832);
#1182=VERTEX_POINT('',#4833);
#1183=VERTEX_POINT('',#4835);
#1184=VERTEX_POINT('',#4837);
#1185=VERTEX_POINT('',#4839);
#1186=VERTEX_POINT('',#4841);
#1187=VERTEX_POINT('',#4843);
#1188=VERTEX_POINT('',#4845);
#1189=VERTEX_POINT('',#4848);
#1190=VERTEX_POINT('',#4850);
#1191=VERTEX_POINT('',#4852);
#1192=VERTEX_POINT('',#4854);
#1193=VERTEX_POINT('',#4856);
#1194=VERTEX_POINT('',#4857);
#1195=VERTEX_POINT('',#4859);
#1196=VERTEX_POINT('',#4861);
#1197=VERTEX_POINT('',#4863);
#1198=VERTEX_POINT('',#4865);
#1199=VERTEX_POINT('',#4867);
#1200=VERTEX_POINT('',#4869);
#1201=VERTEX_POINT('',#4871);
#1202=VERTEX_POINT('',#4873);
#1203=VERTEX_POINT('',#4875);
#1204=VERTEX_POINT('',#4877);
#1205=VERTEX_POINT('',#4879);
#1206=VERTEX_POINT('',#4881);
#1207=VERTEX_POINT('',#4883);
#1208=VERTEX_POINT('',#4885);
#1209=VERTEX_POINT('',#4888);
#1210=VERTEX_POINT('',#4890);
#1211=VERTEX_POINT('',#4892);
#1212=VERTEX_POINT('',#4894);
#1213=VERTEX_POINT('',#4896);
#1214=VERTEX_POINT('',#4898);
#1215=VERTEX_POINT('',#4900);
#1216=VERTEX_POINT('',#4902);
#1217=VERTEX_POINT('',#4906);
#1218=VERTEX_POINT('',#4911);
#1219=VERTEX_POINT('',#4916);
#1220=VERTEX_POINT('',#4921);
#1221=VERTEX_POINT('',#4926);
#1222=VERTEX_POINT('',#4927);
#1223=VERTEX_POINT('',#4929);
#1224=VERTEX_POINT('',#4931);
#1225=VERTEX_POINT('',#4935);
#1226=VERTEX_POINT('',#4937);
#1227=VERTEX_POINT('',#4941);
#1228=VERTEX_POINT('',#4942);
#1229=VERTEX_POINT('',#4947);
#1230=VERTEX_POINT('',#4949);
#1231=VERTEX_POINT('',#4953);
#1232=VERTEX_POINT('',#4954);
#1233=VERTEX_POINT('',#4959);
#1234=VERTEX_POINT('',#4961);
#1235=VERTEX_POINT('',#4965);
#1236=VERTEX_POINT('',#4966);
#1237=VERTEX_POINT('',#4983);
#1238=VERTEX_POINT('',#4984);
#1239=VERTEX_POINT('',#4986);
#1240=VERTEX_POINT('',#4988);
#1241=VERTEX_POINT('',#4990);
#1242=VERTEX_POINT('',#4992);
#1243=VERTEX_POINT('',#4994);
#1244=VERTEX_POINT('',#4996);
#1245=VERTEX_POINT('',#4999);
#1246=VERTEX_POINT('',#5000);
#1247=VERTEX_POINT('',#5002);
#1248=VERTEX_POINT('',#5004);
#1249=VERTEX_POINT('',#5006);
#1250=VERTEX_POINT('',#5008);
#1251=VERTEX_POINT('',#5010);
#1252=VERTEX_POINT('',#5012);
#1253=VERTEX_POINT('',#5014);
#1254=VERTEX_POINT('',#5016);
#1255=VERTEX_POINT('',#5018);
#1256=VERTEX_POINT('',#5020);
#1257=VERTEX_POINT('',#5022);
#1258=VERTEX_POINT('',#5024);
#1259=VERTEX_POINT('',#5035);
#1260=VERTEX_POINT('',#5037);
#1261=VERTEX_POINT('',#5041);
#1262=VERTEX_POINT('',#5045);
#1263=VERTEX_POINT('',#5049);
#1264=VERTEX_POINT('',#5053);
#1265=VERTEX_POINT('',#5057);
#1266=VERTEX_POINT('',#5059);
#1267=VERTEX_POINT('',#5063);
#1268=VERTEX_POINT('',#5065);
#1269=VERTEX_POINT('',#5069);
#1270=VERTEX_POINT('',#5073);
#1271=VERTEX_POINT('',#5077);
#1272=VERTEX_POINT('',#5081);
#1273=VERTEX_POINT('',#5085);
#1274=VERTEX_POINT('',#5089);
#1275=EDGE_CURVE('',#1021,#1022,#959,.T.);
#1276=EDGE_CURVE('',#1021,#1023,#559,.T.);
#1277=EDGE_CURVE('',#1023,#1024,#497,.T.);
#1278=EDGE_CURVE('',#1022,#1024,#560,.T.);
#1279=EDGE_CURVE('',#1022,#1025,#960,.T.);
#1280=EDGE_CURVE('',#1024,#1026,#498,.T.);
#1281=EDGE_CURVE('',#1025,#1026,#561,.T.);
#1282=EDGE_CURVE('',#1025,#1027,#961,.T.);
#1283=EDGE_CURVE('',#1026,#1028,#499,.T.);
#1284=EDGE_CURVE('',#1027,#1028,#562,.T.);
#1285=EDGE_CURVE('',#1027,#1029,#962,.T.);
#1286=EDGE_CURVE('',#1028,#1030,#500,.T.);
#1287=EDGE_CURVE('',#1029,#1030,#563,.T.);
#1288=EDGE_CURVE('',#1031,#1032,#963,.T.);
#1289=EDGE_CURVE('',#1031,#1033,#564,.T.);
#1290=EDGE_CURVE('',#1033,#1034,#501,.T.);
#1291=EDGE_CURVE('',#1032,#1034,#565,.T.);
#1292=EDGE_CURVE('',#1032,#1035,#964,.T.);
#1293=EDGE_CURVE('',#1034,#1036,#502,.T.);
#1294=EDGE_CURVE('',#1035,#1036,#566,.T.);
#1295=EDGE_CURVE('',#1035,#1037,#965,.T.);
#1296=EDGE_CURVE('',#1036,#1038,#503,.T.);
#1297=EDGE_CURVE('',#1037,#1038,#567,.T.);
#1298=EDGE_CURVE('',#1037,#1039,#966,.T.);
#1299=EDGE_CURVE('',#1038,#1040,#504,.T.);
#1300=EDGE_CURVE('',#1039,#1040,#568,.T.);
#1301=EDGE_CURVE('',#1039,#1041,#967,.T.);
#1302=EDGE_CURVE('',#1040,#1042,#505,.T.);
#1303=EDGE_CURVE('',#1041,#1042,#569,.T.);
#1304=EDGE_CURVE('',#1041,#1043,#968,.T.);
#1305=EDGE_CURVE('',#1042,#1044,#506,.T.);
#1306=EDGE_CURVE('',#1043,#1044,#570,.T.);
#1307=EDGE_CURVE('',#1043,#1045,#969,.T.);
#1308=EDGE_CURVE('',#1044,#1046,#507,.T.);
#1309=EDGE_CURVE('',#1045,#1046,#571,.T.);
#1310=EDGE_CURVE('',#1047,#1048,#970,.T.);
#1311=EDGE_CURVE('',#1047,#1049,#572,.T.);
#1312=EDGE_CURVE('',#1049,#1050,#508,.T.);
#1313=EDGE_CURVE('',#1048,#1050,#573,.T.);
#1314=EDGE_CURVE('',#1048,#1051,#971,.T.);
#1315=EDGE_CURVE('',#1050,#1052,#509,.T.);
#1316=EDGE_CURVE('',#1051,#1052,#574,.T.);
#1317=EDGE_CURVE('',#1051,#1053,#972,.T.);
#1318=EDGE_CURVE('',#1052,#1054,#510,.T.);
#1319=EDGE_CURVE('',#1053,#1054,#575,.T.);
#1320=EDGE_CURVE('',#1053,#1055,#973,.T.);
#1321=EDGE_CURVE('',#1054,#1056,#511,.T.);
#1322=EDGE_CURVE('',#1055,#1056,#576,.T.);
#1323=EDGE_CURVE('',#1057,#1058,#974,.T.);
#1324=EDGE_CURVE('',#1057,#1059,#577,.T.);
#1325=EDGE_CURVE('',#1059,#1060,#512,.T.);
#1326=EDGE_CURVE('',#1058,#1060,#578,.T.);
#1327=EDGE_CURVE('',#1058,#1061,#579,.T.);
#1328=EDGE_CURVE('',#1060,#1062,#580,.T.);
#1329=EDGE_CURVE('',#1061,#1062,#581,.T.);
#1330=EDGE_CURVE('',#1061,#1063,#582,.T.);
#1331=EDGE_CURVE('',#1062,#1064,#583,.T.);
#1332=EDGE_CURVE('',#1063,#1064,#584,.T.);
#1333=EDGE_CURVE('',#1063,#1065,#975,.T.);
#1334=EDGE_CURVE('',#1064,#1066,#513,.T.);
#1335=EDGE_CURVE('',#1065,#1066,#585,.T.);
#1336=EDGE_CURVE('',#1065,#1067,#976,.T.);
#1337=EDGE_CURVE('',#1066,#1068,#514,.T.);
#1338=EDGE_CURVE('',#1067,#1068,#586,.T.);
#1339=EDGE_CURVE('',#1067,#1069,#977,.T.);
#1340=EDGE_CURVE('',#1068,#1070,#515,.T.);
#1341=EDGE_CURVE('',#1069,#1070,#587,.T.);
#1342=EDGE_CURVE('',#1069,#1071,#978,.T.);
#1343=EDGE_CURVE('',#1070,#1072,#516,.T.);
#1344=EDGE_CURVE('',#1071,#1072,#588,.T.);
#1345=EDGE_CURVE('',#1071,#1073,#979,.T.);
#1346=EDGE_CURVE('',#1072,#1074,#517,.T.);
#1347=EDGE_CURVE('',#1073,#1074,#589,.T.);
#1348=EDGE_CURVE('',#1073,#1075,#980,.T.);
#1349=EDGE_CURVE('',#1074,#1076,#518,.T.);
#1350=EDGE_CURVE('',#1075,#1076,#590,.T.);
#1351=EDGE_CURVE('',#1075,#1077,#981,.T.);
#1352=EDGE_CURVE('',#1076,#1078,#519,.T.);
#1353=EDGE_CURVE('',#1077,#1078,#591,.T.);
#1354=EDGE_CURVE('',#1077,#1079,#982,.T.);
#1355=EDGE_CURVE('',#1078,#1080,#520,.T.);
#1356=EDGE_CURVE('',#1079,#1080,#592,.T.);
#1357=EDGE_CURVE('',#1079,#1081,#983,.T.);
#1358=EDGE_CURVE('',#1080,#1082,#521,.T.);
#1359=EDGE_CURVE('',#1081,#1082,#593,.T.);
#1360=EDGE_CURVE('',#1081,#1083,#984,.T.);
#1361=EDGE_CURVE('',#1082,#1084,#522,.T.);
#1362=EDGE_CURVE('',#1083,#1084,#594,.T.);
#1363=EDGE_CURVE('',#1083,#1085,#985,.T.);
#1364=EDGE_CURVE('',#1084,#1086,#523,.T.);
#1365=EDGE_CURVE('',#1085,#1086,#595,.T.);
#1366=EDGE_CURVE('',#1085,#1087,#986,.T.);
#1367=EDGE_CURVE('',#1086,#1088,#524,.T.);
#1368=EDGE_CURVE('',#1087,#1088,#596,.T.);
#1369=EDGE_CURVE('',#1087,#1089,#987,.T.);
#1370=EDGE_CURVE('',#1088,#1090,#525,.T.);
#1371=EDGE_CURVE('',#1089,#1090,#597,.T.);
#1372=EDGE_CURVE('',#1089,#1091,#988,.T.);
#1373=EDGE_CURVE('',#1090,#1092,#526,.T.);
#1374=EDGE_CURVE('',#1091,#1092,#598,.T.);
#1375=EDGE_CURVE('',#1091,#1093,#989,.T.);
#1376=EDGE_CURVE('',#1092,#1094,#527,.T.);
#1377=EDGE_CURVE('',#1093,#1094,#599,.T.);
#1378=EDGE_CURVE('',#1093,#1095,#600,.T.);
#1379=EDGE_CURVE('',#1094,#1096,#601,.T.);
#1380=EDGE_CURVE('',#1095,#1096,#602,.T.);
#1381=EDGE_CURVE('',#1095,#1097,#603,.T.);
#1382=EDGE_CURVE('',#1096,#1098,#604,.T.);
#1383=EDGE_CURVE('',#1097,#1098,#605,.T.);
#1384=EDGE_CURVE('',#1097,#1099,#990,.T.);
#1385=EDGE_CURVE('',#1098,#1100,#528,.T.);
#1386=EDGE_CURVE('',#1099,#1100,#606,.T.);
#1387=EDGE_CURVE('',#1099,#1101,#991,.T.);
#1388=EDGE_CURVE('',#1100,#1102,#529,.T.);
#1389=EDGE_CURVE('',#1101,#1102,#607,.T.);
#1390=EDGE_CURVE('',#1029,#1103,#992,.T.);
#1391=EDGE_CURVE('',#1030,#1104,#530,.T.);
#1392=EDGE_CURVE('',#1103,#1104,#608,.T.);
#1393=EDGE_CURVE('',#1105,#1021,#993,.T.);
#1394=EDGE_CURVE('',#1105,#1106,#609,.T.);
#1395=EDGE_CURVE('',#1106,#1023,#531,.T.);
#1396=EDGE_CURVE('',#1107,#1105,#994,.T.);
#1397=EDGE_CURVE('',#1107,#1108,#610,.T.);
#1398=EDGE_CURVE('',#1108,#1106,#532,.T.);
#1399=EDGE_CURVE('',#1103,#1107,#995,.T.);
#1400=EDGE_CURVE('',#1104,#1108,#533,.T.);
#1401=EDGE_CURVE('',#1045,#1109,#996,.T.);
#1402=EDGE_CURVE('',#1046,#1110,#534,.T.);
#1403=EDGE_CURVE('',#1109,#1110,#611,.T.);
#1404=EDGE_CURVE('',#1111,#1031,#997,.T.);
#1405=EDGE_CURVE('',#1111,#1112,#612,.T.);
#1406=EDGE_CURVE('',#1112,#1033,#535,.T.);
#1407=EDGE_CURVE('',#1113,#1111,#998,.T.);
#1408=EDGE_CURVE('',#1113,#1114,#613,.T.);
#1409=EDGE_CURVE('',#1114,#1112,#536,.T.);
#1410=EDGE_CURVE('',#1115,#1113,#999,.T.);
#1411=EDGE_CURVE('',#1115,#1116,#614,.T.);
#1412=EDGE_CURVE('',#1116,#1114,#537,.T.);
#1413=EDGE_CURVE('',#1117,#1115,#1000,.T.);
#1414=EDGE_CURVE('',#1117,#1118,#615,.T.);
#1415=EDGE_CURVE('',#1118,#1116,#538,.T.);
#1416=EDGE_CURVE('',#1119,#1117,#1001,.T.);
#1417=EDGE_CURVE('',#1119,#1120,#616,.T.);
#1418=EDGE_CURVE('',#1120,#1118,#539,.T.);
#1419=EDGE_CURVE('',#1109,#1119,#1002,.T.);
#1420=EDGE_CURVE('',#1110,#1120,#540,.T.);
#1421=EDGE_CURVE('',#1055,#1121,#1003,.T.);
#1422=EDGE_CURVE('',#1056,#1122,#541,.T.);
#1423=EDGE_CURVE('',#1121,#1122,#617,.T.);
#1424=EDGE_CURVE('',#1123,#1047,#1004,.T.);
#1425=EDGE_CURVE('',#1123,#1124,#618,.T.);
#1426=EDGE_CURVE('',#1124,#1049,#542,.T.);
#1427=EDGE_CURVE('',#1125,#1123,#1005,.T.);
#1428=EDGE_CURVE('',#1125,#1126,#619,.T.);
#1429=EDGE_CURVE('',#1126,#1124,#543,.T.);
#1430=EDGE_CURVE('',#1121,#1125,#1006,.T.);
#1431=EDGE_CURVE('',#1122,#1126,#544,.T.);
#1432=EDGE_CURVE('',#1101,#1127,#1007,.T.);
#1433=EDGE_CURVE('',#1102,#1128,#545,.T.);
#1434=EDGE_CURVE('',#1127,#1128,#620,.T.);
#1435=EDGE_CURVE('',#1129,#1057,#1008,.T.);
#1436=EDGE_CURVE('',#1129,#1130,#621,.T.);
#1437=EDGE_CURVE('',#1130,#1059,#546,.T.);
#1438=EDGE_CURVE('',#1131,#1129,#1009,.T.);
#1439=EDGE_CURVE('',#1131,#1132,#622,.T.);
#1440=EDGE_CURVE('',#1132,#1130,#547,.T.);
#1441=EDGE_CURVE('',#1133,#1131,#1010,.T.);
#1442=EDGE_CURVE('',#1133,#1134,#623,.T.);
#1443=EDGE_CURVE('',#1134,#1132,#548,.T.);
#1444=EDGE_CURVE('',#1135,#1133,#1011,.T.);
#1445=EDGE_CURVE('',#1135,#1136,#624,.T.);
#1446=EDGE_CURVE('',#1136,#1134,#549,.T.);
#1447=EDGE_CURVE('',#1137,#1135,#625,.T.);
#1448=EDGE_CURVE('',#1137,#1138,#626,.T.);
#1449=EDGE_CURVE('',#1138,#1136,#627,.T.);
#1450=EDGE_CURVE('',#1139,#1137,#628,.T.);
#1451=EDGE_CURVE('',#1139,#1140,#629,.T.);
#1452=EDGE_CURVE('',#1140,#1138,#630,.T.);
#1453=EDGE_CURVE('',#1141,#1139,#1012,.T.);
#1454=EDGE_CURVE('',#1141,#1142,#631,.T.);
#1455=EDGE_CURVE('',#1142,#1140,#550,.T.);
#1456=EDGE_CURVE('',#1143,#1141,#632,.T.);
#1457=EDGE_CURVE('',#1143,#1144,#633,.T.);
#1458=EDGE_CURVE('',#1144,#1142,#634,.T.);
#1459=EDGE_CURVE('',#1145,#1143,#635,.T.);
#1460=EDGE_CURVE('',#1145,#1146,#636,.T.);
#1461=EDGE_CURVE('',#1146,#1144,#637,.T.);
#1462=EDGE_CURVE('',#1147,#1145,#1013,.T.);
#1463=EDGE_CURVE('',#1147,#1148,#638,.T.);
#1464=EDGE_CURVE('',#1148,#1146,#551,.T.);
#1465=EDGE_CURVE('',#1149,#1147,#1014,.T.);
#1466=EDGE_CURVE('',#1149,#1150,#639,.T.);
#1467=EDGE_CURVE('',#1150,#1148,#552,.T.);
#1468=EDGE_CURVE('',#1151,#1149,#1015,.T.);
#1469=EDGE_CURVE('',#1151,#1152,#640,.T.);
#1470=EDGE_CURVE('',#1152,#1150,#553,.T.);
#1471=EDGE_CURVE('',#1153,#1151,#1016,.T.);
#1472=EDGE_CURVE('',#1153,#1154,#641,.T.);
#1473=EDGE_CURVE('',#1154,#1152,#554,.T.);
#1474=EDGE_CURVE('',#1155,#1153,#1017,.T.);
#1475=EDGE_CURVE('',#1155,#1156,#642,.T.);
#1476=EDGE_CURVE('',#1156,#1154,#555,.T.);
#1477=EDGE_CURVE('',#1157,#1155,#643,.T.);
#1478=EDGE_CURVE('',#1157,#1158,#644,.T.);
#1479=EDGE_CURVE('',#1158,#1156,#645,.T.);
#1480=EDGE_CURVE('',#1159,#1157,#646,.T.);
#1481=EDGE_CURVE('',#1159,#1160,#647,.T.);
#1482=EDGE_CURVE('',#1160,#1158,#648,.T.);
#1483=EDGE_CURVE('',#1161,#1159,#1018,.T.);
#1484=EDGE_CURVE('',#1161,#1162,#649,.T.);
#1485=EDGE_CURVE('',#1162,#1160,#556,.T.);
#1486=EDGE_CURVE('',#1163,#1161,#650,.T.);
#1487=EDGE_CURVE('',#1163,#1164,#651,.T.);
#1488=EDGE_CURVE('',#1164,#1162,#652,.T.);
#1489=EDGE_CURVE('',#1165,#1163,#653,.T.);
#1490=EDGE_CURVE('',#1165,#1166,#654,.T.);
#1491=EDGE_CURVE('',#1166,#1164,#655,.T.);
#1492=EDGE_CURVE('',#1167,#1165,#1019,.T.);
#1493=EDGE_CURVE('',#1167,#1168,#656,.T.);
#1494=EDGE_CURVE('',#1168,#1166,#557,.T.);
#1495=EDGE_CURVE('',#1127,#1167,#1020,.T.);
#1496=EDGE_CURVE('',#1128,#1168,#558,.T.);
#1497=EDGE_CURVE('',#1169,#1170,#657,.T.);
#1498=EDGE_CURVE('',#1169,#1171,#658,.T.);
#1499=EDGE_CURVE('',#1171,#1172,#659,.T.);
#1500=EDGE_CURVE('',#1170,#1172,#660,.T.);
#1501=EDGE_CURVE('',#1173,#1169,#27,.T.);
#1502=EDGE_CURVE('',#1173,#1174,#661,.T.);
#1503=EDGE_CURVE('',#1174,#1171,#28,.T.);
#1504=EDGE_CURVE('',#1175,#1173,#662,.T.);
#1505=EDGE_CURVE('',#1175,#1176,#663,.T.);
#1506=EDGE_CURVE('',#1176,#1174,#664,.T.);
#1507=EDGE_CURVE('',#1177,#1175,#29,.T.);
#1508=EDGE_CURVE('',#1177,#1178,#665,.T.);
#1509=EDGE_CURVE('',#1178,#1176,#30,.T.);
#1510=EDGE_CURVE('',#1179,#1177,#666,.T.);
#1511=EDGE_CURVE('',#1180,#1179,#667,.T.);
#1512=EDGE_CURVE('',#1180,#1178,#668,.T.);
#1513=EDGE_CURVE('',#1172,#1180,#669,.T.);
#1514=EDGE_CURVE('',#1181,#1182,#31,.T.);
#1515=EDGE_CURVE('',#1181,#1183,#670,.T.);
#1516=EDGE_CURVE('',#1184,#1183,#32,.T.);
#1517=EDGE_CURVE('',#1184,#1185,#671,.T.);
#1518=EDGE_CURVE('',#1186,#1185,#33,.T.);
#1519=EDGE_CURVE('',#1186,#1187,#672,.T.);
#1520=EDGE_CURVE('',#1188,#1187,#34,.T.);
#1521=EDGE_CURVE('',#1188,#1182,#673,.T.);
#1522=EDGE_CURVE('',#1189,#1189,#35,.T.);
#1523=EDGE_CURVE('',#1190,#1190,#36,.T.);
#1524=EDGE_CURVE('',#1191,#1191,#37,.T.);
#1525=EDGE_CURVE('',#1192,#1192,#38,.T.);
#1526=EDGE_CURVE('',#1193,#1194,#39,.T.);
#1527=EDGE_CURVE('',#1195,#1193,#674,.T.);
#1528=EDGE_CURVE('',#1196,#1195,#40,.T.);
#1529=EDGE_CURVE('',#1197,#1196,#675,.T.);
#1530=EDGE_CURVE('',#1198,#1197,#41,.T.);
#1531=EDGE_CURVE('',#1199,#1198,#676,.T.);
#1532=EDGE_CURVE('',#1200,#1199,#42,.T.);
#1533=EDGE_CURVE('',#1201,#1200,#677,.T.);
#1534=EDGE_CURVE('',#1202,#1201,#43,.T.);
#1535=EDGE_CURVE('',#1203,#1202,#678,.T.);
#1536=EDGE_CURVE('',#1204,#1203,#44,.T.);
#1537=EDGE_CURVE('',#1205,#1204,#679,.T.);
#1538=EDGE_CURVE('',#1206,#1205,#45,.T.);
#1539=EDGE_CURVE('',#1207,#1206,#680,.T.);
#1540=EDGE_CURVE('',#1208,#1207,#46,.T.);
#1541=EDGE_CURVE('',#1194,#1208,#681,.T.);
#1542=EDGE_CURVE('',#1209,#1170,#682,.T.);
#1543=EDGE_CURVE('',#1210,#1209,#47,.T.);
#1544=EDGE_CURVE('',#1211,#1210,#683,.T.);
#1545=EDGE_CURVE('',#1212,#1211,#48,.T.);
#1546=EDGE_CURVE('',#1213,#1212,#684,.T.);
#1547=EDGE_CURVE('',#1214,#1213,#49,.T.);
#1548=EDGE_CURVE('',#1215,#1214,#685,.T.);
#1549=EDGE_CURVE('',#1216,#1215,#50,.T.);
#1550=EDGE_CURVE('',#1179,#1216,#686,.T.);
#1551=EDGE_CURVE('',#1189,#1217,#687,.T.);
#1552=EDGE_CURVE('',#1217,#1217,#51,.T.);
#1553=EDGE_CURVE('',#1190,#1218,#688,.T.);
#1554=EDGE_CURVE('',#1218,#1218,#52,.T.);
#1555=EDGE_CURVE('',#1191,#1219,#689,.T.);
#1556=EDGE_CURVE('',#1219,#1219,#53,.T.);
#1557=EDGE_CURVE('',#1192,#1220,#690,.T.);
#1558=EDGE_CURVE('',#1220,#1220,#54,.T.);
#1559=EDGE_CURVE('',#1221,#1222,#691,.T.);
#1560=EDGE_CURVE('',#1222,#1223,#692,.T.);
#1561=EDGE_CURVE('',#1223,#1224,#693,.T.);
#1562=EDGE_CURVE('',#1224,#1221,#694,.T.);
#1563=EDGE_CURVE('',#1221,#1225,#55,.T.);
#1564=EDGE_CURVE('',#1225,#1226,#695,.T.);
#1565=EDGE_CURVE('',#1226,#1222,#56,.T.);
#1566=EDGE_CURVE('',#1227,#1228,#696,.T.);
#1567=EDGE_CURVE('',#1228,#1226,#697,.T.);
#1568=EDGE_CURVE('',#1225,#1227,#698,.T.);
#1569=EDGE_CURVE('',#1227,#1229,#57,.T.);
#1570=EDGE_CURVE('',#1229,#1230,#699,.T.);
#1571=EDGE_CURVE('',#1230,#1228,#58,.T.);
#1572=EDGE_CURVE('',#1231,#1232,#700,.T.);
#1573=EDGE_CURVE('',#1232,#1230,#701,.T.);
#1574=EDGE_CURVE('',#1229,#1231,#702,.T.);
#1575=EDGE_CURVE('',#1231,#1233,#59,.T.);
#1576=EDGE_CURVE('',#1233,#1234,#703,.T.);
#1577=EDGE_CURVE('',#1234,#1232,#60,.T.);
#1578=EDGE_CURVE('',#1235,#1236,#704,.T.);
#1579=EDGE_CURVE('',#1236,#1234,#705,.T.);
#1580=EDGE_CURVE('',#1233,#1235,#706,.T.);
#1581=EDGE_CURVE('',#1235,#1224,#61,.T.);
#1582=EDGE_CURVE('',#1223,#1236,#62,.T.);
#1583=EDGE_CURVE('',#1227,#1181,#707,.T.);
#1584=EDGE_CURVE('',#1182,#1229,#708,.T.);
#1585=EDGE_CURVE('',#1183,#1225,#709,.T.);
#1586=EDGE_CURVE('',#1221,#1184,#710,.T.);
#1587=EDGE_CURVE('',#1185,#1224,#711,.T.);
#1588=EDGE_CURVE('',#1237,#1238,#63,.T.);
#1589=EDGE_CURVE('',#1238,#1239,#712,.T.);
#1590=EDGE_CURVE('',#1239,#1240,#64,.T.);
#1591=EDGE_CURVE('',#1240,#1241,#713,.T.);
#1592=EDGE_CURVE('',#1241,#1242,#65,.T.);
#1593=EDGE_CURVE('',#1242,#1243,#714,.T.);
#1594=EDGE_CURVE('',#1243,#1244,#66,.T.);
#1595=EDGE_CURVE('',#1244,#1237,#715,.T.);
#1596=EDGE_CURVE('',#1245,#1246,#716,.T.);
#1597=EDGE_CURVE('',#1247,#1245,#67,.T.);
#1598=EDGE_CURVE('',#1248,#1247,#717,.T.);
#1599=EDGE_CURVE('',#1249,#1248,#68,.T.);
#1600=EDGE_CURVE('',#1250,#1249,#718,.T.);
#1601=EDGE_CURVE('',#1251,#1250,#719,.T.);
#1602=EDGE_CURVE('',#1252,#1251,#69,.T.);
#1603=EDGE_CURVE('',#1253,#1252,#720,.T.);
#1604=EDGE_CURVE('',#1254,#1253,#70,.T.);
#1605=EDGE_CURVE('',#1255,#1254,#721,.T.);
#1606=EDGE_CURVE('',#1256,#1255,#71,.T.);
#1607=EDGE_CURVE('',#1257,#1256,#722,.T.);
#1608=EDGE_CURVE('',#1258,#1257,#72,.T.);
#1609=EDGE_CURVE('',#1246,#1258,#723,.T.);
#1610=EDGE_CURVE('',#1231,#1188,#724,.T.);
#1611=EDGE_CURVE('',#1187,#1233,#725,.T.);
#1612=EDGE_CURVE('',#1235,#1186,#726,.T.);
#1613=EDGE_CURVE('',#1246,#1259,#73,.T.);
#1614=EDGE_CURVE('',#1259,#1260,#727,.T.);
#1615=EDGE_CURVE('',#1260,#1245,#74,.T.);
#1616=EDGE_CURVE('',#1261,#1247,#75,.T.);
#1617=EDGE_CURVE('',#1260,#1261,#76,.T.);
#1618=EDGE_CURVE('',#1262,#1248,#77,.T.);
#1619=EDGE_CURVE('',#1261,#1262,#728,.T.);
#1620=EDGE_CURVE('',#1263,#1249,#78,.T.);
#1621=EDGE_CURVE('',#1262,#1263,#79,.T.);
#1622=EDGE_CURVE('',#1264,#1250,#80,.T.);
#1623=EDGE_CURVE('',#1263,#1264,#729,.T.);
#1624=EDGE_CURVE('',#1258,#1265,#81,.T.);
#1625=EDGE_CURVE('',#1265,#1266,#730,.T.);
#1626=EDGE_CURVE('',#1266,#1246,#82,.T.);
#1627=EDGE_CURVE('',#1250,#1267,#83,.T.);
#1628=EDGE_CURVE('',#1267,#1268,#731,.T.);
#1629=EDGE_CURVE('',#1268,#1251,#84,.T.);
#1630=EDGE_CURVE('',#1269,#1252,#85,.T.);
#1631=EDGE_CURVE('',#1268,#1269,#86,.T.);
#1632=EDGE_CURVE('',#1270,#1253,#87,.T.);
#1633=EDGE_CURVE('',#1269,#1270,#732,.T.);
#1634=EDGE_CURVE('',#1271,#1254,#88,.T.);
#1635=EDGE_CURVE('',#1270,#1271,#89,.T.);
#1636=EDGE_CURVE('',#1272,#1255,#90,.T.);
#1637=EDGE_CURVE('',#1271,#1272,#733,.T.);
#1638=EDGE_CURVE('',#1273,#1256,#91,.T.);
#1639=EDGE_CURVE('',#1272,#1273,#92,.T.);
#1640=EDGE_CURVE('',#1274,#1257,#93,.T.);
#1641=EDGE_CURVE('',#1273,#1274,#734,.T.);
#1642=EDGE_CURVE('',#1274,#1265,#94,.T.);
#1643=EDGE_CURVE('',#1266,#1259,#95,.T.);
#1644=EDGE_CURVE('',#1264,#1267,#96,.T.);
#1645=EDGE_CURVE('',#1274,#1202,#735,.T.);
#1646=EDGE_CURVE('',#1201,#1265,#736,.T.);
#1647=EDGE_CURVE('',#1203,#1273,#737,.T.);
#1648=EDGE_CURVE('',#1272,#1204,#738,.T.);
#1649=EDGE_CURVE('',#1205,#1271,#739,.T.);
#1650=EDGE_CURVE('',#1270,#1206,#740,.T.);
#1651=EDGE_CURVE('',#1207,#1269,#741,.T.);
#1652=EDGE_CURVE('',#1268,#1208,#742,.T.);
#1653=EDGE_CURVE('',#1194,#1267,#743,.T.);
#1654=EDGE_CURVE('',#1266,#1200,#744,.T.);
#1655=EDGE_CURVE('',#1264,#1193,#745,.T.);
#1656=EDGE_CURVE('',#1195,#1263,#746,.T.);
#1657=EDGE_CURVE('',#1199,#1259,#747,.T.);
#1658=EDGE_CURVE('',#1260,#1198,#748,.T.);
#1659=EDGE_CURVE('',#1262,#1196,#749,.T.);
#1660=EDGE_CURVE('',#1197,#1261,#750,.T.);
#1661=EDGE_CURVE('',#1210,#1237,#751,.T.);
#1662=EDGE_CURVE('',#1211,#1244,#752,.T.);
#1663=EDGE_CURVE('',#1212,#1243,#753,.T.);
#1664=EDGE_CURVE('',#1213,#1242,#754,.T.);
#1665=EDGE_CURVE('',#1214,#1241,#755,.T.);
#1666=EDGE_CURVE('',#1215,#1240,#756,.T.);
#1667=EDGE_CURVE('',#1216,#1239,#757,.T.);
#1668=EDGE_CURVE('',#1209,#1238,#758,.T.);
#1669=ORIENTED_EDGE('',*,*,#1275,.F.);
#1670=ORIENTED_EDGE('',*,*,#1276,.T.);
#1671=ORIENTED_EDGE('',*,*,#1277,.T.);
#1672=ORIENTED_EDGE('',*,*,#1278,.F.);
#1673=ORIENTED_EDGE('',*,*,#1279,.F.);
#1674=ORIENTED_EDGE('',*,*,#1278,.T.);
#1675=ORIENTED_EDGE('',*,*,#1280,.T.);
#1676=ORIENTED_EDGE('',*,*,#1281,.F.);
#1677=ORIENTED_EDGE('',*,*,#1282,.F.);
#1678=ORIENTED_EDGE('',*,*,#1281,.T.);
#1679=ORIENTED_EDGE('',*,*,#1283,.T.);
#1680=ORIENTED_EDGE('',*,*,#1284,.F.);
#1681=ORIENTED_EDGE('',*,*,#1285,.F.);
#1682=ORIENTED_EDGE('',*,*,#1284,.T.);
#1683=ORIENTED_EDGE('',*,*,#1286,.T.);
#1684=ORIENTED_EDGE('',*,*,#1287,.F.);
#1685=ORIENTED_EDGE('',*,*,#1288,.F.);
#1686=ORIENTED_EDGE('',*,*,#1289,.T.);
#1687=ORIENTED_EDGE('',*,*,#1290,.T.);
#1688=ORIENTED_EDGE('',*,*,#1291,.F.);
#1689=ORIENTED_EDGE('',*,*,#1292,.F.);
#1690=ORIENTED_EDGE('',*,*,#1291,.T.);
#1691=ORIENTED_EDGE('',*,*,#1293,.T.);
#1692=ORIENTED_EDGE('',*,*,#1294,.F.);
#1693=ORIENTED_EDGE('',*,*,#1295,.F.);
#1694=ORIENTED_EDGE('',*,*,#1294,.T.);
#1695=ORIENTED_EDGE('',*,*,#1296,.T.);
#1696=ORIENTED_EDGE('',*,*,#1297,.F.);
#1697=ORIENTED_EDGE('',*,*,#1298,.F.);
#1698=ORIENTED_EDGE('',*,*,#1297,.T.);
#1699=ORIENTED_EDGE('',*,*,#1299,.T.);
#1700=ORIENTED_EDGE('',*,*,#1300,.F.);
#1701=ORIENTED_EDGE('',*,*,#1301,.F.);
#1702=ORIENTED_EDGE('',*,*,#1300,.T.);
#1703=ORIENTED_EDGE('',*,*,#1302,.T.);
#1704=ORIENTED_EDGE('',*,*,#1303,.F.);
#1705=ORIENTED_EDGE('',*,*,#1304,.F.);
#1706=ORIENTED_EDGE('',*,*,#1303,.T.);
#1707=ORIENTED_EDGE('',*,*,#1305,.T.);
#1708=ORIENTED_EDGE('',*,*,#1306,.F.);
#1709=ORIENTED_EDGE('',*,*,#1307,.F.);
#1710=ORIENTED_EDGE('',*,*,#1306,.T.);
#1711=ORIENTED_EDGE('',*,*,#1308,.T.);
#1712=ORIENTED_EDGE('',*,*,#1309,.F.);
#1713=ORIENTED_EDGE('',*,*,#1310,.F.);
#1714=ORIENTED_EDGE('',*,*,#1311,.T.);
#1715=ORIENTED_EDGE('',*,*,#1312,.T.);
#1716=ORIENTED_EDGE('',*,*,#1313,.F.);
#1717=ORIENTED_EDGE('',*,*,#1314,.F.);
#1718=ORIENTED_EDGE('',*,*,#1313,.T.);
#1719=ORIENTED_EDGE('',*,*,#1315,.T.);
#1720=ORIENTED_EDGE('',*,*,#1316,.F.);
#1721=ORIENTED_EDGE('',*,*,#1317,.F.);
#1722=ORIENTED_EDGE('',*,*,#1316,.T.);
#1723=ORIENTED_EDGE('',*,*,#1318,.T.);
#1724=ORIENTED_EDGE('',*,*,#1319,.F.);
#1725=ORIENTED_EDGE('',*,*,#1320,.F.);
#1726=ORIENTED_EDGE('',*,*,#1319,.T.);
#1727=ORIENTED_EDGE('',*,*,#1321,.T.);
#1728=ORIENTED_EDGE('',*,*,#1322,.F.);
#1729=ORIENTED_EDGE('',*,*,#1323,.F.);
#1730=ORIENTED_EDGE('',*,*,#1324,.T.);
#1731=ORIENTED_EDGE('',*,*,#1325,.T.);
#1732=ORIENTED_EDGE('',*,*,#1326,.F.);
#1733=ORIENTED_EDGE('',*,*,#1327,.F.);
#1734=ORIENTED_EDGE('',*,*,#1326,.T.);
#1735=ORIENTED_EDGE('',*,*,#1328,.T.);
#1736=ORIENTED_EDGE('',*,*,#1329,.F.);
#1737=ORIENTED_EDGE('',*,*,#1330,.F.);
#1738=ORIENTED_EDGE('',*,*,#1329,.T.);
#1739=ORIENTED_EDGE('',*,*,#1331,.T.);
#1740=ORIENTED_EDGE('',*,*,#1332,.F.);
#1741=ORIENTED_EDGE('',*,*,#1333,.F.);
#1742=ORIENTED_EDGE('',*,*,#1332,.T.);
#1743=ORIENTED_EDGE('',*,*,#1334,.T.);
#1744=ORIENTED_EDGE('',*,*,#1335,.F.);
#1745=ORIENTED_EDGE('',*,*,#1336,.F.);
#1746=ORIENTED_EDGE('',*,*,#1335,.T.);
#1747=ORIENTED_EDGE('',*,*,#1337,.T.);
#1748=ORIENTED_EDGE('',*,*,#1338,.F.);
#1749=ORIENTED_EDGE('',*,*,#1339,.F.);
#1750=ORIENTED_EDGE('',*,*,#1338,.T.);
#1751=ORIENTED_EDGE('',*,*,#1340,.T.);
#1752=ORIENTED_EDGE('',*,*,#1341,.F.);
#1753=ORIENTED_EDGE('',*,*,#1342,.F.);
#1754=ORIENTED_EDGE('',*,*,#1341,.T.);
#1755=ORIENTED_EDGE('',*,*,#1343,.T.);
#1756=ORIENTED_EDGE('',*,*,#1344,.F.);
#1757=ORIENTED_EDGE('',*,*,#1345,.F.);
#1758=ORIENTED_EDGE('',*,*,#1344,.T.);
#1759=ORIENTED_EDGE('',*,*,#1346,.T.);
#1760=ORIENTED_EDGE('',*,*,#1347,.F.);
#1761=ORIENTED_EDGE('',*,*,#1348,.F.);
#1762=ORIENTED_EDGE('',*,*,#1347,.T.);
#1763=ORIENTED_EDGE('',*,*,#1349,.T.);
#1764=ORIENTED_EDGE('',*,*,#1350,.F.);
#1765=ORIENTED_EDGE('',*,*,#1351,.F.);
#1766=ORIENTED_EDGE('',*,*,#1350,.T.);
#1767=ORIENTED_EDGE('',*,*,#1352,.T.);
#1768=ORIENTED_EDGE('',*,*,#1353,.F.);
#1769=ORIENTED_EDGE('',*,*,#1354,.F.);
#1770=ORIENTED_EDGE('',*,*,#1353,.T.);
#1771=ORIENTED_EDGE('',*,*,#1355,.T.);
#1772=ORIENTED_EDGE('',*,*,#1356,.F.);
#1773=ORIENTED_EDGE('',*,*,#1357,.F.);
#1774=ORIENTED_EDGE('',*,*,#1356,.T.);
#1775=ORIENTED_EDGE('',*,*,#1358,.T.);
#1776=ORIENTED_EDGE('',*,*,#1359,.F.);
#1777=ORIENTED_EDGE('',*,*,#1360,.F.);
#1778=ORIENTED_EDGE('',*,*,#1359,.T.);
#1779=ORIENTED_EDGE('',*,*,#1361,.T.);
#1780=ORIENTED_EDGE('',*,*,#1362,.F.);
#1781=ORIENTED_EDGE('',*,*,#1363,.F.);
#1782=ORIENTED_EDGE('',*,*,#1362,.T.);
#1783=ORIENTED_EDGE('',*,*,#1364,.T.);
#1784=ORIENTED_EDGE('',*,*,#1365,.F.);
#1785=ORIENTED_EDGE('',*,*,#1366,.F.);
#1786=ORIENTED_EDGE('',*,*,#1365,.T.);
#1787=ORIENTED_EDGE('',*,*,#1367,.T.);
#1788=ORIENTED_EDGE('',*,*,#1368,.F.);
#1789=ORIENTED_EDGE('',*,*,#1369,.F.);
#1790=ORIENTED_EDGE('',*,*,#1368,.T.);
#1791=ORIENTED_EDGE('',*,*,#1370,.T.);
#1792=ORIENTED_EDGE('',*,*,#1371,.F.);
#1793=ORIENTED_EDGE('',*,*,#1372,.F.);
#1794=ORIENTED_EDGE('',*,*,#1371,.T.);
#1795=ORIENTED_EDGE('',*,*,#1373,.T.);
#1796=ORIENTED_EDGE('',*,*,#1374,.F.);
#1797=ORIENTED_EDGE('',*,*,#1375,.F.);
#1798=ORIENTED_EDGE('',*,*,#1374,.T.);
#1799=ORIENTED_EDGE('',*,*,#1376,.T.);
#1800=ORIENTED_EDGE('',*,*,#1377,.F.);
#1801=ORIENTED_EDGE('',*,*,#1378,.F.);
#1802=ORIENTED_EDGE('',*,*,#1377,.T.);
#1803=ORIENTED_EDGE('',*,*,#1379,.T.);
#1804=ORIENTED_EDGE('',*,*,#1380,.F.);
#1805=ORIENTED_EDGE('',*,*,#1381,.F.);
#1806=ORIENTED_EDGE('',*,*,#1380,.T.);
#1807=ORIENTED_EDGE('',*,*,#1382,.T.);
#1808=ORIENTED_EDGE('',*,*,#1383,.F.);
#1809=ORIENTED_EDGE('',*,*,#1384,.F.);
#1810=ORIENTED_EDGE('',*,*,#1383,.T.);
#1811=ORIENTED_EDGE('',*,*,#1385,.T.);
#1812=ORIENTED_EDGE('',*,*,#1386,.F.);
#1813=ORIENTED_EDGE('',*,*,#1387,.F.);
#1814=ORIENTED_EDGE('',*,*,#1386,.T.);
#1815=ORIENTED_EDGE('',*,*,#1388,.T.);
#1816=ORIENTED_EDGE('',*,*,#1389,.F.);
#1817=ORIENTED_EDGE('',*,*,#1390,.F.);
#1818=ORIENTED_EDGE('',*,*,#1287,.T.);
#1819=ORIENTED_EDGE('',*,*,#1391,.T.);
#1820=ORIENTED_EDGE('',*,*,#1392,.F.);
#1821=ORIENTED_EDGE('',*,*,#1393,.F.);
#1822=ORIENTED_EDGE('',*,*,#1394,.T.);
#1823=ORIENTED_EDGE('',*,*,#1395,.T.);
#1824=ORIENTED_EDGE('',*,*,#1276,.F.);
#1825=ORIENTED_EDGE('',*,*,#1396,.F.);
#1826=ORIENTED_EDGE('',*,*,#1397,.T.);
#1827=ORIENTED_EDGE('',*,*,#1398,.T.);
#1828=ORIENTED_EDGE('',*,*,#1394,.F.);
#1829=ORIENTED_EDGE('',*,*,#1399,.F.);
#1830=ORIENTED_EDGE('',*,*,#1392,.T.);
#1831=ORIENTED_EDGE('',*,*,#1400,.T.);
#1832=ORIENTED_EDGE('',*,*,#1397,.F.);
#1833=ORIENTED_EDGE('',*,*,#1401,.F.);
#1834=ORIENTED_EDGE('',*,*,#1309,.T.);
#1835=ORIENTED_EDGE('',*,*,#1402,.T.);
#1836=ORIENTED_EDGE('',*,*,#1403,.F.);
#1837=ORIENTED_EDGE('',*,*,#1404,.F.);
#1838=ORIENTED_EDGE('',*,*,#1405,.T.);
#1839=ORIENTED_EDGE('',*,*,#1406,.T.);
#1840=ORIENTED_EDGE('',*,*,#1289,.F.);
#1841=ORIENTED_EDGE('',*,*,#1407,.F.);
#1842=ORIENTED_EDGE('',*,*,#1408,.T.);
#1843=ORIENTED_EDGE('',*,*,#1409,.T.);
#1844=ORIENTED_EDGE('',*,*,#1405,.F.);
#1845=ORIENTED_EDGE('',*,*,#1410,.F.);
#1846=ORIENTED_EDGE('',*,*,#1411,.T.);
#1847=ORIENTED_EDGE('',*,*,#1412,.T.);
#1848=ORIENTED_EDGE('',*,*,#1408,.F.);
#1849=ORIENTED_EDGE('',*,*,#1413,.F.);
#1850=ORIENTED_EDGE('',*,*,#1414,.T.);
#1851=ORIENTED_EDGE('',*,*,#1415,.T.);
#1852=ORIENTED_EDGE('',*,*,#1411,.F.);
#1853=ORIENTED_EDGE('',*,*,#1416,.F.);
#1854=ORIENTED_EDGE('',*,*,#1417,.T.);
#1855=ORIENTED_EDGE('',*,*,#1418,.T.);
#1856=ORIENTED_EDGE('',*,*,#1414,.F.);
#1857=ORIENTED_EDGE('',*,*,#1419,.F.);
#1858=ORIENTED_EDGE('',*,*,#1403,.T.);
#1859=ORIENTED_EDGE('',*,*,#1420,.T.);
#1860=ORIENTED_EDGE('',*,*,#1417,.F.);
#1861=ORIENTED_EDGE('',*,*,#1421,.F.);
#1862=ORIENTED_EDGE('',*,*,#1322,.T.);
#1863=ORIENTED_EDGE('',*,*,#1422,.T.);
#1864=ORIENTED_EDGE('',*,*,#1423,.F.);
#1865=ORIENTED_EDGE('',*,*,#1424,.F.);
#1866=ORIENTED_EDGE('',*,*,#1425,.T.);
#1867=ORIENTED_EDGE('',*,*,#1426,.T.);
#1868=ORIENTED_EDGE('',*,*,#1311,.F.);
#1869=ORIENTED_EDGE('',*,*,#1427,.F.);
#1870=ORIENTED_EDGE('',*,*,#1428,.T.);
#1871=ORIENTED_EDGE('',*,*,#1429,.T.);
#1872=ORIENTED_EDGE('',*,*,#1425,.F.);
#1873=ORIENTED_EDGE('',*,*,#1430,.F.);
#1874=ORIENTED_EDGE('',*,*,#1423,.T.);
#1875=ORIENTED_EDGE('',*,*,#1431,.T.);
#1876=ORIENTED_EDGE('',*,*,#1428,.F.);
#1877=ORIENTED_EDGE('',*,*,#1432,.F.);
#1878=ORIENTED_EDGE('',*,*,#1389,.T.);
#1879=ORIENTED_EDGE('',*,*,#1433,.T.);
#1880=ORIENTED_EDGE('',*,*,#1434,.F.);
#1881=ORIENTED_EDGE('',*,*,#1435,.F.);
#1882=ORIENTED_EDGE('',*,*,#1436,.T.);
#1883=ORIENTED_EDGE('',*,*,#1437,.T.);
#1884=ORIENTED_EDGE('',*,*,#1324,.F.);
#1885=ORIENTED_EDGE('',*,*,#1438,.F.);
#1886=ORIENTED_EDGE('',*,*,#1439,.T.);
#1887=ORIENTED_EDGE('',*,*,#1440,.T.);
#1888=ORIENTED_EDGE('',*,*,#1436,.F.);
#1889=ORIENTED_EDGE('',*,*,#1441,.F.);
#1890=ORIENTED_EDGE('',*,*,#1442,.T.);
#1891=ORIENTED_EDGE('',*,*,#1443,.T.);
#1892=ORIENTED_EDGE('',*,*,#1439,.F.);
#1893=ORIENTED_EDGE('',*,*,#1444,.F.);
#1894=ORIENTED_EDGE('',*,*,#1445,.T.);
#1895=ORIENTED_EDGE('',*,*,#1446,.T.);
#1896=ORIENTED_EDGE('',*,*,#1442,.F.);
#1897=ORIENTED_EDGE('',*,*,#1447,.F.);
#1898=ORIENTED_EDGE('',*,*,#1448,.T.);
#1899=ORIENTED_EDGE('',*,*,#1449,.T.);
#1900=ORIENTED_EDGE('',*,*,#1445,.F.);
#1901=ORIENTED_EDGE('',*,*,#1450,.F.);
#1902=ORIENTED_EDGE('',*,*,#1451,.T.);
#1903=ORIENTED_EDGE('',*,*,#1452,.T.);
#1904=ORIENTED_EDGE('',*,*,#1448,.F.);
#1905=ORIENTED_EDGE('',*,*,#1453,.F.);
#1906=ORIENTED_EDGE('',*,*,#1454,.T.);
#1907=ORIENTED_EDGE('',*,*,#1455,.T.);
#1908=ORIENTED_EDGE('',*,*,#1451,.F.);
#1909=ORIENTED_EDGE('',*,*,#1456,.F.);
#1910=ORIENTED_EDGE('',*,*,#1457,.T.);
#1911=ORIENTED_EDGE('',*,*,#1458,.T.);
#1912=ORIENTED_EDGE('',*,*,#1454,.F.);
#1913=ORIENTED_EDGE('',*,*,#1459,.F.);
#1914=ORIENTED_EDGE('',*,*,#1460,.T.);
#1915=ORIENTED_EDGE('',*,*,#1461,.T.);
#1916=ORIENTED_EDGE('',*,*,#1457,.F.);
#1917=ORIENTED_EDGE('',*,*,#1462,.F.);
#1918=ORIENTED_EDGE('',*,*,#1463,.T.);
#1919=ORIENTED_EDGE('',*,*,#1464,.T.);
#1920=ORIENTED_EDGE('',*,*,#1460,.F.);
#1921=ORIENTED_EDGE('',*,*,#1465,.F.);
#1922=ORIENTED_EDGE('',*,*,#1466,.T.);
#1923=ORIENTED_EDGE('',*,*,#1467,.T.);
#1924=ORIENTED_EDGE('',*,*,#1463,.F.);
#1925=ORIENTED_EDGE('',*,*,#1468,.F.);
#1926=ORIENTED_EDGE('',*,*,#1469,.T.);
#1927=ORIENTED_EDGE('',*,*,#1470,.T.);
#1928=ORIENTED_EDGE('',*,*,#1466,.F.);
#1929=ORIENTED_EDGE('',*,*,#1471,.F.);
#1930=ORIENTED_EDGE('',*,*,#1472,.T.);
#1931=ORIENTED_EDGE('',*,*,#1473,.T.);
#1932=ORIENTED_EDGE('',*,*,#1469,.F.);
#1933=ORIENTED_EDGE('',*,*,#1474,.F.);
#1934=ORIENTED_EDGE('',*,*,#1475,.T.);
#1935=ORIENTED_EDGE('',*,*,#1476,.T.);
#1936=ORIENTED_EDGE('',*,*,#1472,.F.);
#1937=ORIENTED_EDGE('',*,*,#1477,.F.);
#1938=ORIENTED_EDGE('',*,*,#1478,.T.);
#1939=ORIENTED_EDGE('',*,*,#1479,.T.);
#1940=ORIENTED_EDGE('',*,*,#1475,.F.);
#1941=ORIENTED_EDGE('',*,*,#1480,.F.);
#1942=ORIENTED_EDGE('',*,*,#1481,.T.);
#1943=ORIENTED_EDGE('',*,*,#1482,.T.);
#1944=ORIENTED_EDGE('',*,*,#1478,.F.);
#1945=ORIENTED_EDGE('',*,*,#1483,.F.);
#1946=ORIENTED_EDGE('',*,*,#1484,.T.);
#1947=ORIENTED_EDGE('',*,*,#1485,.T.);
#1948=ORIENTED_EDGE('',*,*,#1481,.F.);
#1949=ORIENTED_EDGE('',*,*,#1486,.F.);
#1950=ORIENTED_EDGE('',*,*,#1487,.T.);
#1951=ORIENTED_EDGE('',*,*,#1488,.T.);
#1952=ORIENTED_EDGE('',*,*,#1484,.F.);
#1953=ORIENTED_EDGE('',*,*,#1489,.F.);
#1954=ORIENTED_EDGE('',*,*,#1490,.T.);
#1955=ORIENTED_EDGE('',*,*,#1491,.T.);
#1956=ORIENTED_EDGE('',*,*,#1487,.F.);
#1957=ORIENTED_EDGE('',*,*,#1492,.F.);
#1958=ORIENTED_EDGE('',*,*,#1493,.T.);
#1959=ORIENTED_EDGE('',*,*,#1494,.T.);
#1960=ORIENTED_EDGE('',*,*,#1490,.F.);
#1961=ORIENTED_EDGE('',*,*,#1495,.F.);
#1962=ORIENTED_EDGE('',*,*,#1434,.T.);
#1963=ORIENTED_EDGE('',*,*,#1496,.T.);
#1964=ORIENTED_EDGE('',*,*,#1493,.F.);
#1965=ORIENTED_EDGE('',*,*,#1496,.F.);
#1966=ORIENTED_EDGE('',*,*,#1433,.F.);
#1967=ORIENTED_EDGE('',*,*,#1388,.F.);
#1968=ORIENTED_EDGE('',*,*,#1385,.F.);
#1969=ORIENTED_EDGE('',*,*,#1382,.F.);
#1970=ORIENTED_EDGE('',*,*,#1379,.F.);
#1971=ORIENTED_EDGE('',*,*,#1376,.F.);
#1972=ORIENTED_EDGE('',*,*,#1373,.F.);
#1973=ORIENTED_EDGE('',*,*,#1370,.F.);
#1974=ORIENTED_EDGE('',*,*,#1367,.F.);
#1975=ORIENTED_EDGE('',*,*,#1364,.F.);
#1976=ORIENTED_EDGE('',*,*,#1361,.F.);
#1977=ORIENTED_EDGE('',*,*,#1358,.F.);
#1978=ORIENTED_EDGE('',*,*,#1355,.F.);
#1979=ORIENTED_EDGE('',*,*,#1352,.F.);
#1980=ORIENTED_EDGE('',*,*,#1349,.F.);
#1981=ORIENTED_EDGE('',*,*,#1346,.F.);
#1982=ORIENTED_EDGE('',*,*,#1343,.F.);
#1983=ORIENTED_EDGE('',*,*,#1340,.F.);
#1984=ORIENTED_EDGE('',*,*,#1337,.F.);
#1985=ORIENTED_EDGE('',*,*,#1334,.F.);
#1986=ORIENTED_EDGE('',*,*,#1331,.F.);
#1987=ORIENTED_EDGE('',*,*,#1328,.F.);
#1988=ORIENTED_EDGE('',*,*,#1325,.F.);
#1989=ORIENTED_EDGE('',*,*,#1437,.F.);
#1990=ORIENTED_EDGE('',*,*,#1440,.F.);
#1991=ORIENTED_EDGE('',*,*,#1443,.F.);
#1992=ORIENTED_EDGE('',*,*,#1446,.F.);
#1993=ORIENTED_EDGE('',*,*,#1449,.F.);
#1994=ORIENTED_EDGE('',*,*,#1452,.F.);
#1995=ORIENTED_EDGE('',*,*,#1455,.F.);
#1996=ORIENTED_EDGE('',*,*,#1458,.F.);
#1997=ORIENTED_EDGE('',*,*,#1461,.F.);
#1998=ORIENTED_EDGE('',*,*,#1464,.F.);
#1999=ORIENTED_EDGE('',*,*,#1467,.F.);
#2000=ORIENTED_EDGE('',*,*,#1470,.F.);
#2001=ORIENTED_EDGE('',*,*,#1473,.F.);
#2002=ORIENTED_EDGE('',*,*,#1476,.F.);
#2003=ORIENTED_EDGE('',*,*,#1479,.F.);
#2004=ORIENTED_EDGE('',*,*,#1482,.F.);
#2005=ORIENTED_EDGE('',*,*,#1485,.F.);
#2006=ORIENTED_EDGE('',*,*,#1488,.F.);
#2007=ORIENTED_EDGE('',*,*,#1491,.F.);
#2008=ORIENTED_EDGE('',*,*,#1494,.F.);
#2009=ORIENTED_EDGE('',*,*,#1431,.F.);
#2010=ORIENTED_EDGE('',*,*,#1422,.F.);
#2011=ORIENTED_EDGE('',*,*,#1321,.F.);
#2012=ORIENTED_EDGE('',*,*,#1318,.F.);
#2013=ORIENTED_EDGE('',*,*,#1315,.F.);
#2014=ORIENTED_EDGE('',*,*,#1312,.F.);
#2015=ORIENTED_EDGE('',*,*,#1426,.F.);
#2016=ORIENTED_EDGE('',*,*,#1429,.F.);
#2017=ORIENTED_EDGE('',*,*,#1420,.F.);
#2018=ORIENTED_EDGE('',*,*,#1402,.F.);
#2019=ORIENTED_EDGE('',*,*,#1308,.F.);
#2020=ORIENTED_EDGE('',*,*,#1305,.F.);
#2021=ORIENTED_EDGE('',*,*,#1302,.F.);
#2022=ORIENTED_EDGE('',*,*,#1299,.F.);
#2023=ORIENTED_EDGE('',*,*,#1296,.F.);
#2024=ORIENTED_EDGE('',*,*,#1293,.F.);
#2025=ORIENTED_EDGE('',*,*,#1290,.F.);
#2026=ORIENTED_EDGE('',*,*,#1406,.F.);
#2027=ORIENTED_EDGE('',*,*,#1409,.F.);
#2028=ORIENTED_EDGE('',*,*,#1412,.F.);
#2029=ORIENTED_EDGE('',*,*,#1415,.F.);
#2030=ORIENTED_EDGE('',*,*,#1418,.F.);
#2031=ORIENTED_EDGE('',*,*,#1400,.F.);
#2032=ORIENTED_EDGE('',*,*,#1391,.F.);
#2033=ORIENTED_EDGE('',*,*,#1286,.F.);
#2034=ORIENTED_EDGE('',*,*,#1283,.F.);
#2035=ORIENTED_EDGE('',*,*,#1280,.F.);
#2036=ORIENTED_EDGE('',*,*,#1277,.F.);
#2037=ORIENTED_EDGE('',*,*,#1395,.F.);
#2038=ORIENTED_EDGE('',*,*,#1398,.F.);
#2039=ORIENTED_EDGE('',*,*,#1421,.T.);
#2040=ORIENTED_EDGE('',*,*,#1430,.T.);
#2041=ORIENTED_EDGE('',*,*,#1427,.T.);
#2042=ORIENTED_EDGE('',*,*,#1424,.T.);
#2043=ORIENTED_EDGE('',*,*,#1310,.T.);
#2044=ORIENTED_EDGE('',*,*,#1314,.T.);
#2045=ORIENTED_EDGE('',*,*,#1317,.T.);
#2046=ORIENTED_EDGE('',*,*,#1320,.T.);
#2047=ORIENTED_EDGE('',*,*,#1401,.T.);
#2048=ORIENTED_EDGE('',*,*,#1419,.T.);
#2049=ORIENTED_EDGE('',*,*,#1416,.T.);
#2050=ORIENTED_EDGE('',*,*,#1413,.T.);
#2051=ORIENTED_EDGE('',*,*,#1410,.T.);
#2052=ORIENTED_EDGE('',*,*,#1407,.T.);
#2053=ORIENTED_EDGE('',*,*,#1404,.T.);
#2054=ORIENTED_EDGE('',*,*,#1288,.T.);
#2055=ORIENTED_EDGE('',*,*,#1292,.T.);
#2056=ORIENTED_EDGE('',*,*,#1295,.T.);
#2057=ORIENTED_EDGE('',*,*,#1298,.T.);
#2058=ORIENTED_EDGE('',*,*,#1301,.T.);
#2059=ORIENTED_EDGE('',*,*,#1304,.T.);
#2060=ORIENTED_EDGE('',*,*,#1307,.T.);
#2061=ORIENTED_EDGE('',*,*,#1390,.T.);
#2062=ORIENTED_EDGE('',*,*,#1399,.T.);
#2063=ORIENTED_EDGE('',*,*,#1396,.T.);
#2064=ORIENTED_EDGE('',*,*,#1393,.T.);
#2065=ORIENTED_EDGE('',*,*,#1275,.T.);
#2066=ORIENTED_EDGE('',*,*,#1279,.T.);
#2067=ORIENTED_EDGE('',*,*,#1282,.T.);
#2068=ORIENTED_EDGE('',*,*,#1285,.T.);
#2069=ORIENTED_EDGE('',*,*,#1497,.F.);
#2070=ORIENTED_EDGE('',*,*,#1498,.T.);
#2071=ORIENTED_EDGE('',*,*,#1499,.T.);
#2072=ORIENTED_EDGE('',*,*,#1500,.F.);
#2073=ORIENTED_EDGE('',*,*,#1501,.F.);
#2074=ORIENTED_EDGE('',*,*,#1502,.T.);
#2075=ORIENTED_EDGE('',*,*,#1503,.T.);
#2076=ORIENTED_EDGE('',*,*,#1498,.F.);
#2077=ORIENTED_EDGE('',*,*,#1504,.F.);
#2078=ORIENTED_EDGE('',*,*,#1505,.T.);
#2079=ORIENTED_EDGE('',*,*,#1506,.T.);
#2080=ORIENTED_EDGE('',*,*,#1502,.F.);
#2081=ORIENTED_EDGE('',*,*,#1507,.F.);
#2082=ORIENTED_EDGE('',*,*,#1508,.T.);
#2083=ORIENTED_EDGE('',*,*,#1509,.T.);
#2084=ORIENTED_EDGE('',*,*,#1505,.F.);
#2085=ORIENTED_EDGE('',*,*,#1510,.F.);
#2086=ORIENTED_EDGE('',*,*,#1511,.F.);
#2087=ORIENTED_EDGE('',*,*,#1512,.T.);
#2088=ORIENTED_EDGE('',*,*,#1508,.F.);
#2089=ORIENTED_EDGE('',*,*,#1512,.F.);
#2090=ORIENTED_EDGE('',*,*,#1513,.F.);
#2091=ORIENTED_EDGE('',*,*,#1499,.F.);
#2092=ORIENTED_EDGE('',*,*,#1503,.F.);
#2093=ORIENTED_EDGE('',*,*,#1506,.F.);
#2094=ORIENTED_EDGE('',*,*,#1509,.F.);
#2095=ORIENTED_EDGE('',*,*,#1514,.F.);
#2096=ORIENTED_EDGE('',*,*,#1515,.T.);
#2097=ORIENTED_EDGE('',*,*,#1516,.F.);
#2098=ORIENTED_EDGE('',*,*,#1517,.T.);
#2099=ORIENTED_EDGE('',*,*,#1518,.F.);
#2100=ORIENTED_EDGE('',*,*,#1519,.T.);
#2101=ORIENTED_EDGE('',*,*,#1520,.F.);
#2102=ORIENTED_EDGE('',*,*,#1521,.T.);
#2103=ORIENTED_EDGE('',*,*,#1522,.T.);
#2104=ORIENTED_EDGE('',*,*,#1523,.T.);
#2105=ORIENTED_EDGE('',*,*,#1524,.T.);
#2106=ORIENTED_EDGE('',*,*,#1525,.T.);
#2107=ORIENTED_EDGE('',*,*,#1526,.F.);
#2108=ORIENTED_EDGE('',*,*,#1527,.F.);
#2109=ORIENTED_EDGE('',*,*,#1528,.F.);
#2110=ORIENTED_EDGE('',*,*,#1529,.F.);
#2111=ORIENTED_EDGE('',*,*,#1530,.F.);
#2112=ORIENTED_EDGE('',*,*,#1531,.F.);
#2113=ORIENTED_EDGE('',*,*,#1532,.F.);
#2114=ORIENTED_EDGE('',*,*,#1533,.F.);
#2115=ORIENTED_EDGE('',*,*,#1534,.F.);
#2116=ORIENTED_EDGE('',*,*,#1535,.F.);
#2117=ORIENTED_EDGE('',*,*,#1536,.F.);
#2118=ORIENTED_EDGE('',*,*,#1537,.F.);
#2119=ORIENTED_EDGE('',*,*,#1538,.F.);
#2120=ORIENTED_EDGE('',*,*,#1539,.F.);
#2121=ORIENTED_EDGE('',*,*,#1540,.F.);
#2122=ORIENTED_EDGE('',*,*,#1541,.F.);
#2123=ORIENTED_EDGE('',*,*,#1510,.T.);
#2124=ORIENTED_EDGE('',*,*,#1507,.T.);
#2125=ORIENTED_EDGE('',*,*,#1504,.T.);
#2126=ORIENTED_EDGE('',*,*,#1501,.T.);
#2127=ORIENTED_EDGE('',*,*,#1497,.T.);
#2128=ORIENTED_EDGE('',*,*,#1542,.F.);
#2129=ORIENTED_EDGE('',*,*,#1543,.F.);
#2130=ORIENTED_EDGE('',*,*,#1544,.F.);
#2131=ORIENTED_EDGE('',*,*,#1545,.F.);
#2132=ORIENTED_EDGE('',*,*,#1546,.F.);
#2133=ORIENTED_EDGE('',*,*,#1547,.F.);
#2134=ORIENTED_EDGE('',*,*,#1548,.F.);
#2135=ORIENTED_EDGE('',*,*,#1549,.F.);
#2136=ORIENTED_EDGE('',*,*,#1550,.F.);
#2137=ORIENTED_EDGE('',*,*,#1522,.F.);
#2138=ORIENTED_EDGE('',*,*,#1551,.T.);
#2139=ORIENTED_EDGE('',*,*,#1552,.T.);
#2140=ORIENTED_EDGE('',*,*,#1551,.F.);
#2141=ORIENTED_EDGE('',*,*,#1552,.F.);
#2142=ORIENTED_EDGE('',*,*,#1523,.F.);
#2143=ORIENTED_EDGE('',*,*,#1553,.T.);
#2144=ORIENTED_EDGE('',*,*,#1554,.T.);
#2145=ORIENTED_EDGE('',*,*,#1553,.F.);
#2146=ORIENTED_EDGE('',*,*,#1554,.F.);
#2147=ORIENTED_EDGE('',*,*,#1524,.F.);
#2148=ORIENTED_EDGE('',*,*,#1555,.T.);
#2149=ORIENTED_EDGE('',*,*,#1556,.T.);
#2150=ORIENTED_EDGE('',*,*,#1555,.F.);
#2151=ORIENTED_EDGE('',*,*,#1556,.F.);
#2152=ORIENTED_EDGE('',*,*,#1525,.F.);
#2153=ORIENTED_EDGE('',*,*,#1557,.T.);
#2154=ORIENTED_EDGE('',*,*,#1558,.T.);
#2155=ORIENTED_EDGE('',*,*,#1557,.F.);
#2156=ORIENTED_EDGE('',*,*,#1558,.F.);
#2157=ORIENTED_EDGE('',*,*,#1559,.T.);
#2158=ORIENTED_EDGE('',*,*,#1560,.T.);
#2159=ORIENTED_EDGE('',*,*,#1561,.T.);
#2160=ORIENTED_EDGE('',*,*,#1562,.T.);
#2161=ORIENTED_EDGE('',*,*,#1559,.F.);
#2162=ORIENTED_EDGE('',*,*,#1563,.T.);
#2163=ORIENTED_EDGE('',*,*,#1564,.T.);
#2164=ORIENTED_EDGE('',*,*,#1565,.T.);
#2165=ORIENTED_EDGE('',*,*,#1566,.T.);
#2166=ORIENTED_EDGE('',*,*,#1567,.T.);
#2167=ORIENTED_EDGE('',*,*,#1564,.F.);
#2168=ORIENTED_EDGE('',*,*,#1568,.T.);
#2169=ORIENTED_EDGE('',*,*,#1566,.F.);
#2170=ORIENTED_EDGE('',*,*,#1569,.T.);
#2171=ORIENTED_EDGE('',*,*,#1570,.T.);
#2172=ORIENTED_EDGE('',*,*,#1571,.T.);
#2173=ORIENTED_EDGE('',*,*,#1572,.T.);
#2174=ORIENTED_EDGE('',*,*,#1573,.T.);
#2175=ORIENTED_EDGE('',*,*,#1570,.F.);
#2176=ORIENTED_EDGE('',*,*,#1574,.T.);
#2177=ORIENTED_EDGE('',*,*,#1572,.F.);
#2178=ORIENTED_EDGE('',*,*,#1575,.T.);
#2179=ORIENTED_EDGE('',*,*,#1576,.T.);
#2180=ORIENTED_EDGE('',*,*,#1577,.T.);
#2181=ORIENTED_EDGE('',*,*,#1578,.T.);
#2182=ORIENTED_EDGE('',*,*,#1579,.T.);
#2183=ORIENTED_EDGE('',*,*,#1576,.F.);
#2184=ORIENTED_EDGE('',*,*,#1580,.T.);
#2185=ORIENTED_EDGE('',*,*,#1578,.F.);
#2186=ORIENTED_EDGE('',*,*,#1581,.T.);
#2187=ORIENTED_EDGE('',*,*,#1561,.F.);
#2188=ORIENTED_EDGE('',*,*,#1582,.T.);
#2189=ORIENTED_EDGE('',*,*,#1569,.F.);
#2190=ORIENTED_EDGE('',*,*,#1583,.T.);
#2191=ORIENTED_EDGE('',*,*,#1514,.T.);
#2192=ORIENTED_EDGE('',*,*,#1584,.T.);
#2193=ORIENTED_EDGE('',*,*,#1568,.F.);
#2194=ORIENTED_EDGE('',*,*,#1585,.F.);
#2195=ORIENTED_EDGE('',*,*,#1515,.F.);
#2196=ORIENTED_EDGE('',*,*,#1583,.F.);
#2197=ORIENTED_EDGE('',*,*,#1563,.F.);
#2198=ORIENTED_EDGE('',*,*,#1586,.T.);
#2199=ORIENTED_EDGE('',*,*,#1516,.T.);
#2200=ORIENTED_EDGE('',*,*,#1585,.T.);
#2201=ORIENTED_EDGE('',*,*,#1562,.F.);
#2202=ORIENTED_EDGE('',*,*,#1587,.F.);
#2203=ORIENTED_EDGE('',*,*,#1517,.F.);
#2204=ORIENTED_EDGE('',*,*,#1586,.F.);
#2205=ORIENTED_EDGE('',*,*,#1560,.F.);
#2206=ORIENTED_EDGE('',*,*,#1565,.F.);
#2207=ORIENTED_EDGE('',*,*,#1567,.F.);
#2208=ORIENTED_EDGE('',*,*,#1571,.F.);
#2209=ORIENTED_EDGE('',*,*,#1573,.F.);
#2210=ORIENTED_EDGE('',*,*,#1577,.F.);
#2211=ORIENTED_EDGE('',*,*,#1579,.F.);
#2212=ORIENTED_EDGE('',*,*,#1582,.F.);
#2213=ORIENTED_EDGE('',*,*,#1588,.T.);
#2214=ORIENTED_EDGE('',*,*,#1589,.T.);
#2215=ORIENTED_EDGE('',*,*,#1590,.T.);
#2216=ORIENTED_EDGE('',*,*,#1591,.T.);
#2217=ORIENTED_EDGE('',*,*,#1592,.T.);
#2218=ORIENTED_EDGE('',*,*,#1593,.T.);
#2219=ORIENTED_EDGE('',*,*,#1594,.T.);
#2220=ORIENTED_EDGE('',*,*,#1595,.T.);
#2221=ORIENTED_EDGE('',*,*,#1596,.F.);
#2222=ORIENTED_EDGE('',*,*,#1597,.F.);
#2223=ORIENTED_EDGE('',*,*,#1598,.F.);
#2224=ORIENTED_EDGE('',*,*,#1599,.F.);
#2225=ORIENTED_EDGE('',*,*,#1600,.F.);
#2226=ORIENTED_EDGE('',*,*,#1601,.F.);
#2227=ORIENTED_EDGE('',*,*,#1602,.F.);
#2228=ORIENTED_EDGE('',*,*,#1603,.F.);
#2229=ORIENTED_EDGE('',*,*,#1604,.F.);
#2230=ORIENTED_EDGE('',*,*,#1605,.F.);
#2231=ORIENTED_EDGE('',*,*,#1606,.F.);
#2232=ORIENTED_EDGE('',*,*,#1607,.F.);
#2233=ORIENTED_EDGE('',*,*,#1608,.F.);
#2234=ORIENTED_EDGE('',*,*,#1609,.F.);
#2235=ORIENTED_EDGE('',*,*,#1432,.T.);
#2236=ORIENTED_EDGE('',*,*,#1495,.T.);
#2237=ORIENTED_EDGE('',*,*,#1492,.T.);
#2238=ORIENTED_EDGE('',*,*,#1489,.T.);
#2239=ORIENTED_EDGE('',*,*,#1486,.T.);
#2240=ORIENTED_EDGE('',*,*,#1483,.T.);
#2241=ORIENTED_EDGE('',*,*,#1480,.T.);
#2242=ORIENTED_EDGE('',*,*,#1477,.T.);
#2243=ORIENTED_EDGE('',*,*,#1474,.T.);
#2244=ORIENTED_EDGE('',*,*,#1471,.T.);
#2245=ORIENTED_EDGE('',*,*,#1468,.T.);
#2246=ORIENTED_EDGE('',*,*,#1465,.T.);
#2247=ORIENTED_EDGE('',*,*,#1462,.T.);
#2248=ORIENTED_EDGE('',*,*,#1459,.T.);
#2249=ORIENTED_EDGE('',*,*,#1456,.T.);
#2250=ORIENTED_EDGE('',*,*,#1453,.T.);
#2251=ORIENTED_EDGE('',*,*,#1450,.T.);
#2252=ORIENTED_EDGE('',*,*,#1447,.T.);
#2253=ORIENTED_EDGE('',*,*,#1444,.T.);
#2254=ORIENTED_EDGE('',*,*,#1441,.T.);
#2255=ORIENTED_EDGE('',*,*,#1438,.T.);
#2256=ORIENTED_EDGE('',*,*,#1435,.T.);
#2257=ORIENTED_EDGE('',*,*,#1323,.T.);
#2258=ORIENTED_EDGE('',*,*,#1327,.T.);
#2259=ORIENTED_EDGE('',*,*,#1330,.T.);
#2260=ORIENTED_EDGE('',*,*,#1333,.T.);
#2261=ORIENTED_EDGE('',*,*,#1336,.T.);
#2262=ORIENTED_EDGE('',*,*,#1339,.T.);
#2263=ORIENTED_EDGE('',*,*,#1342,.T.);
#2264=ORIENTED_EDGE('',*,*,#1345,.T.);
#2265=ORIENTED_EDGE('',*,*,#1348,.T.);
#2266=ORIENTED_EDGE('',*,*,#1351,.T.);
#2267=ORIENTED_EDGE('',*,*,#1354,.T.);
#2268=ORIENTED_EDGE('',*,*,#1357,.T.);
#2269=ORIENTED_EDGE('',*,*,#1360,.T.);
#2270=ORIENTED_EDGE('',*,*,#1363,.T.);
#2271=ORIENTED_EDGE('',*,*,#1366,.T.);
#2272=ORIENTED_EDGE('',*,*,#1369,.T.);
#2273=ORIENTED_EDGE('',*,*,#1372,.T.);
#2274=ORIENTED_EDGE('',*,*,#1375,.T.);
#2275=ORIENTED_EDGE('',*,*,#1378,.T.);
#2276=ORIENTED_EDGE('',*,*,#1381,.T.);
#2277=ORIENTED_EDGE('',*,*,#1384,.T.);
#2278=ORIENTED_EDGE('',*,*,#1387,.T.);
#2279=ORIENTED_EDGE('',*,*,#1574,.F.);
#2280=ORIENTED_EDGE('',*,*,#1584,.F.);
#2281=ORIENTED_EDGE('',*,*,#1521,.F.);
#2282=ORIENTED_EDGE('',*,*,#1610,.F.);
#2283=ORIENTED_EDGE('',*,*,#1575,.F.);
#2284=ORIENTED_EDGE('',*,*,#1610,.T.);
#2285=ORIENTED_EDGE('',*,*,#1520,.T.);
#2286=ORIENTED_EDGE('',*,*,#1611,.T.);
#2287=ORIENTED_EDGE('',*,*,#1581,.F.);
#2288=ORIENTED_EDGE('',*,*,#1612,.T.);
#2289=ORIENTED_EDGE('',*,*,#1518,.T.);
#2290=ORIENTED_EDGE('',*,*,#1587,.T.);
#2291=ORIENTED_EDGE('',*,*,#1580,.F.);
#2292=ORIENTED_EDGE('',*,*,#1611,.F.);
#2293=ORIENTED_EDGE('',*,*,#1519,.F.);
#2294=ORIENTED_EDGE('',*,*,#1612,.F.);
#2295=ORIENTED_EDGE('',*,*,#1613,.T.);
#2296=ORIENTED_EDGE('',*,*,#1614,.T.);
#2297=ORIENTED_EDGE('',*,*,#1615,.T.);
#2298=ORIENTED_EDGE('',*,*,#1596,.T.);
#2299=ORIENTED_EDGE('',*,*,#1616,.T.);
#2300=ORIENTED_EDGE('',*,*,#1597,.T.);
#2301=ORIENTED_EDGE('',*,*,#1615,.F.);
#2302=ORIENTED_EDGE('',*,*,#1617,.T.);
#2303=ORIENTED_EDGE('',*,*,#1618,.T.);
#2304=ORIENTED_EDGE('',*,*,#1598,.T.);
#2305=ORIENTED_EDGE('',*,*,#1616,.F.);
#2306=ORIENTED_EDGE('',*,*,#1619,.T.);
#2307=ORIENTED_EDGE('',*,*,#1620,.T.);
#2308=ORIENTED_EDGE('',*,*,#1599,.T.);
#2309=ORIENTED_EDGE('',*,*,#1618,.F.);
#2310=ORIENTED_EDGE('',*,*,#1621,.T.);
#2311=ORIENTED_EDGE('',*,*,#1622,.T.);
#2312=ORIENTED_EDGE('',*,*,#1600,.T.);
#2313=ORIENTED_EDGE('',*,*,#1620,.F.);
#2314=ORIENTED_EDGE('',*,*,#1623,.T.);
#2315=ORIENTED_EDGE('',*,*,#1624,.T.);
#2316=ORIENTED_EDGE('',*,*,#1625,.T.);
#2317=ORIENTED_EDGE('',*,*,#1626,.T.);
#2318=ORIENTED_EDGE('',*,*,#1609,.T.);
#2319=ORIENTED_EDGE('',*,*,#1627,.T.);
#2320=ORIENTED_EDGE('',*,*,#1628,.T.);
#2321=ORIENTED_EDGE('',*,*,#1629,.T.);
#2322=ORIENTED_EDGE('',*,*,#1601,.T.);
#2323=ORIENTED_EDGE('',*,*,#1630,.T.);
#2324=ORIENTED_EDGE('',*,*,#1602,.T.);
#2325=ORIENTED_EDGE('',*,*,#1629,.F.);
#2326=ORIENTED_EDGE('',*,*,#1631,.T.);
#2327=ORIENTED_EDGE('',*,*,#1632,.T.);
#2328=ORIENTED_EDGE('',*,*,#1603,.T.);
#2329=ORIENTED_EDGE('',*,*,#1630,.F.);
#2330=ORIENTED_EDGE('',*,*,#1633,.T.);
#2331=ORIENTED_EDGE('',*,*,#1634,.T.);
#2332=ORIENTED_EDGE('',*,*,#1604,.T.);
#2333=ORIENTED_EDGE('',*,*,#1632,.F.);
#2334=ORIENTED_EDGE('',*,*,#1635,.T.);
#2335=ORIENTED_EDGE('',*,*,#1636,.T.);
#2336=ORIENTED_EDGE('',*,*,#1605,.T.);
#2337=ORIENTED_EDGE('',*,*,#1634,.F.);
#2338=ORIENTED_EDGE('',*,*,#1637,.T.);
#2339=ORIENTED_EDGE('',*,*,#1638,.T.);
#2340=ORIENTED_EDGE('',*,*,#1606,.T.);
#2341=ORIENTED_EDGE('',*,*,#1636,.F.);
#2342=ORIENTED_EDGE('',*,*,#1639,.T.);
#2343=ORIENTED_EDGE('',*,*,#1640,.T.);
#2344=ORIENTED_EDGE('',*,*,#1607,.T.);
#2345=ORIENTED_EDGE('',*,*,#1638,.F.);
#2346=ORIENTED_EDGE('',*,*,#1641,.T.);
#2347=ORIENTED_EDGE('',*,*,#1640,.F.);
#2348=ORIENTED_EDGE('',*,*,#1642,.T.);
#2349=ORIENTED_EDGE('',*,*,#1624,.F.);
#2350=ORIENTED_EDGE('',*,*,#1608,.T.);
#2351=ORIENTED_EDGE('',*,*,#1626,.F.);
#2352=ORIENTED_EDGE('',*,*,#1643,.T.);
#2353=ORIENTED_EDGE('',*,*,#1613,.F.);
#2354=ORIENTED_EDGE('',*,*,#1622,.F.);
#2355=ORIENTED_EDGE('',*,*,#1644,.T.);
#2356=ORIENTED_EDGE('',*,*,#1627,.F.);
#2357=ORIENTED_EDGE('',*,*,#1642,.F.);
#2358=ORIENTED_EDGE('',*,*,#1645,.T.);
#2359=ORIENTED_EDGE('',*,*,#1534,.T.);
#2360=ORIENTED_EDGE('',*,*,#1646,.T.);
#2361=ORIENTED_EDGE('',*,*,#1641,.F.);
#2362=ORIENTED_EDGE('',*,*,#1647,.F.);
#2363=ORIENTED_EDGE('',*,*,#1535,.T.);
#2364=ORIENTED_EDGE('',*,*,#1645,.F.);
#2365=ORIENTED_EDGE('',*,*,#1639,.F.);
#2366=ORIENTED_EDGE('',*,*,#1648,.T.);
#2367=ORIENTED_EDGE('',*,*,#1536,.T.);
#2368=ORIENTED_EDGE('',*,*,#1647,.T.);
#2369=ORIENTED_EDGE('',*,*,#1637,.F.);
#2370=ORIENTED_EDGE('',*,*,#1649,.F.);
#2371=ORIENTED_EDGE('',*,*,#1537,.T.);
#2372=ORIENTED_EDGE('',*,*,#1648,.F.);
#2373=ORIENTED_EDGE('',*,*,#1635,.F.);
#2374=ORIENTED_EDGE('',*,*,#1650,.T.);
#2375=ORIENTED_EDGE('',*,*,#1538,.T.);
#2376=ORIENTED_EDGE('',*,*,#1649,.T.);
#2377=ORIENTED_EDGE('',*,*,#1633,.F.);
#2378=ORIENTED_EDGE('',*,*,#1651,.F.);
#2379=ORIENTED_EDGE('',*,*,#1539,.T.);
#2380=ORIENTED_EDGE('',*,*,#1650,.F.);
#2381=ORIENTED_EDGE('',*,*,#1631,.F.);
#2382=ORIENTED_EDGE('',*,*,#1652,.T.);
#2383=ORIENTED_EDGE('',*,*,#1540,.T.);
#2384=ORIENTED_EDGE('',*,*,#1651,.T.);
#2385=ORIENTED_EDGE('',*,*,#1628,.F.);
#2386=ORIENTED_EDGE('',*,*,#1653,.F.);
#2387=ORIENTED_EDGE('',*,*,#1541,.T.);
#2388=ORIENTED_EDGE('',*,*,#1652,.F.);
#2389=ORIENTED_EDGE('',*,*,#1625,.F.);
#2390=ORIENTED_EDGE('',*,*,#1646,.F.);
#2391=ORIENTED_EDGE('',*,*,#1533,.T.);
#2392=ORIENTED_EDGE('',*,*,#1654,.F.);
#2393=ORIENTED_EDGE('',*,*,#1644,.F.);
#2394=ORIENTED_EDGE('',*,*,#1655,.T.);
#2395=ORIENTED_EDGE('',*,*,#1526,.T.);
#2396=ORIENTED_EDGE('',*,*,#1653,.T.);
#2397=ORIENTED_EDGE('',*,*,#1623,.F.);
#2398=ORIENTED_EDGE('',*,*,#1656,.F.);
#2399=ORIENTED_EDGE('',*,*,#1527,.T.);
#2400=ORIENTED_EDGE('',*,*,#1655,.F.);
#2401=ORIENTED_EDGE('',*,*,#1643,.F.);
#2402=ORIENTED_EDGE('',*,*,#1654,.T.);
#2403=ORIENTED_EDGE('',*,*,#1532,.T.);
#2404=ORIENTED_EDGE('',*,*,#1657,.T.);
#2405=ORIENTED_EDGE('',*,*,#1614,.F.);
#2406=ORIENTED_EDGE('',*,*,#1657,.F.);
#2407=ORIENTED_EDGE('',*,*,#1531,.T.);
#2408=ORIENTED_EDGE('',*,*,#1658,.F.);
#2409=ORIENTED_EDGE('',*,*,#1621,.F.);
#2410=ORIENTED_EDGE('',*,*,#1659,.T.);
#2411=ORIENTED_EDGE('',*,*,#1528,.T.);
#2412=ORIENTED_EDGE('',*,*,#1656,.T.);
#2413=ORIENTED_EDGE('',*,*,#1617,.F.);
#2414=ORIENTED_EDGE('',*,*,#1658,.T.);
#2415=ORIENTED_EDGE('',*,*,#1530,.T.);
#2416=ORIENTED_EDGE('',*,*,#1660,.T.);
#2417=ORIENTED_EDGE('',*,*,#1619,.F.);
#2418=ORIENTED_EDGE('',*,*,#1660,.F.);
#2419=ORIENTED_EDGE('',*,*,#1529,.T.);
#2420=ORIENTED_EDGE('',*,*,#1659,.F.);
#2421=ORIENTED_EDGE('',*,*,#1544,.T.);
#2422=ORIENTED_EDGE('',*,*,#1661,.T.);
#2423=ORIENTED_EDGE('',*,*,#1595,.F.);
#2424=ORIENTED_EDGE('',*,*,#1662,.F.);
#2425=ORIENTED_EDGE('',*,*,#1545,.T.);
#2426=ORIENTED_EDGE('',*,*,#1662,.T.);
#2427=ORIENTED_EDGE('',*,*,#1594,.F.);
#2428=ORIENTED_EDGE('',*,*,#1663,.F.);
#2429=ORIENTED_EDGE('',*,*,#1546,.T.);
#2430=ORIENTED_EDGE('',*,*,#1663,.T.);
#2431=ORIENTED_EDGE('',*,*,#1593,.F.);
#2432=ORIENTED_EDGE('',*,*,#1664,.F.);
#2433=ORIENTED_EDGE('',*,*,#1547,.T.);
#2434=ORIENTED_EDGE('',*,*,#1664,.T.);
#2435=ORIENTED_EDGE('',*,*,#1592,.F.);
#2436=ORIENTED_EDGE('',*,*,#1665,.F.);
#2437=ORIENTED_EDGE('',*,*,#1548,.T.);
#2438=ORIENTED_EDGE('',*,*,#1665,.T.);
#2439=ORIENTED_EDGE('',*,*,#1591,.F.);
#2440=ORIENTED_EDGE('',*,*,#1666,.F.);
#2441=ORIENTED_EDGE('',*,*,#1549,.T.);
#2442=ORIENTED_EDGE('',*,*,#1666,.T.);
#2443=ORIENTED_EDGE('',*,*,#1590,.F.);
#2444=ORIENTED_EDGE('',*,*,#1667,.F.);
#2445=ORIENTED_EDGE('',*,*,#1511,.T.);
#2446=ORIENTED_EDGE('',*,*,#1550,.T.);
#2447=ORIENTED_EDGE('',*,*,#1667,.T.);
#2448=ORIENTED_EDGE('',*,*,#1589,.F.);
#2449=ORIENTED_EDGE('',*,*,#1668,.F.);
#2450=ORIENTED_EDGE('',*,*,#1542,.T.);
#2451=ORIENTED_EDGE('',*,*,#1500,.T.);
#2452=ORIENTED_EDGE('',*,*,#1513,.T.);
#2453=ORIENTED_EDGE('',*,*,#1543,.T.);
#2454=ORIENTED_EDGE('',*,*,#1668,.T.);
#2455=ORIENTED_EDGE('',*,*,#1588,.F.);
#2456=ORIENTED_EDGE('',*,*,#1661,.F.);
#2457=(
BOUNDED_SURFACE()
B_SPLINE_SURFACE(3,1,((#3360,#3361),(#3362,#3363),(#3364,#3365),(#3366,
#3367)),.UNSPECIFIED.,.F.,.F.,.F.)
B_SPLINE_SURFACE_WITH_KNOTS((4,4),(2,2),(0.,1.),(0.,0.2),.UNSPECIFIED.)
GEOMETRIC_REPRESENTATION_ITEM()
RATIONAL_B_SPLINE_SURFACE(((1.,1.),(1.,1.),(1.,1.),(1.,1.)))
REPRESENTATION_ITEM('')
SURFACE()
);
#2458=(
BOUNDED_SURFACE()
B_SPLINE_SURFACE(3,1,((#3382,#3383),(#3384,#3385),(#3386,#3387),(#3388,
#3389)),.UNSPECIFIED.,.F.,.F.,.F.)
B_SPLINE_SURFACE_WITH_KNOTS((4,4),(2,2),(0.,1.),(0.,0.2),.UNSPECIFIED.)
GEOMETRIC_REPRESENTATION_ITEM()
RATIONAL_B_SPLINE_SURFACE(((1.,1.),(1.,1.),(1.,1.),(1.,1.)))
REPRESENTATION_ITEM('')
SURFACE()
);
#2459=(
BOUNDED_SURFACE()
B_SPLINE_SURFACE(3,1,((#3401,#3402),(#3403,#3404),(#3405,#3406),(#3407,
#3408)),.UNSPECIFIED.,.F.,.F.,.F.)
B_SPLINE_SURFACE_WITH_KNOTS((4,4),(2,2),(0.,1.),(0.,0.2),.UNSPECIFIED.)
GEOMETRIC_REPRESENTATION_ITEM()
RATIONAL_B_SPLINE_SURFACE(((1.,1.),(1.,1.),(1.,1.),(1.,1.)))
REPRESENTATION_ITEM('')
SURFACE()
);
#2460=(
BOUNDED_SURFACE()
B_SPLINE_SURFACE(3,1,((#3420,#3421),(#3422,#3423),(#3424,#3425),(#3426,
#3427)),.UNSPECIFIED.,.F.,.F.,.F.)
B_SPLINE_SURFACE_WITH_KNOTS((4,4),(2,2),(0.,1.),(0.,0.2),.UNSPECIFIED.)
GEOMETRIC_REPRESENTATION_ITEM()
RATIONAL_B_SPLINE_SURFACE(((1.,1.),(1.,1.),(1.,1.),(1.,1.)))
REPRESENTATION_ITEM('')
SURFACE()
);
#2461=(
BOUNDED_SURFACE()
B_SPLINE_SURFACE(3,1,((#3439,#3440),(#3441,#3442),(#3443,#3444),(#3445,
#3446)),.UNSPECIFIED.,.F.,.F.,.F.)
B_SPLINE_SURFACE_WITH_KNOTS((4,4),(2,2),(0.,1.),(0.,0.2),.UNSPECIFIED.)
GEOMETRIC_REPRESENTATION_ITEM()
RATIONAL_B_SPLINE_SURFACE(((1.,1.),(1.,1.),(1.,1.),(1.,1.)))
REPRESENTATION_ITEM('')
SURFACE()
);
#2462=(
BOUNDED_SURFACE()
B_SPLINE_SURFACE(3,1,((#3461,#3462),(#3463,#3464),(#3465,#3466),(#3467,
#3468)),.UNSPECIFIED.,.F.,.F.,.F.)
B_SPLINE_SURFACE_WITH_KNOTS((4,4),(2,2),(0.,1.),(0.,0.2),.UNSPECIFIED.)
GEOMETRIC_REPRESENTATION_ITEM()
RATIONAL_B_SPLINE_SURFACE(((1.,1.),(1.,1.),(1.,1.),(1.,1.)))
REPRESENTATION_ITEM('')
SURFACE()
);
#2463=(
BOUNDED_SURFACE()
B_SPLINE_SURFACE(3,1,((#3480,#3481),(#3482,#3483),(#3484,#3485),(#3486,
#3487)),.UNSPECIFIED.,.F.,.F.,.F.)
B_SPLINE_SURFACE_WITH_KNOTS((4,4),(2,2),(0.,1.),(0.,0.2),.UNSPECIFIED.)
GEOMETRIC_REPRESENTATION_ITEM()
RATIONAL_B_SPLINE_SURFACE(((1.,1.),(1.,1.),(1.,1.),(1.,1.)))
REPRESENTATION_ITEM('')
SURFACE()
);
#2464=(
BOUNDED_SURFACE()
B_SPLINE_SURFACE(3,1,((#3499,#3500),(#3501,#3502),(#3503,#3504),(#3505,
#3506)),.UNSPECIFIED.,.F.,.F.,.F.)
B_SPLINE_SURFACE_WITH_KNOTS((4,4),(2,2),(0.,1.),(0.,0.2),.UNSPECIFIED.)
GEOMETRIC_REPRESENTATION_ITEM()
RATIONAL_B_SPLINE_SURFACE(((1.,1.),(1.,1.),(1.,1.),(1.,1.)))
REPRESENTATION_ITEM('')
SURFACE()
);
#2465=(
BOUNDED_SURFACE()
B_SPLINE_SURFACE(3,1,((#3518,#3519),(#3520,#3521),(#3522,#3523),(#3524,
#3525)),.UNSPECIFIED.,.F.,.F.,.F.)
B_SPLINE_SURFACE_WITH_KNOTS((4,4),(2,2),(0.,1.),(0.,0.2),.UNSPECIFIED.)
GEOMETRIC_REPRESENTATION_ITEM()
RATIONAL_B_SPLINE_SURFACE(((1.,1.),(1.,1.),(1.,1.),(1.,1.)))
REPRESENTATION_ITEM('')
SURFACE()
);
#2466=(
BOUNDED_SURFACE()
B_SPLINE_SURFACE(3,1,((#3537,#3538),(#3539,#3540),(#3541,#3542),(#3543,
#3544)),.UNSPECIFIED.,.F.,.F.,.F.)
B_SPLINE_SURFACE_WITH_KNOTS((4,4),(2,2),(0.,1.),(0.,0.2),.UNSPECIFIED.)
GEOMETRIC_REPRESENTATION_ITEM()
RATIONAL_B_SPLINE_SURFACE(((1.,1.),(1.,1.),(1.,1.),(1.,1.)))
REPRESENTATION_ITEM('')
SURFACE()
);
#2467=(
BOUNDED_SURFACE()
B_SPLINE_SURFACE(3,1,((#3556,#3557),(#3558,#3559),(#3560,#3561),(#3562,
#3563)),.UNSPECIFIED.,.F.,.F.,.F.)
B_SPLINE_SURFACE_WITH_KNOTS((4,4),(2,2),(0.,1.),(0.,0.2),.UNSPECIFIED.)
GEOMETRIC_REPRESENTATION_ITEM()
RATIONAL_B_SPLINE_SURFACE(((1.,1.),(1.,1.),(1.,1.),(1.,1.)))
REPRESENTATION_ITEM('')
SURFACE()
);
#2468=(
BOUNDED_SURFACE()
B_SPLINE_SURFACE(3,1,((#3575,#3576),(#3577,#3578),(#3579,#3580),(#3581,
#3582)),.UNSPECIFIED.,.F.,.F.,.F.)
B_SPLINE_SURFACE_WITH_KNOTS((4,4),(2,2),(0.,1.),(0.,0.2),.UNSPECIFIED.)
GEOMETRIC_REPRESENTATION_ITEM()
RATIONAL_B_SPLINE_SURFACE(((1.,1.),(1.,1.),(1.,1.),(1.,1.)))
REPRESENTATION_ITEM('')
SURFACE()
);
#2469=(
BOUNDED_SURFACE()
B_SPLINE_SURFACE(3,1,((#3597,#3598),(#3599,#3600),(#3601,#3602),(#3603,
#3604)),.UNSPECIFIED.,.F.,.F.,.F.)
B_SPLINE_SURFACE_WITH_KNOTS((4,4),(2,2),(0.,1.),(0.,0.2),.UNSPECIFIED.)
GEOMETRIC_REPRESENTATION_ITEM()
RATIONAL_B_SPLINE_SURFACE(((1.,1.),(1.,1.),(1.,1.),(1.,1.)))
REPRESENTATION_ITEM('')
SURFACE()
);
#2470=(
BOUNDED_SURFACE()
B_SPLINE_SURFACE(3,1,((#3616,#3617),(#3618,#3619),(#3620,#3621),(#3622,
#3623)),.UNSPECIFIED.,.F.,.F.,.F.)
B_SPLINE_SURFACE_WITH_KNOTS((4,4),(2,2),(0.,1.),(0.,0.2),.UNSPECIFIED.)
GEOMETRIC_REPRESENTATION_ITEM()
RATIONAL_B_SPLINE_SURFACE(((1.,1.),(1.,1.),(1.,1.),(1.,1.)))
REPRESENTATION_ITEM('')
SURFACE()
);
#2471=(
BOUNDED_SURFACE()
B_SPLINE_SURFACE(3,1,((#3635,#3636),(#3637,#3638),(#3639,#3640),(#3641,
#3642)),.UNSPECIFIED.,.F.,.F.,.F.)
B_SPLINE_SURFACE_WITH_KNOTS((4,4),(2,2),(0.,1.),(0.,0.2),.UNSPECIFIED.)
GEOMETRIC_REPRESENTATION_ITEM()
RATIONAL_B_SPLINE_SURFACE(((1.,1.),(1.,1.),(1.,1.),(1.,1.)))
REPRESENTATION_ITEM('')
SURFACE()
);
#2472=(
BOUNDED_SURFACE()
B_SPLINE_SURFACE(3,1,((#3654,#3655),(#3656,#3657),(#3658,#3659),(#3660,
#3661)),.UNSPECIFIED.,.F.,.F.,.F.)
B_SPLINE_SURFACE_WITH_KNOTS((4,4),(2,2),(0.,1.),(0.,0.2),.UNSPECIFIED.)
GEOMETRIC_REPRESENTATION_ITEM()
RATIONAL_B_SPLINE_SURFACE(((1.,1.),(1.,1.),(1.,1.),(1.,1.)))
REPRESENTATION_ITEM('')
SURFACE()
);
#2473=(
BOUNDED_SURFACE()
B_SPLINE_SURFACE(3,1,((#3688,#3689),(#3690,#3691),(#3692,#3693),(#3694,
#3695)),.UNSPECIFIED.,.F.,.F.,.F.)
B_SPLINE_SURFACE_WITH_KNOTS((4,4),(2,2),(0.,1.),(0.,0.2),.UNSPECIFIED.)
GEOMETRIC_REPRESENTATION_ITEM()
RATIONAL_B_SPLINE_SURFACE(((1.,1.),(1.,1.),(1.,1.),(1.,1.)))
REPRESENTATION_ITEM('')
SURFACE()
);
#2474=(
BOUNDED_SURFACE()
B_SPLINE_SURFACE(3,1,((#3707,#3708),(#3709,#3710),(#3711,#3712),(#3713,
#3714)),.UNSPECIFIED.,.F.,.F.,.F.)
B_SPLINE_SURFACE_WITH_KNOTS((4,4),(2,2),(0.,1.),(0.,0.2),.UNSPECIFIED.)
GEOMETRIC_REPRESENTATION_ITEM()
RATIONAL_B_SPLINE_SURFACE(((1.,1.),(1.,1.),(1.,1.),(1.,1.)))
REPRESENTATION_ITEM('')
SURFACE()
);
#2475=(
BOUNDED_SURFACE()
B_SPLINE_SURFACE(3,1,((#3726,#3727),(#3728,#3729),(#3730,#3731),(#3732,
#3733)),.UNSPECIFIED.,.F.,.F.,.F.)
B_SPLINE_SURFACE_WITH_KNOTS((4,4),(2,2),(0.,1.),(0.,0.2),.UNSPECIFIED.)
GEOMETRIC_REPRESENTATION_ITEM()
RATIONAL_B_SPLINE_SURFACE(((1.,1.),(1.,1.),(1.,1.),(1.,1.)))
REPRESENTATION_ITEM('')
SURFACE()
);
#2476=(
BOUNDED_SURFACE()
B_SPLINE_SURFACE(3,1,((#3745,#3746),(#3747,#3748),(#3749,#3750),(#3751,
#3752)),.UNSPECIFIED.,.F.,.F.,.F.)
B_SPLINE_SURFACE_WITH_KNOTS((4,4),(2,2),(0.,1.),(0.,0.2),.UNSPECIFIED.)
GEOMETRIC_REPRESENTATION_ITEM()
RATIONAL_B_SPLINE_SURFACE(((1.,1.),(1.,1.),(1.,1.),(1.,1.)))
REPRESENTATION_ITEM('')
SURFACE()
);
#2477=(
BOUNDED_SURFACE()
B_SPLINE_SURFACE(3,1,((#3764,#3765),(#3766,#3767),(#3768,#3769),(#3770,
#3771)),.UNSPECIFIED.,.F.,.F.,.F.)
B_SPLINE_SURFACE_WITH_KNOTS((4,4),(2,2),(0.,1.),(0.,0.2),.UNSPECIFIED.)
GEOMETRIC_REPRESENTATION_ITEM()
RATIONAL_B_SPLINE_SURFACE(((1.,1.),(1.,1.),(1.,1.),(1.,1.)))
REPRESENTATION_ITEM('')
SURFACE()
);
#2478=(
BOUNDED_SURFACE()
B_SPLINE_SURFACE(3,1,((#3783,#3784),(#3785,#3786),(#3787,#3788),(#3789,
#3790)),.UNSPECIFIED.,.F.,.F.,.F.)
B_SPLINE_SURFACE_WITH_KNOTS((4,4),(2,2),(0.,1.),(0.,0.2),.UNSPECIFIED.)
GEOMETRIC_REPRESENTATION_ITEM()
RATIONAL_B_SPLINE_SURFACE(((1.,1.),(1.,1.),(1.,1.),(1.,1.)))
REPRESENTATION_ITEM('')
SURFACE()
);
#2479=(
BOUNDED_SURFACE()
B_SPLINE_SURFACE(3,1,((#3802,#3803),(#3804,#3805),(#3806,#3807),(#3808,
#3809)),.UNSPECIFIED.,.F.,.F.,.F.)
B_SPLINE_SURFACE_WITH_KNOTS((4,4),(2,2),(0.,1.),(0.,0.2),.UNSPECIFIED.)
GEOMETRIC_REPRESENTATION_ITEM()
RATIONAL_B_SPLINE_SURFACE(((1.,1.),(1.,1.),(1.,1.),(1.,1.)))
REPRESENTATION_ITEM('')
SURFACE()
);
#2480=(
BOUNDED_SURFACE()
B_SPLINE_SURFACE(5,1,((#3821,#3822),(#3823,#3824),(#3825,#3826),(#3827,
#3828),(#3829,#3830),(#3831,#3832),(#3833,#3834),(#3835,#3836),(#3837,#3838),
(#3839,#3840)),.UNSPECIFIED.,.F.,.F.,.F.)
B_SPLINE_SURFACE_WITH_KNOTS((6,1,1,1,1,6),(2,2),(-1.,-0.8,-0.6,-0.4,-0.2,
0.),(0.,0.2),.UNSPECIFIED.)
GEOMETRIC_REPRESENTATION_ITEM()
RATIONAL_B_SPLINE_SURFACE(((1.,1.),(1.,1.),(1.,1.),(1.,1.),(1.,1.),(1.,
1.),(1.,1.),(1.,1.),(1.,1.),(1.,1.)))
REPRESENTATION_ITEM('')
SURFACE()
);
#2481=(
BOUNDED_SURFACE()
B_SPLINE_SURFACE(3,1,((#3885,#3886),(#3887,#3888),(#3889,#3890),(#3891,
#3892)),.UNSPECIFIED.,.F.,.F.,.F.)
B_SPLINE_SURFACE_WITH_KNOTS((4,4),(2,2),(0.,1.),(0.,0.2),.UNSPECIFIED.)
GEOMETRIC_REPRESENTATION_ITEM()
RATIONAL_B_SPLINE_SURFACE(((1.,1.),(1.,1.),(1.,1.),(1.,1.)))
REPRESENTATION_ITEM('')
SURFACE()
);
#2482=(
BOUNDED_SURFACE()
B_SPLINE_SURFACE(3,1,((#3904,#3905),(#3906,#3907),(#3908,#3909),(#3910,
#3911)),.UNSPECIFIED.,.F.,.F.,.F.)
B_SPLINE_SURFACE_WITH_KNOTS((4,4),(2,2),(0.,1.),(0.,0.2),.UNSPECIFIED.)
GEOMETRIC_REPRESENTATION_ITEM()
RATIONAL_B_SPLINE_SURFACE(((1.,1.),(1.,1.),(1.,1.),(1.,1.)))
REPRESENTATION_ITEM('')
SURFACE()
);
#2483=(
BOUNDED_SURFACE()
B_SPLINE_SURFACE(3,1,((#3923,#3924),(#3925,#3926),(#3927,#3928),(#3929,
#3930)),.UNSPECIFIED.,.F.,.F.,.F.)
B_SPLINE_SURFACE_WITH_KNOTS((4,4),(2,2),(0.,1.),(0.,0.2),.UNSPECIFIED.)
GEOMETRIC_REPRESENTATION_ITEM()
RATIONAL_B_SPLINE_SURFACE(((1.,1.),(1.,1.),(1.,1.),(1.,1.)))
REPRESENTATION_ITEM('')
SURFACE()
);
#2484=(
BOUNDED_SURFACE()
B_SPLINE_SURFACE(3,1,((#3942,#3943),(#3944,#3945),(#3946,#3947),(#3948,
#3949)),.UNSPECIFIED.,.F.,.F.,.F.)
B_SPLINE_SURFACE_WITH_KNOTS((4,4),(2,2),(0.,1.),(0.,0.2),.UNSPECIFIED.)
GEOMETRIC_REPRESENTATION_ITEM()
RATIONAL_B_SPLINE_SURFACE(((1.,1.),(1.,1.),(1.,1.),(1.,1.)))
REPRESENTATION_ITEM('')
SURFACE()
);
#2485=(
BOUNDED_SURFACE()
B_SPLINE_SURFACE(3,1,((#3961,#3962),(#3963,#3964),(#3965,#3966),(#3967,
#3968)),.UNSPECIFIED.,.F.,.F.,.F.)
B_SPLINE_SURFACE_WITH_KNOTS((4,4),(2,2),(0.,1.),(0.,0.2),.UNSPECIFIED.)
GEOMETRIC_REPRESENTATION_ITEM()
RATIONAL_B_SPLINE_SURFACE(((1.,1.),(1.,1.),(1.,1.),(1.,1.)))
REPRESENTATION_ITEM('')
SURFACE()
);
#2486=(
BOUNDED_SURFACE()
B_SPLINE_SURFACE(3,1,((#3980,#3981),(#3982,#3983),(#3984,#3985),(#3986,
#3987)),.UNSPECIFIED.,.F.,.F.,.F.)
B_SPLINE_SURFACE_WITH_KNOTS((4,4),(2,2),(0.,1.),(0.,0.2),.UNSPECIFIED.)
GEOMETRIC_REPRESENTATION_ITEM()
RATIONAL_B_SPLINE_SURFACE(((1.,1.),(1.,1.),(1.,1.),(1.,1.)))
REPRESENTATION_ITEM('')
SURFACE()
);
#2487=(
BOUNDED_SURFACE()
B_SPLINE_SURFACE(3,1,((#3999,#4000),(#4001,#4002),(#4003,#4004),(#4005,
#4006)),.UNSPECIFIED.,.F.,.F.,.F.)
B_SPLINE_SURFACE_WITH_KNOTS((4,4),(2,2),(0.,1.),(0.,0.2),.UNSPECIFIED.)
GEOMETRIC_REPRESENTATION_ITEM()
RATIONAL_B_SPLINE_SURFACE(((1.,1.),(1.,1.),(1.,1.),(1.,1.)))
REPRESENTATION_ITEM('')
SURFACE()
);
#2488=(
BOUNDED_SURFACE()
B_SPLINE_SURFACE(3,1,((#4030,#4031),(#4032,#4033),(#4034,#4035),(#4036,
#4037)),.UNSPECIFIED.,.F.,.F.,.F.)
B_SPLINE_SURFACE_WITH_KNOTS((4,4),(2,2),(0.,1.),(0.,0.2),.UNSPECIFIED.)
GEOMETRIC_REPRESENTATION_ITEM()
RATIONAL_B_SPLINE_SURFACE(((1.,1.),(1.,1.),(1.,1.),(1.,1.)))
REPRESENTATION_ITEM('')
SURFACE()
);
#2489=(
BOUNDED_SURFACE()
B_SPLINE_SURFACE(3,1,((#4049,#4050),(#4051,#4052),(#4053,#4054),(#4055,
#4056)),.UNSPECIFIED.,.F.,.F.,.F.)
B_SPLINE_SURFACE_WITH_KNOTS((4,4),(2,2),(0.,1.),(0.,0.2),.UNSPECIFIED.)
GEOMETRIC_REPRESENTATION_ITEM()
RATIONAL_B_SPLINE_SURFACE(((1.,1.),(1.,1.),(1.,1.),(1.,1.)))
REPRESENTATION_ITEM('')
SURFACE()
);
#2490=(
BOUNDED_SURFACE()
B_SPLINE_SURFACE(3,1,((#4068,#4069),(#4070,#4071),(#4072,#4073),(#4074,
#4075)),.UNSPECIFIED.,.F.,.F.,.F.)
B_SPLINE_SURFACE_WITH_KNOTS((4,4),(2,2),(0.,1.),(0.,0.2),.UNSPECIFIED.)
GEOMETRIC_REPRESENTATION_ITEM()
RATIONAL_B_SPLINE_SURFACE(((1.,1.),(1.,1.),(1.,1.),(1.,1.)))
REPRESENTATION_ITEM('')
SURFACE()
);
#2491=(
BOUNDED_SURFACE()
B_SPLINE_SURFACE(3,1,((#4087,#4088),(#4089,#4090),(#4091,#4092),(#4093,
#4094)),.UNSPECIFIED.,.F.,.F.,.F.)
B_SPLINE_SURFACE_WITH_KNOTS((4,4),(2,2),(0.,1.),(0.,0.2),.UNSPECIFIED.)
GEOMETRIC_REPRESENTATION_ITEM()
RATIONAL_B_SPLINE_SURFACE(((1.,1.),(1.,1.),(1.,1.),(1.,1.)))
REPRESENTATION_ITEM('')
SURFACE()
);
#2492=(
BOUNDED_SURFACE()
B_SPLINE_SURFACE(3,1,((#4106,#4107),(#4108,#4109),(#4110,#4111),(#4112,
#4113)),.UNSPECIFIED.,.F.,.F.,.F.)
B_SPLINE_SURFACE_WITH_KNOTS((4,4),(2,2),(0.,1.),(0.,0.2),.UNSPECIFIED.)
GEOMETRIC_REPRESENTATION_ITEM()
RATIONAL_B_SPLINE_SURFACE(((1.,1.),(1.,1.),(1.,1.),(1.,1.)))
REPRESENTATION_ITEM('')
SURFACE()
);
#2493=(
BOUNDED_SURFACE()
B_SPLINE_SURFACE(3,1,((#4125,#4126),(#4127,#4128),(#4129,#4130),(#4131,
#4132)),.UNSPECIFIED.,.F.,.F.,.F.)
B_SPLINE_SURFACE_WITH_KNOTS((4,4),(2,2),(0.,1.),(0.,0.2),.UNSPECIFIED.)
GEOMETRIC_REPRESENTATION_ITEM()
RATIONAL_B_SPLINE_SURFACE(((1.,1.),(1.,1.),(1.,1.),(1.,1.)))
REPRESENTATION_ITEM('')
SURFACE()
);
#2494=(
BOUNDED_SURFACE()
B_SPLINE_SURFACE(3,1,((#4141,#4142),(#4143,#4144),(#4145,#4146),(#4147,
#4148)),.UNSPECIFIED.,.F.,.F.,.F.)
B_SPLINE_SURFACE_WITH_KNOTS((4,4),(2,2),(0.,1.),(0.,0.2),.UNSPECIFIED.)
GEOMETRIC_REPRESENTATION_ITEM()
RATIONAL_B_SPLINE_SURFACE(((1.,1.),(1.,1.),(1.,1.),(1.,1.)))
REPRESENTATION_ITEM('')
SURFACE()
);
#2495=(
BOUNDED_SURFACE()
B_SPLINE_SURFACE(3,1,((#4160,#4161),(#4162,#4163),(#4164,#4165),(#4166,
#4167)),.UNSPECIFIED.,.F.,.F.,.F.)
B_SPLINE_SURFACE_WITH_KNOTS((4,4),(2,2),(0.,1.),(0.,0.2),.UNSPECIFIED.)
GEOMETRIC_REPRESENTATION_ITEM()
RATIONAL_B_SPLINE_SURFACE(((1.,1.),(1.,1.),(1.,1.),(1.,1.)))
REPRESENTATION_ITEM('')
SURFACE()
);
#2496=(
BOUNDED_SURFACE()
B_SPLINE_SURFACE(3,1,((#4179,#4180),(#4181,#4182),(#4183,#4184),(#4185,
#4186)),.UNSPECIFIED.,.F.,.F.,.F.)
B_SPLINE_SURFACE_WITH_KNOTS((4,4),(2,2),(0.,1.),(0.,0.2),.UNSPECIFIED.)
GEOMETRIC_REPRESENTATION_ITEM()
RATIONAL_B_SPLINE_SURFACE(((1.,1.),(1.,1.),(1.,1.),(1.,1.)))
REPRESENTATION_ITEM('')
SURFACE()
);
#2497=(
BOUNDED_SURFACE()
B_SPLINE_SURFACE(3,1,((#4198,#4199),(#4200,#4201),(#4202,#4203),(#4204,
#4205)),.UNSPECIFIED.,.F.,.F.,.F.)
B_SPLINE_SURFACE_WITH_KNOTS((4,4),(2,2),(0.,1.),(0.,0.2),.UNSPECIFIED.)
GEOMETRIC_REPRESENTATION_ITEM()
RATIONAL_B_SPLINE_SURFACE(((1.,1.),(1.,1.),(1.,1.),(1.,1.)))
REPRESENTATION_ITEM('')
SURFACE()
);
#2498=(
BOUNDED_SURFACE()
B_SPLINE_SURFACE(3,1,((#4217,#4218),(#4219,#4220),(#4221,#4222),(#4223,
#4224)),.UNSPECIFIED.,.F.,.F.,.F.)
B_SPLINE_SURFACE_WITH_KNOTS((4,4),(2,2),(0.,1.),(0.,0.2),.UNSPECIFIED.)
GEOMETRIC_REPRESENTATION_ITEM()
RATIONAL_B_SPLINE_SURFACE(((1.,1.),(1.,1.),(1.,1.),(1.,1.)))
REPRESENTATION_ITEM('')
SURFACE()
);
#2499=(
BOUNDED_SURFACE()
B_SPLINE_SURFACE(3,1,((#4236,#4237),(#4238,#4239),(#4240,#4241),(#4242,
#4243)),.UNSPECIFIED.,.F.,.F.,.F.)
B_SPLINE_SURFACE_WITH_KNOTS((4,4),(2,2),(0.,1.),(0.,0.2),.UNSPECIFIED.)
GEOMETRIC_REPRESENTATION_ITEM()
RATIONAL_B_SPLINE_SURFACE(((1.,1.),(1.,1.),(1.,1.),(1.,1.)))
REPRESENTATION_ITEM('')
SURFACE()
);
#2500=(
BOUNDED_SURFACE()
B_SPLINE_SURFACE(3,1,((#4255,#4256),(#4257,#4258),(#4259,#4260),(#4261,
#4262)),.UNSPECIFIED.,.F.,.F.,.F.)
B_SPLINE_SURFACE_WITH_KNOTS((4,4),(2,2),(0.,1.),(0.,0.2),.UNSPECIFIED.)
GEOMETRIC_REPRESENTATION_ITEM()
RATIONAL_B_SPLINE_SURFACE(((1.,1.),(1.,1.),(1.,1.),(1.,1.)))
REPRESENTATION_ITEM('')
SURFACE()
);
#2501=(
BOUNDED_SURFACE()
B_SPLINE_SURFACE(3,1,((#4271,#4272),(#4273,#4274),(#4275,#4276),(#4277,
#4278)),.UNSPECIFIED.,.F.,.F.,.F.)
B_SPLINE_SURFACE_WITH_KNOTS((4,4),(2,2),(0.,1.),(0.,0.2),.UNSPECIFIED.)
GEOMETRIC_REPRESENTATION_ITEM()
RATIONAL_B_SPLINE_SURFACE(((1.,1.),(1.,1.),(1.,1.),(1.,1.)))
REPRESENTATION_ITEM('')
SURFACE()
);
#2502=(
BOUNDED_SURFACE()
B_SPLINE_SURFACE(3,1,((#4290,#4291),(#4292,#4293),(#4294,#4295),(#4296,
#4297)),.UNSPECIFIED.,.F.,.F.,.F.)
B_SPLINE_SURFACE_WITH_KNOTS((4,4),(2,2),(0.,1.),(0.,0.2),.UNSPECIFIED.)
GEOMETRIC_REPRESENTATION_ITEM()
RATIONAL_B_SPLINE_SURFACE(((1.,1.),(1.,1.),(1.,1.),(1.,1.)))
REPRESENTATION_ITEM('')
SURFACE()
);
#2503=(
BOUNDED_SURFACE()
B_SPLINE_SURFACE(3,1,((#4311,#4312),(#4313,#4314),(#4315,#4316),(#4317,
#4318)),.UNSPECIFIED.,.F.,.F.,.F.)
B_SPLINE_SURFACE_WITH_KNOTS((4,4),(2,2),(0.,1.),(0.,0.2),.UNSPECIFIED.)
GEOMETRIC_REPRESENTATION_ITEM()
RATIONAL_B_SPLINE_SURFACE(((1.,1.),(1.,1.),(1.,1.),(1.,1.)))
REPRESENTATION_ITEM('')
SURFACE()
);
#2504=(
BOUNDED_SURFACE()
B_SPLINE_SURFACE(3,1,((#4330,#4331),(#4332,#4333),(#4334,#4335),(#4336,
#4337)),.UNSPECIFIED.,.F.,.F.,.F.)
B_SPLINE_SURFACE_WITH_KNOTS((4,4),(2,2),(0.,1.),(0.,0.2),.UNSPECIFIED.)
GEOMETRIC_REPRESENTATION_ITEM()
RATIONAL_B_SPLINE_SURFACE(((1.,1.),(1.,1.),(1.,1.),(1.,1.)))
REPRESENTATION_ITEM('')
SURFACE()
);
#2505=(
BOUNDED_SURFACE()
B_SPLINE_SURFACE(5,1,((#4346,#4347),(#4348,#4349),(#4350,#4351),(#4352,
#4353),(#4354,#4355),(#4356,#4357),(#4358,#4359),(#4360,#4361),(#4362,#4363),
(#4364,#4365)),.UNSPECIFIED.,.F.,.F.,.F.)
B_SPLINE_SURFACE_WITH_KNOTS((6,1,1,1,1,6),(2,2),(-1.,-0.8,-0.6,-0.4,-0.2,
0.),(0.,0.2),.UNSPECIFIED.)
GEOMETRIC_REPRESENTATION_ITEM()
RATIONAL_B_SPLINE_SURFACE(((1.,1.),(1.,1.),(1.,1.),(1.,1.),(1.,1.),(1.,
1.),(1.,1.),(1.,1.),(1.,1.),(1.,1.)))
REPRESENTATION_ITEM('')
SURFACE()
);
#2506=(
BOUNDED_SURFACE()
B_SPLINE_SURFACE(3,1,((#4410,#4411),(#4412,#4413),(#4414,#4415),(#4416,
#4417)),.UNSPECIFIED.,.F.,.F.,.F.)
B_SPLINE_SURFACE_WITH_KNOTS((4,4),(2,2),(0.,1.),(0.,0.2),.UNSPECIFIED.)
GEOMETRIC_REPRESENTATION_ITEM()
RATIONAL_B_SPLINE_SURFACE(((1.,1.),(1.,1.),(1.,1.),(1.,1.)))
REPRESENTATION_ITEM('')
SURFACE()
);
#2507=(
BOUNDED_SURFACE()
B_SPLINE_SURFACE(5,1,((#4429,#4430),(#4431,#4432),(#4433,#4434),(#4435,
#4436),(#4437,#4438),(#4439,#4440),(#4441,#4442),(#4443,#4444),(#4445,#4446),
(#4447,#4448)),.UNSPECIFIED.,.F.,.F.,.F.)
B_SPLINE_SURFACE_WITH_KNOTS((6,1,1,1,1,6),(2,2),(-1.,-0.8,-0.6,-0.4,-0.2,
0.),(0.,0.2),.UNSPECIFIED.)
GEOMETRIC_REPRESENTATION_ITEM()
RATIONAL_B_SPLINE_SURFACE(((1.,1.),(1.,1.),(1.,1.),(1.,1.),(1.,1.),(1.,
1.),(1.,1.),(1.,1.),(1.,1.),(1.,1.)))
REPRESENTATION_ITEM('')
SURFACE()
);
#2508=(
BOUNDED_SURFACE()
B_SPLINE_SURFACE(3,1,((#4493,#4494),(#4495,#4496),(#4497,#4498),(#4499,
#4500)),.UNSPECIFIED.,.F.,.F.,.F.)
B_SPLINE_SURFACE_WITH_KNOTS((4,4),(2,2),(0.,1.),(0.,0.2),.UNSPECIFIED.)
GEOMETRIC_REPRESENTATION_ITEM()
RATIONAL_B_SPLINE_SURFACE(((1.,1.),(1.,1.),(1.,1.),(1.,1.)))
REPRESENTATION_ITEM('')
SURFACE()
);
#2509=(
BOUNDED_SURFACE()
B_SPLINE_SURFACE(3,1,((#4512,#4513),(#4514,#4515),(#4516,#4517),(#4518,
#4519)),.UNSPECIFIED.,.F.,.F.,.F.)
B_SPLINE_SURFACE_WITH_KNOTS((4,4),(2,2),(0.,1.),(0.,0.2),.UNSPECIFIED.)
GEOMETRIC_REPRESENTATION_ITEM()
RATIONAL_B_SPLINE_SURFACE(((1.,1.),(1.,1.),(1.,1.),(1.,1.)))
REPRESENTATION_ITEM('')
SURFACE()
);
#2510=(
BOUNDED_SURFACE()
B_SPLINE_SURFACE(3,1,((#4543,#4544),(#4545,#4546),(#4547,#4548),(#4549,
#4550)),.UNSPECIFIED.,.F.,.F.,.F.)
B_SPLINE_SURFACE_WITH_KNOTS((4,4),(2,2),(0.,1.),(0.,0.2),.UNSPECIFIED.)
GEOMETRIC_REPRESENTATION_ITEM()
RATIONAL_B_SPLINE_SURFACE(((1.,1.),(1.,1.),(1.,1.),(1.,1.)))
REPRESENTATION_ITEM('')
SURFACE()
);
#2511=(
BOUNDED_SURFACE()
B_SPLINE_SURFACE(3,1,((#4574,#4575),(#4576,#4577),(#4578,#4579),(#4580,
#4581)),.UNSPECIFIED.,.F.,.F.,.F.)
B_SPLINE_SURFACE_WITH_KNOTS((4,4),(2,2),(0.,1.),(0.,0.2),.UNSPECIFIED.)
GEOMETRIC_REPRESENTATION_ITEM()
RATIONAL_B_SPLINE_SURFACE(((1.,1.),(1.,1.),(1.,1.),(1.,1.)))
REPRESENTATION_ITEM('')
SURFACE()
);
#2512=(
BOUNDED_SURFACE()
B_SPLINE_SURFACE(3,1,((#4593,#4594),(#4595,#4596),(#4597,#4598),(#4599,
#4600)),.UNSPECIFIED.,.F.,.F.,.F.)
B_SPLINE_SURFACE_WITH_KNOTS((4,4),(2,2),(0.,1.),(0.,0.2),.UNSPECIFIED.)
GEOMETRIC_REPRESENTATION_ITEM()
RATIONAL_B_SPLINE_SURFACE(((1.,1.),(1.,1.),(1.,1.),(1.,1.)))
REPRESENTATION_ITEM('')
SURFACE()
);
#2513=(
BOUNDED_SURFACE()
B_SPLINE_SURFACE(5,1,((#4612,#4613),(#4614,#4615),(#4616,#4617),(#4618,
#4619),(#4620,#4621),(#4622,#4623),(#4624,#4625),(#4626,#4627),(#4628,#4629),
(#4630,#4631)),.UNSPECIFIED.,.F.,.F.,.F.)
B_SPLINE_SURFACE_WITH_KNOTS((6,1,1,1,1,6),(2,2),(-1.,-0.8,-0.6,-0.4,-0.2,
0.),(0.,0.2),.UNSPECIFIED.)
GEOMETRIC_REPRESENTATION_ITEM()
RATIONAL_B_SPLINE_SURFACE(((1.,1.),(1.,1.),(1.,1.),(1.,1.),(1.,1.),(1.,
1.),(1.,1.),(1.,1.),(1.,1.),(1.,1.)))
REPRESENTATION_ITEM('')
SURFACE()
);
#2514=(
BOUNDED_SURFACE()
B_SPLINE_SURFACE(3,1,((#4676,#4677),(#4678,#4679),(#4680,#4681),(#4682,
#4683)),.UNSPECIFIED.,.F.,.F.,.F.)
B_SPLINE_SURFACE_WITH_KNOTS((4,4),(2,2),(0.,1.),(0.,0.2),.UNSPECIFIED.)
GEOMETRIC_REPRESENTATION_ITEM()
RATIONAL_B_SPLINE_SURFACE(((1.,1.),(1.,1.),(1.,1.),(1.,1.)))
REPRESENTATION_ITEM('')
SURFACE()
);
#2515=(
BOUNDED_SURFACE()
B_SPLINE_SURFACE(3,1,((#4695,#4696),(#4697,#4698),(#4699,#4700),(#4701,
#4702)),.UNSPECIFIED.,.F.,.F.,.F.)
B_SPLINE_SURFACE_WITH_KNOTS((4,4),(2,2),(0.,1.),(0.,0.2),.UNSPECIFIED.)
GEOMETRIC_REPRESENTATION_ITEM()
RATIONAL_B_SPLINE_SURFACE(((1.,1.),(1.,1.),(1.,1.),(1.,1.)))
REPRESENTATION_ITEM('')
SURFACE()
);
#2516=(
BOUNDED_SURFACE()
B_SPLINE_SURFACE(3,1,((#4726,#4727),(#4728,#4729),(#4730,#4731),(#4732,
#4733)),.UNSPECIFIED.,.F.,.F.,.F.)
B_SPLINE_SURFACE_WITH_KNOTS((4,4),(2,2),(0.,1.),(0.,0.2),.UNSPECIFIED.)
GEOMETRIC_REPRESENTATION_ITEM()
RATIONAL_B_SPLINE_SURFACE(((1.,1.),(1.,1.),(1.,1.),(1.,1.)))
REPRESENTATION_ITEM('')
SURFACE()
);
#2517=(
BOUNDED_SURFACE()
B_SPLINE_SURFACE(3,1,((#4757,#4758),(#4759,#4760),(#4761,#4762),(#4763,
#4764)),.UNSPECIFIED.,.F.,.F.,.F.)
B_SPLINE_SURFACE_WITH_KNOTS((4,4),(2,2),(0.,1.),(0.,0.2),.UNSPECIFIED.)
GEOMETRIC_REPRESENTATION_ITEM()
RATIONAL_B_SPLINE_SURFACE(((1.,1.),(1.,1.),(1.,1.),(1.,1.)))
REPRESENTATION_ITEM('')
SURFACE()
);
#2518=(
BOUNDED_SURFACE()
B_SPLINE_SURFACE(3,1,((#4776,#4777),(#4778,#4779),(#4780,#4781),(#4782,
#4783)),.UNSPECIFIED.,.F.,.F.,.F.)
B_SPLINE_SURFACE_WITH_KNOTS((4,4),(2,2),(0.,1.),(0.,0.2),.UNSPECIFIED.)
GEOMETRIC_REPRESENTATION_ITEM()
RATIONAL_B_SPLINE_SURFACE(((1.,1.),(1.,1.),(1.,1.),(1.,1.)))
REPRESENTATION_ITEM('')
SURFACE()
);
#2519=ADVANCED_FACE('',(#185),#2457,.F.);
#2520=ADVANCED_FACE('',(#186),#2458,.F.);
#2521=ADVANCED_FACE('',(#187),#2459,.F.);
#2522=ADVANCED_FACE('',(#188),#2460,.F.);
#2523=ADVANCED_FACE('',(#189),#2461,.F.);
#2524=ADVANCED_FACE('',(#190),#2462,.F.);
#2525=ADVANCED_FACE('',(#191),#2463,.F.);
#2526=ADVANCED_FACE('',(#192),#2464,.F.);
#2527=ADVANCED_FACE('',(#193),#2465,.F.);
#2528=ADVANCED_FACE('',(#194),#2466,.F.);
#2529=ADVANCED_FACE('',(#195),#2467,.F.);
#2530=ADVANCED_FACE('',(#196),#2468,.F.);
#2531=ADVANCED_FACE('',(#197),#2469,.F.);
#2532=ADVANCED_FACE('',(#198),#2470,.F.);
#2533=ADVANCED_FACE('',(#199),#2471,.F.);
#2534=ADVANCED_FACE('',(#200),#2472,.F.);
#2535=ADVANCED_FACE('',(#201),#139,.F.);
#2536=ADVANCED_FACE('',(#202),#140,.F.);
#2537=ADVANCED_FACE('',(#203),#2473,.F.);
#2538=ADVANCED_FACE('',(#204),#2474,.F.);
#2539=ADVANCED_FACE('',(#205),#2475,.F.);
#2540=ADVANCED_FACE('',(#206),#2476,.F.);
#2541=ADVANCED_FACE('',(#207),#2477,.F.);
#2542=ADVANCED_FACE('',(#208),#2478,.F.);
#2543=ADVANCED_FACE('',(#209),#2479,.F.);
#2544=ADVANCED_FACE('',(#210),#2480,.F.);
#2545=ADVANCED_FACE('',(#211),#2481,.F.);
#2546=ADVANCED_FACE('',(#212),#2482,.F.);
#2547=ADVANCED_FACE('',(#213),#2483,.F.);
#2548=ADVANCED_FACE('',(#214),#2484,.F.);
#2549=ADVANCED_FACE('',(#215),#2485,.F.);
#2550=ADVANCED_FACE('',(#216),#2486,.F.);
#2551=ADVANCED_FACE('',(#217),#2487,.F.);
#2552=ADVANCED_FACE('',(#218),#141,.F.);
#2553=ADVANCED_FACE('',(#219),#142,.F.);
#2554=ADVANCED_FACE('',(#220),#2488,.F.);
#2555=ADVANCED_FACE('',(#221),#2489,.F.);
#2556=ADVANCED_FACE('',(#222),#2490,.F.);
#2557=ADVANCED_FACE('',(#223),#2491,.F.);
#2558=ADVANCED_FACE('',(#224),#2492,.F.);
#2559=ADVANCED_FACE('',(#225),#2493,.F.);
#2560=ADVANCED_FACE('',(#226),#2494,.F.);
#2561=ADVANCED_FACE('',(#227),#2495,.F.);
#2562=ADVANCED_FACE('',(#228),#2496,.F.);
#2563=ADVANCED_FACE('',(#229),#2497,.F.);
#2564=ADVANCED_FACE('',(#230),#2498,.F.);
#2565=ADVANCED_FACE('',(#231),#2499,.F.);
#2566=ADVANCED_FACE('',(#232),#2500,.F.);
#2567=ADVANCED_FACE('',(#233),#2501,.F.);
#2568=ADVANCED_FACE('',(#234),#2502,.F.);
#2569=ADVANCED_FACE('',(#235),#2503,.F.);
#2570=ADVANCED_FACE('',(#236),#2504,.F.);
#2571=ADVANCED_FACE('',(#237),#2505,.F.);
#2572=ADVANCED_FACE('',(#238),#2506,.F.);
#2573=ADVANCED_FACE('',(#239),#2507,.F.);
#2574=ADVANCED_FACE('',(#240),#2508,.F.);
#2575=ADVANCED_FACE('',(#241),#2509,.F.);
#2576=ADVANCED_FACE('',(#242),#143,.F.);
#2577=ADVANCED_FACE('',(#243),#144,.F.);
#2578=ADVANCED_FACE('',(#244),#2510,.F.);
#2579=ADVANCED_FACE('',(#245),#145,.F.);
#2580=ADVANCED_FACE('',(#246),#146,.F.);
#2581=ADVANCED_FACE('',(#247),#2511,.F.);
#2582=ADVANCED_FACE('',(#248),#2512,.F.);
#2583=ADVANCED_FACE('',(#249),#2513,.F.);
#2584=ADVANCED_FACE('',(#250),#2514,.F.);
#2585=ADVANCED_FACE('',(#251),#2515,.F.);
#2586=ADVANCED_FACE('',(#252),#147,.F.);
#2587=ADVANCED_FACE('',(#253),#148,.F.);
#2588=ADVANCED_FACE('',(#254),#2516,.F.);
#2589=ADVANCED_FACE('',(#255),#149,.F.);
#2590=ADVANCED_FACE('',(#256),#150,.F.);
#2591=ADVANCED_FACE('',(#257),#2517,.F.);
#2592=ADVANCED_FACE('',(#258),#2518,.F.);
#2593=ADVANCED_FACE('',(#259,#127,#128,#129),#151,.T.);
#2594=ADVANCED_FACE('',(#260),#152,.T.);
#2595=ADVANCED_FACE('',(#261),#153,.T.);
#2596=ADVANCED_FACE('',(#262),#154,.T.);
#2597=ADVANCED_FACE('',(#263),#155,.F.);
#2598=ADVANCED_FACE('',(#264),#97,.F.);
#2599=ADVANCED_FACE('',(#265),#156,.F.);
#2600=ADVANCED_FACE('',(#266),#98,.F.);
#2601=ADVANCED_FACE('',(#267),#157,.F.);
#2602=ADVANCED_FACE('',(#268),#158,.F.);
#2603=ADVANCED_FACE('',(#269,#130,#131,#132,#133,#134,#135),#159,.F.);
#2604=ADVANCED_FACE('',(#270),#99,.F.);
#2605=ADVANCED_FACE('',(#271),#160,.F.);
#2606=ADVANCED_FACE('',(#272),#100,.F.);
#2607=ADVANCED_FACE('',(#273),#161,.F.);
#2608=ADVANCED_FACE('',(#274),#101,.F.);
#2609=ADVANCED_FACE('',(#275),#162,.F.);
#2610=ADVANCED_FACE('',(#276),#102,.F.);
#2611=ADVANCED_FACE('',(#277),#163,.F.);
#2612=ADVANCED_FACE('',(#278),#164,.T.);
#2613=ADVANCED_FACE('',(#279),#23,.T.);
#2614=ADVANCED_FACE('',(#280),#165,.T.);
#2615=ADVANCED_FACE('',(#281),#24,.T.);
#2616=ADVANCED_FACE('',(#282),#166,.T.);
#2617=ADVANCED_FACE('',(#283),#25,.T.);
#2618=ADVANCED_FACE('',(#284),#167,.T.);
#2619=ADVANCED_FACE('',(#285),#26,.T.);
#2620=ADVANCED_FACE('',(#286),#103,.T.);
#2621=ADVANCED_FACE('',(#287),#168,.T.);
#2622=ADVANCED_FACE('',(#288),#104,.T.);
#2623=ADVANCED_FACE('',(#289),#169,.T.);
#2624=ADVANCED_FACE('',(#290,#136,#137,#138),#170,.T.);
#2625=ADVANCED_FACE('',(#291),#171,.T.);
#2626=ADVANCED_FACE('',(#292),#105,.T.);
#2627=ADVANCED_FACE('',(#293),#106,.T.);
#2628=ADVANCED_FACE('',(#294),#172,.T.);
#2629=ADVANCED_FACE('',(#295),#107,.T.);
#2630=ADVANCED_FACE('',(#296),#17,.T.);
#2631=ADVANCED_FACE('',(#297),#108,.T.);
#2632=ADVANCED_FACE('',(#298),#18,.T.);
#2633=ADVANCED_FACE('',(#299),#109,.T.);
#2634=ADVANCED_FACE('',(#300),#110,.T.);
#2635=ADVANCED_FACE('',(#301),#111,.T.);
#2636=ADVANCED_FACE('',(#302),#19,.T.);
#2637=ADVANCED_FACE('',(#303),#112,.T.);
#2638=ADVANCED_FACE('',(#304),#20,.T.);
#2639=ADVANCED_FACE('',(#305),#113,.T.);
#2640=ADVANCED_FACE('',(#306),#21,.T.);
#2641=ADVANCED_FACE('',(#307),#114,.T.);
#2642=ADVANCED_FACE('',(#308),#22,.T.);
#2643=ADVANCED_FACE('',(#309),#15,.T.);
#2644=ADVANCED_FACE('',(#310),#16,.T.);
#2645=ADVANCED_FACE('',(#311),#115,.F.);
#2646=ADVANCED_FACE('',(#312),#173,.T.);
#2647=ADVANCED_FACE('',(#313),#116,.F.);
#2648=ADVANCED_FACE('',(#314),#174,.T.);
#2649=ADVANCED_FACE('',(#315),#117,.F.);
#2650=ADVANCED_FACE('',(#316),#175,.T.);
#2651=ADVANCED_FACE('',(#317),#118,.F.);
#2652=ADVANCED_FACE('',(#318),#176,.T.);
#2653=ADVANCED_FACE('',(#319),#177,.T.);
#2654=ADVANCED_FACE('',(#320),#119,.T.);
#2655=ADVANCED_FACE('',(#321),#178,.T.);
#2656=ADVANCED_FACE('',(#322),#120,.T.);
#2657=ADVANCED_FACE('',(#323),#179,.T.);
#2658=ADVANCED_FACE('',(#324),#121,.F.);
#2659=ADVANCED_FACE('',(#325),#122,.F.);
#2660=ADVANCED_FACE('',(#326),#180,.T.);
#2661=ADVANCED_FACE('',(#327),#181,.T.);
#2662=ADVANCED_FACE('',(#328),#123,.F.);
#2663=ADVANCED_FACE('',(#329),#182,.T.);
#2664=ADVANCED_FACE('',(#330),#124,.F.);
#2665=ADVANCED_FACE('',(#331),#183,.T.);
#2666=ADVANCED_FACE('',(#332),#125,.F.);
#2667=ADVANCED_FACE('',(#333),#184,.T.);
#2668=ADVANCED_FACE('',(#334),#126,.F.);
#2669=CLOSED_SHELL('',(#2519,#2520,#2521,#2522,#2523,#2524,#2525,#2526,
#2527,#2528,#2529,#2530,#2531,#2532,#2533,#2534,#2535,#2536,#2537,#2538,
#2539,#2540,#2541,#2542,#2543,#2544,#2545,#2546,#2547,#2548,#2549,#2550,
#2551,#2552,#2553,#2554,#2555,#2556,#2557,#2558,#2559,#2560,#2561,#2562,
#2563,#2564,#2565,#2566,#2567,#2568,#2569,#2570,#2571,#2572,#2573,#2574,
#2575,#2576,#2577,#2578,#2579,#2580,#2581,#2582,#2583,#2584,#2585,#2586,
#2587,#2588,#2589,#2590,#2591,#2592,#2593,#2594,#2595,#2596,#2597,#2598,
#2599,#2600,#2601,#2602,#2603,#2604,#2605,#2606,#2607,#2608,#2609,#2610,
#2611,#2612,#2613,#2614,#2615,#2616,#2617,#2618,#2619,#2620,#2621,#2622,
#2623,#2624,#2625,#2626,#2627,#2628,#2629,#2630,#2631,#2632,#2633,#2634,
#2635,#2636,#2637,#2638,#2639,#2640,#2641,#2642,#2643,#2644,#2645,#2646,
#2647,#2648,#2649,#2650,#2651,#2652,#2653,#2654,#2655,#2656,#2657,#2658,
#2659,#2660,#2661,#2662,#2663,#2664,#2665,#2666,#2667,#2668));
#2670=DERIVED_UNIT_ELEMENT(#2672,1.);
#2671=DERIVED_UNIT_ELEMENT(#5151,-3.);
#2672=(
MASS_UNIT()
NAMED_UNIT(*)
SI_UNIT(.KILO.,.GRAM.)
);
#2673=DERIVED_UNIT((#2670,#2671));
#2674=MEASURE_REPRESENTATION_ITEM('density measure',
POSITIVE_RATIO_MEASURE(7850.),#2673);
#2675=PROPERTY_DEFINITION_REPRESENTATION(#2680,#2677);
#2676=PROPERTY_DEFINITION_REPRESENTATION(#2681,#2678);
#2677=REPRESENTATION('material name',(#2679),#5148);
#2678=REPRESENTATION('density',(#2674),#5148);
#2679=DESCRIPTIVE_REPRESENTATION_ITEM('Steel','Steel');
#2680=PROPERTY_DEFINITION('material property','material name',#5158);
#2681=PROPERTY_DEFINITION('material property','density of part',#5158);
#2682=AXIS2_PLACEMENT_3D('',#3359,#2841,#2842);
#2683=AXIS2_PLACEMENT_3D('',#3676,#2863,#2864);
#2684=AXIS2_PLACEMENT_3D('',#3682,#2868,#2869);
#2685=AXIS2_PLACEMENT_3D('',#4018,#2888,#2889);
#2686=AXIS2_PLACEMENT_3D('',#4024,#2893,#2894);
#2687=AXIS2_PLACEMENT_3D('',#4531,#2917,#2918);
#2688=AXIS2_PLACEMENT_3D('',#4537,#2922,#2923);
#2689=AXIS2_PLACEMENT_3D('',#4562,#2928,#2929);
#2690=AXIS2_PLACEMENT_3D('',#4568,#2933,#2934);
#2691=AXIS2_PLACEMENT_3D('',#4714,#2943,#2944);
#2692=AXIS2_PLACEMENT_3D('',#4720,#2948,#2949);
#2693=AXIS2_PLACEMENT_3D('',#4745,#2954,#2955);
#2694=AXIS2_PLACEMENT_3D('',#4751,#2959,#2960);
#2695=AXIS2_PLACEMENT_3D('',#4792,#2965,#2966);
#2696=AXIS2_PLACEMENT_3D('',#4793,#2967,#2968);
#2697=AXIS2_PLACEMENT_3D('',#4794,#2969,#2970);
#2698=AXIS2_PLACEMENT_3D('',#4795,#2971,#2972);
#2699=AXIS2_PLACEMENT_3D('',#4796,#2973,#2974);
#2700=AXIS2_PLACEMENT_3D('',#4805,#2979,#2980);
#2701=AXIS2_PLACEMENT_3D('',#4807,#2981,#2982);
#2702=AXIS2_PLACEMENT_3D('',#4810,#2984,#2985);
#2703=AXIS2_PLACEMENT_3D('',#4811,#2986,#2987);
#2704=AXIS2_PLACEMENT_3D('',#4817,#2991,#2992);
#2705=AXIS2_PLACEMENT_3D('',#4819,#2993,#2994);
#2706=AXIS2_PLACEMENT_3D('',#4822,#2996,#2997);
#2707=AXIS2_PLACEMENT_3D('',#4823,#2998,#2999);
#2708=AXIS2_PLACEMENT_3D('',#4829,#3003,#3004);
#2709=AXIS2_PLACEMENT_3D('',#4831,#3006,#3007);
#2710=AXIS2_PLACEMENT_3D('',#4834,#3008,#3009);
#2711=AXIS2_PLACEMENT_3D('',#4838,#3011,#3012);
#2712=AXIS2_PLACEMENT_3D('',#4842,#3014,#3015);
#2713=AXIS2_PLACEMENT_3D('',#4846,#3017,#3018);
#2714=AXIS2_PLACEMENT_3D('',#4849,#3020,#3021);
#2715=AXIS2_PLACEMENT_3D('',#4851,#3022,#3023);
#2716=AXIS2_PLACEMENT_3D('',#4853,#3024,#3025);
#2717=AXIS2_PLACEMENT_3D('',#4855,#3026,#3027);
#2718=AXIS2_PLACEMENT_3D('',#4858,#3028,#3029);
#2719=AXIS2_PLACEMENT_3D('',#4862,#3031,#3032);
#2720=AXIS2_PLACEMENT_3D('',#4866,#3034,#3035);
#2721=AXIS2_PLACEMENT_3D('',#4870,#3037,#3038);
#2722=AXIS2_PLACEMENT_3D('',#4874,#3040,#3041);
#2723=AXIS2_PLACEMENT_3D('',#4878,#3043,#3044);
#2724=AXIS2_PLACEMENT_3D('',#4882,#3046,#3047);
#2725=AXIS2_PLACEMENT_3D('',#4886,#3049,#3050);
#2726=AXIS2_PLACEMENT_3D('',#4891,#3053,#3054);
#2727=AXIS2_PLACEMENT_3D('',#4895,#3056,#3057);
#2728=AXIS2_PLACEMENT_3D('',#4899,#3059,#3060);
#2729=AXIS2_PLACEMENT_3D('',#4903,#3062,#3063);
#2730=AXIS2_PLACEMENT_3D('',#4905,#3065,#3066);
#2731=AXIS2_PLACEMENT_3D('',#4908,#3068,#3069);
#2732=AXIS2_PLACEMENT_3D('',#4909,#3070,#3071);
#2733=AXIS2_PLACEMENT_3D('',#4910,#3072,#3073);
#2734=AXIS2_PLACEMENT_3D('',#4913,#3075,#3076);
#2735=AXIS2_PLACEMENT_3D('',#4914,#3077,#3078);
#2736=AXIS2_PLACEMENT_3D('',#4915,#3079,#3080);
#2737=AXIS2_PLACEMENT_3D('',#4918,#3082,#3083);
#2738=AXIS2_PLACEMENT_3D('',#4919,#3084,#3085);
#2739=AXIS2_PLACEMENT_3D('',#4920,#3086,#3087);
#2740=AXIS2_PLACEMENT_3D('',#4923,#3089,#3090);
#2741=AXIS2_PLACEMENT_3D('',#4924,#3091,#3092);
#2742=AXIS2_PLACEMENT_3D('',#4925,#3093,#3094);
#2743=AXIS2_PLACEMENT_3D('',#4934,#3099,#3100);
#2744=AXIS2_PLACEMENT_3D('',#4936,#3101,#3102);
#2745=AXIS2_PLACEMENT_3D('',#4939,#3104,#3105);
#2746=AXIS2_PLACEMENT_3D('',#4940,#3106,#3107);
#2747=AXIS2_PLACEMENT_3D('',#4946,#3111,#3112);
#2748=AXIS2_PLACEMENT_3D('',#4948,#3113,#3114);
#2749=AXIS2_PLACEMENT_3D('',#4951,#3116,#3117);
#2750=AXIS2_PLACEMENT_3D('',#4952,#3118,#3119);
#2751=AXIS2_PLACEMENT_3D('',#4958,#3123,#3124);
#2752=AXIS2_PLACEMENT_3D('',#4960,#3125,#3126);
#2753=AXIS2_PLACEMENT_3D('',#4963,#3128,#3129);
#2754=AXIS2_PLACEMENT_3D('',#4964,#3130,#3131);
#2755=AXIS2_PLACEMENT_3D('',#4970,#3135,#3136);
#2756=AXIS2_PLACEMENT_3D('',#4971,#3137,#3138);
#2757=AXIS2_PLACEMENT_3D('',#4972,#3139,#3140);
#2758=AXIS2_PLACEMENT_3D('',#4973,#3141,#3142);
#2759=AXIS2_PLACEMENT_3D('',#4976,#3145,#3146);
#2760=AXIS2_PLACEMENT_3D('',#4978,#3148,#3149);
#2761=AXIS2_PLACEMENT_3D('',#4980,#3151,#3152);
#2762=AXIS2_PLACEMENT_3D('',#4982,#3154,#3155);
#2763=AXIS2_PLACEMENT_3D('',#4985,#3156,#3157);
#2764=AXIS2_PLACEMENT_3D('',#4989,#3159,#3160);
#2765=AXIS2_PLACEMENT_3D('',#4993,#3162,#3163);
#2766=AXIS2_PLACEMENT_3D('',#4997,#3165,#3166);
#2767=AXIS2_PLACEMENT_3D('',#5003,#3169,#3170);
#2768=AXIS2_PLACEMENT_3D('',#5007,#3172,#3173);
#2769=AXIS2_PLACEMENT_3D('',#5013,#3176,#3177);
#2770=AXIS2_PLACEMENT_3D('',#5017,#3179,#3180);
#2771=AXIS2_PLACEMENT_3D('',#5021,#3182,#3183);
#2772=AXIS2_PLACEMENT_3D('',#5025,#3185,#3186);
#2773=AXIS2_PLACEMENT_3D('',#5027,#3188,#3189);
#2774=AXIS2_PLACEMENT_3D('',#5029,#3191,#3192);
#2775=AXIS2_PLACEMENT_3D('',#5031,#3194,#3195);
#2776=AXIS2_PLACEMENT_3D('',#5033,#3197,#3198);
#2777=AXIS2_PLACEMENT_3D('',#5034,#3199,#3200);
#2778=AXIS2_PLACEMENT_3D('',#5036,#3201,#3202);
#2779=AXIS2_PLACEMENT_3D('',#5039,#3204,#3205);
#2780=AXIS2_PLACEMENT_3D('',#5040,#3206,#3207);
#2781=AXIS2_PLACEMENT_3D('',#5042,#3208,#3209);
#2782=AXIS2_PLACEMENT_3D('',#5043,#3210,#3211);
#2783=AXIS2_PLACEMENT_3D('',#5044,#3212,#3213);
#2784=AXIS2_PLACEMENT_3D('',#5046,#3214,#3215);
#2785=AXIS2_PLACEMENT_3D('',#5048,#3217,#3218);
#2786=AXIS2_PLACEMENT_3D('',#5050,#3219,#3220);
#2787=AXIS2_PLACEMENT_3D('',#5051,#3221,#3222);
#2788=AXIS2_PLACEMENT_3D('',#5052,#3223,#3224);
#2789=AXIS2_PLACEMENT_3D('',#5054,#3225,#3226);
#2790=AXIS2_PLACEMENT_3D('',#5056,#3228,#3229);
#2791=AXIS2_PLACEMENT_3D('',#5058,#3230,#3231);
#2792=AXIS2_PLACEMENT_3D('',#5061,#3233,#3234);
#2793=AXIS2_PLACEMENT_3D('',#5062,#3235,#3236);
#2794=AXIS2_PLACEMENT_3D('',#5064,#3237,#3238);
#2795=AXIS2_PLACEMENT_3D('',#5067,#3240,#3241);
#2796=AXIS2_PLACEMENT_3D('',#5068,#3242,#3243);
#2797=AXIS2_PLACEMENT_3D('',#5070,#3244,#3245);
#2798=AXIS2_PLACEMENT_3D('',#5071,#3246,#3247);
#2799=AXIS2_PLACEMENT_3D('',#5072,#3248,#3249);
#2800=AXIS2_PLACEMENT_3D('',#5074,#3250,#3251);
#2801=AXIS2_PLACEMENT_3D('',#5076,#3253,#3254);
#2802=AXIS2_PLACEMENT_3D('',#5078,#3255,#3256);
#2803=AXIS2_PLACEMENT_3D('',#5079,#3257,#3258);
#2804=AXIS2_PLACEMENT_3D('',#5080,#3259,#3260);
#2805=AXIS2_PLACEMENT_3D('',#5082,#3261,#3262);
#2806=AXIS2_PLACEMENT_3D('',#5084,#3264,#3265);
#2807=AXIS2_PLACEMENT_3D('',#5086,#3266,#3267);
#2808=AXIS2_PLACEMENT_3D('',#5087,#3268,#3269);
#2809=AXIS2_PLACEMENT_3D('',#5088,#3270,#3271);
#2810=AXIS2_PLACEMENT_3D('',#5090,#3272,#3273);
#2811=AXIS2_PLACEMENT_3D('',#5092,#3275,#3276);
#2812=AXIS2_PLACEMENT_3D('',#5093,#3277,#3278);
#2813=AXIS2_PLACEMENT_3D('',#5094,#3279,#3280);
#2814=AXIS2_PLACEMENT_3D('',#5095,#3281,#3282);
#2815=AXIS2_PLACEMENT_3D('',#5096,#3283,#3284);
#2816=AXIS2_PLACEMENT_3D('',#5097,#3285,#3286);
#2817=AXIS2_PLACEMENT_3D('',#5098,#3287,#3288);
#2818=AXIS2_PLACEMENT_3D('',#5101,#3291,#3292);
#2819=AXIS2_PLACEMENT_3D('',#5103,#3294,#3295);
#2820=AXIS2_PLACEMENT_3D('',#5105,#3297,#3298);
#2821=AXIS2_PLACEMENT_3D('',#5107,#3300,#3301);
#2822=AXIS2_PLACEMENT_3D('',#5109,#3303,#3304);
#2823=AXIS2_PLACEMENT_3D('',#5111,#3306,#3307);
#2824=AXIS2_PLACEMENT_3D('',#5113,#3309,#3310);
#2825=AXIS2_PLACEMENT_3D('',#5115,#3312,#3313);
#2826=AXIS2_PLACEMENT_3D('',#5117,#3315,#3316);
#2827=AXIS2_PLACEMENT_3D('',#5119,#3318,#3319);
#2828=AXIS2_PLACEMENT_3D('',#5121,#3321,#3322);
#2829=AXIS2_PLACEMENT_3D('',#5123,#3324,#3325);
#2830=AXIS2_PLACEMENT_3D('',#5125,#3327,#3328);
#2831=AXIS2_PLACEMENT_3D('',#5127,#3330,#3331);
#2832=AXIS2_PLACEMENT_3D('',#5129,#3333,#3334);
#2833=AXIS2_PLACEMENT_3D('',#5130,#3335,#3336);
#2834=AXIS2_PLACEMENT_3D('',#5133,#3339,#3340);
#2835=AXIS2_PLACEMENT_3D('',#5135,#3342,#3343);
#2836=AXIS2_PLACEMENT_3D('',#5137,#3345,#3346);
#2837=AXIS2_PLACEMENT_3D('',#5139,#3348,#3349);
#2838=AXIS2_PLACEMENT_3D('',#5141,#3351,#3352);
#2839=AXIS2_PLACEMENT_3D('',#5143,#3354,#3355);
#2840=AXIS2_PLACEMENT_3D('',#5145,#3357,#3358);
#2841=DIRECTION('axis',(0.,0.,1.));
#2842=DIRECTION('refdir',(1.,0.,0.));
#2843=DIRECTION('',(0.,0.,-1.));
#2844=DIRECTION('',(0.,0.,-1.));
#2845=DIRECTION('',(0.,0.,-1.));
#2846=DIRECTION('',(0.,0.,-1.));
#2847=DIRECTION('',(0.,0.,-1.));
#2848=DIRECTION('',(0.,0.,-1.));
#2849=DIRECTION('',(0.,0.,-1.));
#2850=DIRECTION('',(0.,0.,-1.));
#2851=DIRECTION('',(0.,0.,-1.));
#2852=DIRECTION('',(0.,0.,-1.));
#2853=DIRECTION('',(0.,0.,-1.));
#2854=DIRECTION('',(0.,0.,-1.));
#2855=DIRECTION('',(0.,0.,-1.));
#2856=DIRECTION('',(0.,0.,-1.));
#2857=DIRECTION('',(0.,0.,-1.));
#2858=DIRECTION('',(0.,0.,-1.));
#2859=DIRECTION('',(0.,0.,-1.));
#2860=DIRECTION('',(0.,0.,-1.));
#2861=DIRECTION('',(0.,0.,-1.));
#2862=DIRECTION('',(0.,0.,-1.));
#2863=DIRECTION('center_axis',(-0.9999354401368,-0.0113629027288297,0.));
#2864=DIRECTION('ref_axis',(-0.0113629027288297,0.9999354401368,0.));
#2865=DIRECTION('',(-0.0113629027288297,0.9999354401368,0.));
#2866=DIRECTION('',(-0.0113629027288297,0.9999354401368,0.));
#2867=DIRECTION('',(0.,0.,-1.));
#2868=DIRECTION('center_axis',(-0.316227766016826,-0.948683298050518,0.));
#2869=DIRECTION('ref_axis',(-0.948683298050518,0.316227766016826,0.));
#2870=DIRECTION('',(-0.948683298050518,0.316227766016826,0.));
#2871=DIRECTION('',(-0.948683298050518,0.316227766016826,0.));
#2872=DIRECTION('',(0.,0.,-1.));
#2873=DIRECTION('',(0.,0.,-1.));
#2874=DIRECTION('',(0.,0.,-1.));
#2875=DIRECTION('',(0.,0.,-1.));
#2876=DIRECTION('',(0.,0.,-1.));
#2877=DIRECTION('',(0.,0.,-1.));
#2878=DIRECTION('',(0.,0.,-1.));
#2879=DIRECTION('',(0.,0.,-1.));
#2880=DIRECTION('',(0.,0.,-1.));
#2881=DIRECTION('',(0.,0.,-1.));
#2882=DIRECTION('',(0.,0.,-1.));
#2883=DIRECTION('',(0.,0.,-1.));
#2884=DIRECTION('',(0.,0.,-1.));
#2885=DIRECTION('',(0.,0.,-1.));
#2886=DIRECTION('',(0.,0.,-1.));
#2887=DIRECTION('',(0.,0.,-1.));
#2888=DIRECTION('center_axis',(0.316227766016834,-0.948683298050515,0.));
#2889=DIRECTION('ref_axis',(-0.948683298050515,-0.316227766016834,0.));
#2890=DIRECTION('',(-0.948683298050515,-0.316227766016834,0.));
#2891=DIRECTION('',(-0.948683298050515,-0.316227766016834,0.));
#2892=DIRECTION('',(0.,0.,-1.));
#2893=DIRECTION('center_axis',(0.9999354401368,-0.0113629027288268,0.));
#2894=DIRECTION('ref_axis',(-0.0113629027288268,-0.9999354401368,0.));
#2895=DIRECTION('',(-0.0113629027288268,-0.9999354401368,0.));
#2896=DIRECTION('',(-0.0113629027288268,-0.9999354401368,0.));
#2897=DIRECTION('',(0.,0.,-1.));
#2898=DIRECTION('',(0.,0.,-1.));
#2899=DIRECTION('',(0.,0.,-1.));
#2900=DIRECTION('',(0.,0.,-1.));
#2901=DIRECTION('',(0.,0.,-1.));
#2902=DIRECTION('',(0.,0.,-1.));
#2903=DIRECTION('',(0.,0.,-1.));
#2904=DIRECTION('',(0.,0.,-1.));
#2905=DIRECTION('',(0.,0.,-1.));
#2906=DIRECTION('',(0.,0.,-1.));
#2907=DIRECTION('',(0.,0.,-1.));
#2908=DIRECTION('',(0.,0.,-1.));
#2909=DIRECTION('',(0.,0.,-1.));
#2910=DIRECTION('',(0.,0.,-1.));
#2911=DIRECTION('',(0.,0.,-1.));
#2912=DIRECTION('',(0.,0.,-1.));
#2913=DIRECTION('',(0.,0.,-1.));
#2914=DIRECTION('',(0.,0.,-1.));
#2915=DIRECTION('',(0.,0.,-1.));
#2916=DIRECTION('',(0.,0.,-1.));
#2917=DIRECTION('center_axis',(1.,0.,0.));
#2918=DIRECTION('ref_axis',(0.,-1.,0.));
#2919=DIRECTION('',(0.,-1.,0.));
#2920=DIRECTION('',(0.,0.,-1.));
#2921=DIRECTION('',(0.,-1.,0.));
#2922=DIRECTION('center_axis',(0.,-1.,0.));
#2923=DIRECTION('ref_axis',(-1.,0.,0.));
#2924=DIRECTION('',(-1.,0.,0.));
#2925=DIRECTION('',(0.,0.,-1.));
#2926=DIRECTION('',(-1.,0.,0.));
#2927=DIRECTION('',(0.,0.,-1.));
#2928=DIRECTION('center_axis',(-0.150441996986477,-0.988618837339609,0.));
#2929=DIRECTION('ref_axis',(-0.988618837339609,0.150441996986477,0.));
#2930=DIRECTION('',(-0.988618837339609,0.150441996986477,0.));
#2931=DIRECTION('',(0.,0.,-1.));
#2932=DIRECTION('',(-0.988618837339609,0.150441996986477,0.));
#2933=DIRECTION('center_axis',(-1.,0.,0.));
#2934=DIRECTION('ref_axis',(0.,1.,0.));
#2935=DIRECTION('',(0.,1.,0.));
#2936=DIRECTION('',(0.,0.,-1.));
#2937=DIRECTION('',(0.,1.,0.));
#2938=DIRECTION('',(0.,0.,-1.));
#2939=DIRECTION('',(0.,0.,-1.));
#2940=DIRECTION('',(0.,0.,-1.));
#2941=DIRECTION('',(0.,0.,-1.));
#2942=DIRECTION('',(0.,0.,-1.));
#2943=DIRECTION('center_axis',(1.,0.,0.));
#2944=DIRECTION('ref_axis',(0.,-1.,0.));
#2945=DIRECTION('',(0.,-1.,0.));
#2946=DIRECTION('',(0.,0.,-1.));
#2947=DIRECTION('',(0.,-1.,0.));
#2948=DIRECTION('center_axis',(0.120331367519232,-0.992733782033709,0.));
#2949=DIRECTION('ref_axis',(-0.992733782033709,-0.120331367519232,0.));
#2950=DIRECTION('',(-0.992733782033709,-0.120331367519232,0.));
#2951=DIRECTION('',(0.,0.,-1.));
#2952=DIRECTION('',(-0.992733782033709,-0.120331367519232,0.));
#2953=DIRECTION('',(0.,0.,-1.));
#2954=DIRECTION('center_axis',(0.0539752580149983,-0.998542273277509,0.));
#2955=DIRECTION('ref_axis',(-0.998542273277508,-0.0539752580149983,0.));
#2956=DIRECTION('',(-0.998542273277508,-0.0539752580149983,0.));
#2957=DIRECTION('',(0.,0.,-1.));
#2958=DIRECTION('',(-0.998542273277508,-0.0539752580149982,0.));
#2959=DIRECTION('center_axis',(-1.,0.,0.));
#2960=DIRECTION('ref_axis',(0.,1.,0.));
#2961=DIRECTION('',(0.,1.,0.));
#2962=DIRECTION('',(0.,0.,-1.));
#2963=DIRECTION('',(0.,1.,0.));
#2964=DIRECTION('',(0.,0.,-1.));
#2965=DIRECTION('center_axis',(0.,0.,1.));
#2966=DIRECTION('ref_axis',(1.,0.,0.));
#2967=DIRECTION('center_axis',(0.,0.,1.));
#2968=DIRECTION('ref_axis',(1.,0.,0.));
#2969=DIRECTION('center_axis',(0.,0.,1.));
#2970=DIRECTION('ref_axis',(1.,0.,0.));
#2971=DIRECTION('center_axis',(0.,0.,1.));
#2972=DIRECTION('ref_axis',(1.,0.,0.));
#2973=DIRECTION('center_axis',(-2.2204460492503E-15,-1.,0.));
#2974=DIRECTION('ref_axis',(1.,-2.2204460492503E-15,0.));
#2975=DIRECTION('',(1.,-2.2204460492503E-15,0.));
#2976=DIRECTION('',(0.,0.,1.));
#2977=DIRECTION('',(1.,-2.2204460492503E-15,0.));
#2978=DIRECTION('',(0.,0.,1.));
#2979=DIRECTION('center_axis',(0.,0.,1.));
#2980=DIRECTION('ref_axis',(-1.,-6.6613381477509E-15,0.));
#2981=DIRECTION('center_axis',(0.,0.,1.));
#2982=DIRECTION('ref_axis',(-1.,-6.6613381477509E-15,0.));
#2983=DIRECTION('',(0.,0.,1.));
#2984=DIRECTION('center_axis',(0.,0.,1.));
#2985=DIRECTION('ref_axis',(-1.,-6.6613381477509E-15,0.));
#2986=DIRECTION('center_axis',(-1.,0.,0.));
#2987=DIRECTION('ref_axis',(0.,-1.,0.));
#2988=DIRECTION('',(0.,-1.,0.));
#2989=DIRECTION('',(0.,0.,1.));
#2990=DIRECTION('',(0.,-1.,0.));
#2991=DIRECTION('center_axis',(0.,0.,1.));
#2992=DIRECTION('ref_axis',(-4.44089209850061E-15,1.,0.));
#2993=DIRECTION('center_axis',(0.,0.,1.));
#2994=DIRECTION('ref_axis',(-4.44089209850061E-15,1.,0.));
#2995=DIRECTION('',(0.,0.,1.));
#2996=DIRECTION('center_axis',(0.,0.,1.));
#2997=DIRECTION('ref_axis',(-4.44089209850061E-15,1.,0.));
#2998=DIRECTION('center_axis',(0.,1.,0.));
#2999=DIRECTION('ref_axis',(-1.,0.,0.));
#3000=DIRECTION('',(-1.,0.,0.));
#3001=DIRECTION('',(0.,0.,-1.));
#3002=DIRECTION('',(-1.,0.,0.));
#3003=DIRECTION('center_axis',(0.,0.,1.));
#3004=DIRECTION('ref_axis',(1.,0.,0.));
#3005=DIRECTION('',(0.,1.,0.));
#3006=DIRECTION('center_axis',(0.,0.,1.));
#3007=DIRECTION('ref_axis',(1.,0.,0.));
#3008=DIRECTION('center_axis',(0.,0.,1.));
#3009=DIRECTION('ref_axis',(0.707106781186548,0.707106781186547,0.));
#3010=DIRECTION('',(-1.30999766917423E-16,-1.,0.));
#3011=DIRECTION('center_axis',(0.,0.,1.));
#3012=DIRECTION('ref_axis',(0.707106781186547,-0.707106781186547,0.));
#3013=DIRECTION('',(-1.,3.03477819943095E-16,0.));
#3014=DIRECTION('center_axis',(0.,0.,1.));
#3015=DIRECTION('ref_axis',(-0.707106781186547,-0.707106781186548,0.));
#3016=DIRECTION('',(0.,1.,0.));
#3017=DIRECTION('center_axis',(0.,0.,1.));
#3018=DIRECTION('ref_axis',(-0.707106781186547,0.707106781186547,0.));
#3019=DIRECTION('',(1.,-2.52898183285913E-16,0.));
#3020=DIRECTION('center_axis',(0.,0.,1.));
#3021=DIRECTION('ref_axis',(1.,0.,0.));
#3022=DIRECTION('center_axis',(0.,0.,1.));
#3023=DIRECTION('ref_axis',(1.,0.,0.));
#3024=DIRECTION('center_axis',(0.,0.,1.));
#3025=DIRECTION('ref_axis',(1.,0.,0.));
#3026=DIRECTION('center_axis',(0.,0.,1.));
#3027=DIRECTION('ref_axis',(1.,0.,0.));
#3028=DIRECTION('center_axis',(0.,0.,1.));
#3029=DIRECTION('ref_axis',(-0.707106781186548,-0.707106781186547,0.));
#3030=DIRECTION('',(-3.49676543189026E-16,-1.,0.));
#3031=DIRECTION('center_axis',(0.,0.,-1.));
#3032=DIRECTION('ref_axis',(0.707106781186547,0.707106781186548,0.));
#3033=DIRECTION('',(1.,-2.14190937226718E-16,0.));
#3034=DIRECTION('center_axis',(0.,0.,-1.));
#3035=DIRECTION('ref_axis',(-0.707106781186548,0.707106781186547,0.));
#3036=DIRECTION('',(-3.49676543189026E-16,1.,0.));
#3037=DIRECTION('center_axis',(0.,0.,1.));
#3038=DIRECTION('ref_axis',(0.707106781186547,-0.707106781186548,0.));
#3039=DIRECTION('',(1.,3.49676543189026E-16,0.));
#3040=DIRECTION('center_axis',(0.,0.,-1.));
#3041=DIRECTION('ref_axis',(-0.707106781186547,0.707106781186548,0.));
#3042=DIRECTION('',(-5.14587728679099E-16,1.,0.));
#3043=DIRECTION('center_axis',(0.,0.,-1.));
#3044=DIRECTION('ref_axis',(-0.707106781186546,-0.707106781186549,0.));
#3045=DIRECTION('',(-1.,0.,0.));
#3046=DIRECTION('center_axis',(0.,0.,-1.));
#3047=DIRECTION('ref_axis',(0.707106781186547,-0.707106781186548,0.));
#3048=DIRECTION('',(-2.0583509147164E-16,-1.,0.));
#3049=DIRECTION('center_axis',(0.,0.,-1.));
#3050=DIRECTION('ref_axis',(0.707106781186548,0.707106781186547,0.));
#3051=DIRECTION('',(1.,-2.3311769545935E-16,0.));
#3052=DIRECTION('',(0.,1.,0.));
#3053=DIRECTION('center_axis',(0.,0.,-1.));
#3054=DIRECTION('ref_axis',(-1.,0.,0.));
#3055=DIRECTION('',(-1.,0.,0.));
#3056=DIRECTION('center_axis',(0.,0.,-1.));
#3057=DIRECTION('ref_axis',(0.,-1.,0.));
#3058=DIRECTION('',(0.,-1.,0.));
#3059=DIRECTION('center_axis',(0.,0.,-1.));
#3060=DIRECTION('ref_axis',(1.,0.,0.));
#3061=DIRECTION('',(1.,0.,0.));
#3062=DIRECTION('center_axis',(0.,0.,-1.));
#3063=DIRECTION('ref_axis',(0.,1.,0.));
#3064=DIRECTION('',(0.,1.,0.));
#3065=DIRECTION('center_axis',(0.,0.,1.));
#3066=DIRECTION('ref_axis',(1.,0.,0.));
#3067=DIRECTION('',(0.,0.,1.));
#3068=DIRECTION('center_axis',(0.,0.,1.));
#3069=DIRECTION('ref_axis',(1.,0.,0.));
#3070=DIRECTION('center_axis',(0.,0.,1.));
#3071=DIRECTION('ref_axis',(1.,0.,0.));
#3072=DIRECTION('center_axis',(0.,0.,1.));
#3073=DIRECTION('ref_axis',(1.,0.,0.));
#3074=DIRECTION('',(0.,0.,1.));
#3075=DIRECTION('center_axis',(0.,0.,1.));
#3076=DIRECTION('ref_axis',(1.,0.,0.));
#3077=DIRECTION('center_axis',(0.,0.,1.));
#3078=DIRECTION('ref_axis',(1.,0.,0.));
#3079=DIRECTION('center_axis',(0.,0.,1.));
#3080=DIRECTION('ref_axis',(1.,0.,0.));
#3081=DIRECTION('',(0.,0.,1.));
#3082=DIRECTION('center_axis',(0.,0.,1.));
#3083=DIRECTION('ref_axis',(1.,0.,0.));
#3084=DIRECTION('center_axis',(0.,0.,1.));
#3085=DIRECTION('ref_axis',(1.,0.,0.));
#3086=DIRECTION('center_axis',(0.,0.,1.));
#3087=DIRECTION('ref_axis',(1.,0.,0.));
#3088=DIRECTION('',(0.,0.,1.));
#3089=DIRECTION('center_axis',(0.,0.,1.));
#3090=DIRECTION('ref_axis',(1.,0.,0.));
#3091=DIRECTION('center_axis',(0.,0.,1.));
#3092=DIRECTION('ref_axis',(1.,0.,0.));
#3093=DIRECTION('center_axis',(-2.14591224421473E-16,-0.707106781186548,
0.707106781186548));
#3094=DIRECTION('ref_axis',(1.,0.,3.03477819943095E-16));
#3095=DIRECTION('',(-1.57009245868377E-15,0.707106781186548,0.707106781186547));
#3096=DIRECTION('',(-1.,3.03477819943095E-16,0.));
#3097=DIRECTION('',(0.,-0.707106781186547,-0.707106781186547));
#3098=DIRECTION('',(1.,-3.03477819943095E-16,0.));
#3099=DIRECTION('center_axis',(0.,0.,-1.));
#3100=DIRECTION('ref_axis',(0.707106781186548,-0.707106781186548,0.));
#3101=DIRECTION('center_axis',(0.,0.,1.));
#3102=DIRECTION('ref_axis',(0.707106781186547,-0.707106781186547,0.));
#3103=DIRECTION('',(-0.707106781186546,0.,0.707106781186549));
#3104=DIRECTION('center_axis',(0.,0.,-1.));
#3105=DIRECTION('ref_axis',(0.707106781186548,-0.707106781186548,0.));
#3106=DIRECTION('center_axis',(0.707106781186549,-9.26308235211669E-17,
0.707106781186546));
#3107=DIRECTION('ref_axis',(0.707106781186546,0.,-0.707106781186549));
#3108=DIRECTION('',(-0.707106781186546,0.,0.707106781186549));
#3109=DIRECTION('',(-1.30999766917423E-16,-1.,0.));
#3110=DIRECTION('',(1.30999766917423E-16,1.,0.));
#3111=DIRECTION('center_axis',(0.,0.,-1.));
#3112=DIRECTION('ref_axis',(0.707106781186548,0.707106781186547,0.));
#3113=DIRECTION('center_axis',(0.,0.,1.));
#3114=DIRECTION('ref_axis',(0.707106781186548,0.707106781186547,0.));
#3115=DIRECTION('',(-1.57009245868378E-15,-0.707106781186547,0.707106781186548));
#3116=DIRECTION('center_axis',(0.,0.,-1.));
#3117=DIRECTION('ref_axis',(0.707106781186548,0.707106781186547,0.));
#3118=DIRECTION('center_axis',(1.78826020351227E-16,0.707106781186548,0.707106781186547));
#3119=DIRECTION('ref_axis',(1.,0.,-2.52898183285913E-16));
#3120=DIRECTION('',(0.,-0.707106781186547,0.707106781186547));
#3121=DIRECTION('',(1.,-2.52898183285913E-16,0.));
#3122=DIRECTION('',(-1.,2.52898183285913E-16,0.));
#3123=DIRECTION('center_axis',(0.,0.,-1.));
#3124=DIRECTION('ref_axis',(-0.707106781186548,0.707106781186548,0.));
#3125=DIRECTION('center_axis',(0.,0.,1.));
#3126=DIRECTION('ref_axis',(-0.707106781186547,0.707106781186547,0.));
#3127=DIRECTION('',(0.707106781186546,0.,0.707106781186549));
#3128=DIRECTION('center_axis',(0.,0.,-1.));
#3129=DIRECTION('ref_axis',(-0.707106781186548,0.707106781186548,0.));
#3130=DIRECTION('center_axis',(-0.707106781186548,0.,0.707106781186548));
#3131=DIRECTION('ref_axis',(0.707106781186548,0.,0.707106781186548));
#3132=DIRECTION('',(0.707106781186547,1.57009245868377E-15,0.707106781186547));
#3133=DIRECTION('',(0.,1.,0.));
#3134=DIRECTION('',(0.,-1.,0.));
#3135=DIRECTION('center_axis',(0.,0.,-1.));
#3136=DIRECTION('ref_axis',(-0.707106781186547,-0.707106781186548,0.));
#3137=DIRECTION('center_axis',(0.,0.,1.));
#3138=DIRECTION('ref_axis',(-0.707106781186547,-0.707106781186548,0.));
#3139=DIRECTION('center_axis',(0.,0.,-1.));
#3140=DIRECTION('ref_axis',(-0.707106781186547,-0.707106781186548,0.));
#3141=DIRECTION('center_axis',(0.,0.,1.));
#3142=DIRECTION('ref_axis',(0.707106781186548,0.707106781186547,0.));
#3143=DIRECTION('',(0.,0.,-1.));
#3144=DIRECTION('',(0.,0.,1.));
#3145=DIRECTION('center_axis',(1.,-1.30999766917423E-16,0.));
#3146=DIRECTION('ref_axis',(1.30999766917423E-16,1.,0.));
#3147=DIRECTION('',(0.,0.,1.));
#3148=DIRECTION('center_axis',(0.,0.,1.));
#3149=DIRECTION('ref_axis',(0.707106781186547,-0.707106781186547,0.));
#3150=DIRECTION('',(0.,0.,-1.));
#3151=DIRECTION('center_axis',(-3.03477819943095E-16,-1.,0.));
#3152=DIRECTION('ref_axis',(1.,-3.03477819943095E-16,0.));
#3153=DIRECTION('',(0.,0.,1.));
#3154=DIRECTION('center_axis',(0.,0.,1.));
#3155=DIRECTION('ref_axis',(1.,0.,0.));
#3156=DIRECTION('center_axis',(0.,0.,-1.));
#3157=DIRECTION('ref_axis',(-1.,0.,0.));
#3158=DIRECTION('',(0.,1.,0.));
#3159=DIRECTION('center_axis',(0.,0.,-1.));
#3160=DIRECTION('ref_axis',(0.,1.,0.));
#3161=DIRECTION('',(1.,0.,0.));
#3162=DIRECTION('center_axis',(0.,0.,-1.));
#3163=DIRECTION('ref_axis',(1.,0.,0.));
#3164=DIRECTION('',(0.,-1.,0.));
#3165=DIRECTION('center_axis',(0.,0.,-1.));
#3166=DIRECTION('ref_axis',(0.,-1.,0.));
#3167=DIRECTION('',(-1.,0.,0.));
#3168=DIRECTION('',(3.49676543189026E-16,-1.,0.));
#3169=DIRECTION('center_axis',(0.,0.,1.));
#3170=DIRECTION('ref_axis',(-0.707106781186547,0.707106781186548,0.));
#3171=DIRECTION('',(-1.,2.14190937226718E-16,0.));
#3172=DIRECTION('center_axis',(0.,0.,1.));
#3173=DIRECTION('ref_axis',(0.707106781186547,0.707106781186548,0.));
#3174=DIRECTION('',(3.49676543189026E-16,1.,0.));
#3175=DIRECTION('',(-1.,2.3311769545935E-16,0.));
#3176=DIRECTION('center_axis',(0.,0.,1.));
#3177=DIRECTION('ref_axis',(0.707106781186547,0.707106781186547,0.));
#3178=DIRECTION('',(2.0583509147164E-16,1.,0.));
#3179=DIRECTION('center_axis',(0.,0.,1.));
#3180=DIRECTION('ref_axis',(0.707106781186547,-0.707106781186548,0.));
#3181=DIRECTION('',(1.,0.,0.));
#3182=DIRECTION('center_axis',(0.,0.,1.));
#3183=DIRECTION('ref_axis',(-0.707106781186547,-0.707106781186547,0.));
#3184=DIRECTION('',(5.14587728679099E-16,-1.,0.));
#3185=DIRECTION('center_axis',(0.,0.,1.));
#3186=DIRECTION('ref_axis',(-0.707106781186548,0.707106781186547,0.));
#3187=DIRECTION('',(-1.,-3.49676543189026E-16,0.));
#3188=DIRECTION('center_axis',(2.52898183285913E-16,1.,0.));
#3189=DIRECTION('ref_axis',(-1.,2.52898183285913E-16,0.));
#3190=DIRECTION('',(0.,0.,-1.));
#3191=DIRECTION('center_axis',(0.,0.,1.));
#3192=DIRECTION('ref_axis',(-0.707106781186547,0.707106781186547,0.));
#3193=DIRECTION('',(0.,0.,1.));
#3194=DIRECTION('center_axis',(0.,0.,1.));
#3195=DIRECTION('ref_axis',(-0.707106781186547,-0.707106781186548,0.));
#3196=DIRECTION('',(0.,0.,-1.));
#3197=DIRECTION('center_axis',(-1.,0.,0.));
#3198=DIRECTION('ref_axis',(0.,-1.,0.));
#3199=DIRECTION('center_axis',(-3.49676543189026E-16,1.,0.));
#3200=DIRECTION('ref_axis',(0.707106781186546,2.61682076447296E-16,0.707106781186549));
#3201=DIRECTION('center_axis',(-3.70074341541719E-16,1.,0.));
#3202=DIRECTION('ref_axis',(0.,0.,1.));
#3203=DIRECTION('',(-3.49676543189026E-16,1.,0.));
#3204=DIRECTION('center_axis',(0.,-1.,0.));
#3205=DIRECTION('ref_axis',(1.,0.,0.));
#3206=DIRECTION('center_axis',(0.,0.,1.));
#3207=DIRECTION('ref_axis',(1.,0.,0.));
#3208=DIRECTION('center_axis',(-1.,3.70074341541719E-16,0.));
#3209=DIRECTION('ref_axis',(-3.70074341541719E-16,-1.,0.));
#3210=DIRECTION('center_axis',(0.,0.,-1.));
#3211=DIRECTION('ref_axis',(-0.707106781186547,0.707106781186548,0.));
#3212=DIRECTION('center_axis',(1.,-2.14190937226718E-16,0.));
#3213=DIRECTION('ref_axis',(0.,-0.707106781186546,0.707106781186549));
#3214=DIRECTION('center_axis',(-1.,0.,0.));
#3215=DIRECTION('ref_axis',(0.,-1.,0.));
#3216=DIRECTION('',(1.,-2.14190937226718E-16,0.));
#3217=DIRECTION('center_axis',(0.,0.,1.));
#3218=DIRECTION('ref_axis',(1.,0.,0.));
#3219=DIRECTION('center_axis',(0.,1.,0.));
#3220=DIRECTION('ref_axis',(-1.,0.,0.));
#3221=DIRECTION('center_axis',(0.,0.,-1.));
#3222=DIRECTION('ref_axis',(0.707106781186547,0.707106781186548,0.));
#3223=DIRECTION('center_axis',(-3.49676543189026E-16,-1.,0.));
#3224=DIRECTION('ref_axis',(-0.707106781186547,0.,0.707106781186548));
#3225=DIRECTION('center_axis',(0.,1.,0.));
#3226=DIRECTION('ref_axis',(-1.,0.,0.));
#3227=DIRECTION('',(-3.49676543189026E-16,-1.,0.));
#3228=DIRECTION('center_axis',(1.,3.49676543189026E-16,0.));
#3229=DIRECTION('ref_axis',(0.,-0.707106781186547,0.707106781186548));
#3230=DIRECTION('center_axis',(1.,0.,0.));
#3231=DIRECTION('ref_axis',(0.,0.,1.));
#3232=DIRECTION('',(1.,3.49676543189026E-16,0.));
#3233=DIRECTION('center_axis',(-1.,0.,0.));
#3234=DIRECTION('ref_axis',(0.,-1.,0.));
#3235=DIRECTION('center_axis',(1.,-2.3311769545935E-16,0.));
#3236=DIRECTION('ref_axis',(0.,-0.707106781186547,0.707106781186548));
#3237=DIRECTION('center_axis',(1.,-7.40148683083437E-16,0.));
#3238=DIRECTION('ref_axis',(0.,0.,1.));
#3239=DIRECTION('',(1.,-2.3311769545935E-16,0.));
#3240=DIRECTION('center_axis',(-1.,0.,0.));
#3241=DIRECTION('ref_axis',(0.,-1.,0.));
#3242=DIRECTION('center_axis',(0.,0.,1.));
#3243=DIRECTION('ref_axis',(1.,0.,0.));
#3244=DIRECTION('center_axis',(1.8503717077086E-16,1.,0.));
#3245=DIRECTION('ref_axis',(-1.,1.8503717077086E-16,0.));
#3246=DIRECTION('center_axis',(0.,0.,-1.));
#3247=DIRECTION('ref_axis',(0.707106781186547,0.707106781186547,0.));
#3248=DIRECTION('center_axis',(-2.0583509147164E-16,-1.,0.));
#3249=DIRECTION('ref_axis',(-0.707106781186548,1.30841038223648E-16,0.707106781186548));
#3250=DIRECTION('center_axis',(0.,1.,0.));
#3251=DIRECTION('ref_axis',(-1.,0.,0.));
#3252=DIRECTION('',(-2.0583509147164E-16,-1.,0.));
#3253=DIRECTION('center_axis',(0.,0.,1.));
#3254=DIRECTION('ref_axis',(1.,0.,0.));
#3255=DIRECTION('center_axis',(1.,0.,0.));
#3256=DIRECTION('ref_axis',(0.,1.,0.));
#3257=DIRECTION('center_axis',(0.,0.,-1.));
#3258=DIRECTION('ref_axis',(0.707106781186547,-0.707106781186548,0.));
#3259=DIRECTION('center_axis',(-1.,0.,0.));
#3260=DIRECTION('ref_axis',(0.,0.707106781186546,0.707106781186549));
#3261=DIRECTION('center_axis',(1.,1.48029736616688E-15,0.));
#3262=DIRECTION('ref_axis',(-1.48029736616688E-15,1.,0.));
#3263=DIRECTION('',(-1.,0.,0.));
#3264=DIRECTION('center_axis',(0.,0.,1.));
#3265=DIRECTION('ref_axis',(1.,0.,0.));
#3266=DIRECTION('center_axis',(7.40148683083437E-16,-1.,0.));
#3267=DIRECTION('ref_axis',(1.,7.40148683083437E-16,0.));
#3268=DIRECTION('center_axis',(0.,0.,-1.));
#3269=DIRECTION('ref_axis',(-0.707106781186547,-0.707106781186547,0.));
#3270=DIRECTION('center_axis',(-5.14587728679099E-16,1.,0.));
#3271=DIRECTION('ref_axis',(0.707106781186548,1.04672830578918E-15,0.707106781186548));
#3272=DIRECTION('center_axis',(9.71445146547011E-16,-1.,0.));
#3273=DIRECTION('ref_axis',(1.,9.71445146547011E-16,0.));
#3274=DIRECTION('',(-5.14587728679099E-16,1.,0.));
#3275=DIRECTION('center_axis',(0.,0.,1.));
#3276=DIRECTION('ref_axis',(1.,0.,0.));
#3277=DIRECTION('center_axis',(0.,0.,-1.));
#3278=DIRECTION('ref_axis',(-0.707106781186548,0.707106781186547,0.));
#3279=DIRECTION('center_axis',(-0.408248290463863,-0.816496580927726,-0.408248290463863));
#3280=DIRECTION('ref_axis',(0.577350269189625,-0.577350269189626,0.577350269189626));
#3281=DIRECTION('center_axis',(0.,0.,1.));
#3282=DIRECTION('ref_axis',(0.707106781186547,-0.707106781186548,0.));
#3283=DIRECTION('center_axis',(0.408248290463863,-0.816496580927726,-0.408248290463863));
#3284=DIRECTION('ref_axis',(-0.577350269189626,-0.577350269189626,0.577350269189626));
#3285=DIRECTION('center_axis',(0.,0.,1.));
#3286=DIRECTION('ref_axis',(-0.707106781186548,-0.707106781186547,0.));
#3287=DIRECTION('center_axis',(0.,0.,1.));
#3288=DIRECTION('ref_axis',(-0.707106781186547,0.707106781186548,0.));
#3289=DIRECTION('',(0.,0.,-1.));
#3290=DIRECTION('',(0.,0.,1.));
#3291=DIRECTION('center_axis',(1.,5.14587728679099E-16,0.));
#3292=DIRECTION('ref_axis',(-5.14587728679099E-16,1.,0.));
#3293=DIRECTION('',(0.,0.,1.));
#3294=DIRECTION('center_axis',(0.,0.,1.));
#3295=DIRECTION('ref_axis',(-0.707106781186546,-0.707106781186549,0.));
#3296=DIRECTION('',(0.,0.,-1.));
#3297=DIRECTION('center_axis',(0.,1.,0.));
#3298=DIRECTION('ref_axis',(-1.,0.,0.));
#3299=DIRECTION('',(0.,0.,1.));
#3300=DIRECTION('center_axis',(0.,0.,1.));
#3301=DIRECTION('ref_axis',(0.707106781186547,-0.707106781186548,0.));
#3302=DIRECTION('',(0.,0.,-1.));
#3303=DIRECTION('center_axis',(-1.,2.0583509147164E-16,0.));
#3304=DIRECTION('ref_axis',(-2.0583509147164E-16,-1.,0.));
#3305=DIRECTION('',(0.,0.,1.));
#3306=DIRECTION('center_axis',(0.,0.,1.));
#3307=DIRECTION('ref_axis',(0.707106781186548,0.707106781186547,0.));
#3308=DIRECTION('',(0.,0.,-1.));
#3309=DIRECTION('center_axis',(-2.3311769545935E-16,-1.,0.));
#3310=DIRECTION('ref_axis',(1.,-2.3311769545935E-16,0.));
#3311=DIRECTION('',(0.,0.,1.));
#3312=DIRECTION('center_axis',(3.49676543189026E-16,-1.,0.));
#3313=DIRECTION('ref_axis',(1.,3.49676543189026E-16,0.));
#3314=DIRECTION('',(0.,0.,-1.));
#3315=DIRECTION('center_axis',(0.,0.,1.));
#3316=DIRECTION('ref_axis',(-0.707106781186548,-0.707106781186547,0.));
#3317=DIRECTION('',(0.,0.,-1.));
#3318=DIRECTION('center_axis',(-1.,3.49676543189026E-16,0.));
#3319=DIRECTION('ref_axis',(-3.49676543189026E-16,-1.,0.));
#3320=DIRECTION('',(0.,0.,1.));
#3321=DIRECTION('center_axis',(0.,0.,1.));
#3322=DIRECTION('ref_axis',(0.707106781186547,-0.707106781186548,0.));
#3323=DIRECTION('',(0.,0.,1.));
#3324=DIRECTION('center_axis',(1.,3.49676543189026E-16,0.));
#3325=DIRECTION('ref_axis',(-3.49676543189026E-16,1.,0.));
#3326=DIRECTION('',(0.,0.,-1.));
#3327=DIRECTION('center_axis',(0.,0.,1.));
#3328=DIRECTION('ref_axis',(0.707106781186547,0.707106781186548,0.));
#3329=DIRECTION('',(0.,0.,-1.));
#3330=DIRECTION('center_axis',(0.,0.,1.));
#3331=DIRECTION('ref_axis',(-0.707106781186548,0.707106781186547,0.));
#3332=DIRECTION('',(0.,0.,1.));
#3333=DIRECTION('center_axis',(-2.14190937226718E-16,-1.,0.));
#3334=DIRECTION('ref_axis',(1.,-2.14190937226718E-16,0.));
#3335=DIRECTION('center_axis',(0.,1.,0.));
#3336=DIRECTION('ref_axis',(-1.,0.,0.));
#3337=DIRECTION('',(0.,0.,1.));
#3338=DIRECTION('',(0.,0.,1.));
#3339=DIRECTION('center_axis',(0.,0.,1.));
#3340=DIRECTION('ref_axis',(0.,-1.,0.));
#3341=DIRECTION('',(0.,0.,1.));
#3342=DIRECTION('center_axis',(-1.,0.,0.));
#3343=DIRECTION('ref_axis',(0.,-1.,0.));
#3344=DIRECTION('',(0.,0.,1.));
#3345=DIRECTION('center_axis',(0.,0.,1.));
#3346=DIRECTION('ref_axis',(1.,0.,0.));
#3347=DIRECTION('',(0.,0.,1.));
#3348=DIRECTION('center_axis',(0.,-1.,0.));
#3349=DIRECTION('ref_axis',(1.,0.,0.));
#3350=DIRECTION('',(0.,0.,1.));
#3351=DIRECTION('center_axis',(0.,0.,1.));
#3352=DIRECTION('ref_axis',(0.,1.,0.));
#3353=DIRECTION('',(0.,0.,1.));
#3354=DIRECTION('center_axis',(1.,0.,0.));
#3355=DIRECTION('ref_axis',(0.,1.,0.));
#3356=DIRECTION('',(0.,0.,1.));
#3357=DIRECTION('center_axis',(0.,0.,1.));
#3358=DIRECTION('ref_axis',(-1.,0.,0.));
#3359=CARTESIAN_POINT('',(0.,0.,0.));
#3360=CARTESIAN_POINT('Ctrl Pts',(19.3041847620449,20.6250449809766,29.3));
#3361=CARTESIAN_POINT('Ctrl Pts',(19.3041847620449,20.6250449809766,27.3));
#3362=CARTESIAN_POINT('Ctrl Pts',(19.1286651736816,19.2252762637792,29.3));
#3363=CARTESIAN_POINT('Ctrl Pts',(19.1286651736816,19.2252762637792,27.3));
#3364=CARTESIAN_POINT('Ctrl Pts',(19.9404432698619,17.8781634230908,29.3));
#3365=CARTESIAN_POINT('Ctrl Pts',(19.9404432698619,17.8781634230908,27.3));
#3366=CARTESIAN_POINT('Ctrl Pts',(21.274392141423,17.3516046580009,29.3));
#3367=CARTESIAN_POINT('Ctrl Pts',(21.274392141423,17.3516046580009,27.3));
#3368=CARTESIAN_POINT('',(19.3041847620449,20.6250449809766,29.295));
#3369=CARTESIAN_POINT('',(21.274392141423,17.3516046580009,29.295));
#3370=CARTESIAN_POINT('Ctrl Pts',(19.3041847620449,20.6250449809766,29.295));
#3371=CARTESIAN_POINT('Ctrl Pts',(19.1286651736816,19.2252762637792,29.295));
#3372=CARTESIAN_POINT('Ctrl Pts',(19.9404432698619,17.8781634230908,29.295));
#3373=CARTESIAN_POINT('Ctrl Pts',(21.274392141423,17.3516046580009,29.295));
#3374=CARTESIAN_POINT('',(19.3041847620449,20.6250449809766,27.3));
#3375=CARTESIAN_POINT('',(19.3041847620449,20.6250449809766,29.3));
#3376=CARTESIAN_POINT('',(21.274392141423,17.3516046580009,27.3));
#3377=CARTESIAN_POINT('Ctrl Pts',(19.3041847620449,20.6250449809766,27.3));
#3378=CARTESIAN_POINT('Ctrl Pts',(19.1286651736816,19.2252762637792,27.3));
#3379=CARTESIAN_POINT('Ctrl Pts',(19.9404432698619,17.8781634230908,27.3));
#3380=CARTESIAN_POINT('Ctrl Pts',(21.274392141423,17.3516046580009,27.3));
#3381=CARTESIAN_POINT('',(21.274392141423,17.3516046580009,29.3));
#3382=CARTESIAN_POINT('Ctrl Pts',(21.274392141423,17.3516046580009,29.3));
#3383=CARTESIAN_POINT('Ctrl Pts',(21.274392141423,17.3516046580009,27.3));
#3384=CARTESIAN_POINT('Ctrl Pts',(22.3670015789847,16.9215816665107,29.3));
#3385=CARTESIAN_POINT('Ctrl Pts',(22.3670015789847,16.9215816665107,27.3));
#3386=CARTESIAN_POINT('Ctrl Pts',(23.6439065843277,17.1716970799285,29.3));
#3387=CARTESIAN_POINT('Ctrl Pts',(23.6439065843277,17.1716970799285,27.3));
#3388=CARTESIAN_POINT('Ctrl Pts',(24.4995645775989,17.9834751761088,29.3));
#3389=CARTESIAN_POINT('Ctrl Pts',(24.4995645775989,17.9834751761088,27.3));
#3390=CARTESIAN_POINT('',(24.4995645775989,17.9834751761088,29.295));
#3391=CARTESIAN_POINT('Ctrl Pts',(21.274392141423,17.3516046580009,29.295));
#3392=CARTESIAN_POINT('Ctrl Pts',(22.3670015789847,16.9215816665107,29.295));
#3393=CARTESIAN_POINT('Ctrl Pts',(23.6439065843277,17.1716970799285,29.295));
#3394=CARTESIAN_POINT('Ctrl Pts',(24.4995645775989,17.9834751761088,29.295));
#3395=CARTESIAN_POINT('',(24.4995645775989,17.9834751761088,27.3));
#3396=CARTESIAN_POINT('Ctrl Pts',(21.274392141423,17.3516046580009,27.3));
#3397=CARTESIAN_POINT('Ctrl Pts',(22.3670015789847,16.9215816665107,27.3));
#3398=CARTESIAN_POINT('Ctrl Pts',(23.6439065843277,17.1716970799285,27.3));
#3399=CARTESIAN_POINT('Ctrl Pts',(24.4995645775989,17.9834751761088,27.3));
#3400=CARTESIAN_POINT('',(24.4995645775989,17.9834751761088,29.3));
#3401=CARTESIAN_POINT('Ctrl Pts',(24.4995645775989,17.9834751761088,29.3));
#3402=CARTESIAN_POINT('Ctrl Pts',(24.4995645775989,17.9834751761088,27.3));
#3403=CARTESIAN_POINT('Ctrl Pts',(24.8900956617073,18.3564543013808,29.3));
#3404=CARTESIAN_POINT('Ctrl Pts',(24.8900956617073,18.3564543013808,27.3));
#3405=CARTESIAN_POINT('Ctrl Pts',(25.1358230854159,18.7206574472347,29.3));
#3406=CARTESIAN_POINT('Ctrl Pts',(25.1358230854159,18.7206574472347,27.3));
#3407=CARTESIAN_POINT('Ctrl Pts',(25.3201186531974,19.212112294652,29.3));
#3408=CARTESIAN_POINT('Ctrl Pts',(25.3201186531974,19.212112294652,27.3));
#3409=CARTESIAN_POINT('',(25.3201186531974,19.212112294652,29.295));
#3410=CARTESIAN_POINT('Ctrl Pts',(24.4995645775989,17.9834751761088,29.295));
#3411=CARTESIAN_POINT('Ctrl Pts',(24.8900956617073,18.3564543013808,29.295));
#3412=CARTESIAN_POINT('Ctrl Pts',(25.1358230854159,18.7206574472347,29.295));
#3413=CARTESIAN_POINT('Ctrl Pts',(25.3201186531974,19.212112294652,29.295));
#3414=CARTESIAN_POINT('',(25.3201186531974,19.212112294652,27.3));
#3415=CARTESIAN_POINT('Ctrl Pts',(24.4995645775989,17.9834751761088,27.3));
#3416=CARTESIAN_POINT('Ctrl Pts',(24.8900956617073,18.3564543013808,27.3));
#3417=CARTESIAN_POINT('Ctrl Pts',(25.1358230854159,18.7206574472347,27.3));
#3418=CARTESIAN_POINT('Ctrl Pts',(25.3201186531974,19.212112294652,27.3));
#3419=CARTESIAN_POINT('',(25.3201186531974,19.212112294652,29.3));
#3420=CARTESIAN_POINT('Ctrl Pts',(25.3201186531974,19.212112294652,29.3));
#3421=CARTESIAN_POINT('Ctrl Pts',(25.3201186531974,19.212112294652,27.3));
#3422=CARTESIAN_POINT('Ctrl Pts',(25.4561463341789,19.5675394610877,29.3));
#3423=CARTESIAN_POINT('Ctrl Pts',(25.4561463341789,19.5675394610877,27.3));
#3424=CARTESIAN_POINT('Ctrl Pts',(25.4649223135971,19.6026433787603,29.3));
#3425=CARTESIAN_POINT('Ctrl Pts',(25.4649223135971,19.6026433787603,27.3));
#3426=CARTESIAN_POINT('Ctrl Pts',(25.4649223135971,20.2389018865773,29.3));
#3427=CARTESIAN_POINT('Ctrl Pts',(25.4649223135971,20.2389018865773,27.3));
#3428=CARTESIAN_POINT('',(25.4649223135971,20.2389018865773,29.295));
#3429=CARTESIAN_POINT('Ctrl Pts',(25.3201186531974,19.212112294652,29.295));
#3430=CARTESIAN_POINT('Ctrl Pts',(25.4561463341789,19.5675394610877,29.295));
#3431=CARTESIAN_POINT('Ctrl Pts',(25.4649223135971,19.6026433787603,29.295));
#3432=CARTESIAN_POINT('Ctrl Pts',(25.4649223135971,20.2389018865773,29.295));
#3433=CARTESIAN_POINT('',(25.4649223135971,20.2389018865773,27.3));
#3434=CARTESIAN_POINT('Ctrl Pts',(25.3201186531974,19.212112294652,27.3));
#3435=CARTESIAN_POINT('Ctrl Pts',(25.4561463341789,19.5675394610877,27.3));
#3436=CARTESIAN_POINT('Ctrl Pts',(25.4649223135971,19.6026433787603,27.3));
#3437=CARTESIAN_POINT('Ctrl Pts',(25.4649223135971,20.2389018865773,27.3));
#3438=CARTESIAN_POINT('',(25.4649223135971,20.2389018865773,29.3));
#3439=CARTESIAN_POINT('Ctrl Pts',(25.1138831368705,13.1128065990269,29.3));
#3440=CARTESIAN_POINT('Ctrl Pts',(25.1138831368705,13.1128065990269,27.3));
#3441=CARTESIAN_POINT('Ctrl Pts',(25.2894027252338,12.9065710827,29.3));
#3442=CARTESIAN_POINT('Ctrl Pts',(25.2894027252338,12.9065710827,27.3));
#3443=CARTESIAN_POINT('Ctrl Pts',(25.5439061283606,12.7924833502638,29.3));
#3444=CARTESIAN_POINT('Ctrl Pts',(25.5439061283606,12.7924833502638,27.3));
#3445=CARTESIAN_POINT('Ctrl Pts',(25.8335134491601,12.7880953605548,29.3));
#3446=CARTESIAN_POINT('Ctrl Pts',(25.8335134491601,12.7880953605548,27.3));
#3447=CARTESIAN_POINT('',(25.1138831368705,13.1128065990269,29.295));
#3448=CARTESIAN_POINT('',(25.8335134491601,12.7880953605548,29.295));
#3449=CARTESIAN_POINT('Ctrl Pts',(25.1138831368705,13.1128065990269,29.295));
#3450=CARTESIAN_POINT('Ctrl Pts',(25.2894027252338,12.9065710827,29.295));
#3451=CARTESIAN_POINT('Ctrl Pts',(25.5439061283606,12.7924833502638,29.295));
#3452=CARTESIAN_POINT('Ctrl Pts',(25.8335134491601,12.7880953605548,29.295));
#3453=CARTESIAN_POINT('',(25.1138831368705,13.1128065990269,27.3));
#3454=CARTESIAN_POINT('',(25.1138831368705,13.1128065990269,29.3));
#3455=CARTESIAN_POINT('',(25.8335134491601,12.7880953605548,27.3));
#3456=CARTESIAN_POINT('Ctrl Pts',(25.1138831368705,13.1128065990269,27.3));
#3457=CARTESIAN_POINT('Ctrl Pts',(25.2894027252338,12.9065710827,27.3));
#3458=CARTESIAN_POINT('Ctrl Pts',(25.5439061283606,12.7924833502638,27.3));
#3459=CARTESIAN_POINT('Ctrl Pts',(25.8335134491601,12.7880953605548,27.3));
#3460=CARTESIAN_POINT('',(25.8335134491601,12.7880953605548,29.3));
#3461=CARTESIAN_POINT('Ctrl Pts',(25.8335134491601,12.7880953605548,29.3));
#3462=CARTESIAN_POINT('Ctrl Pts',(25.8335134491601,12.7880953605548,27.3));
#3463=CARTESIAN_POINT('Ctrl Pts',(26.1889406155958,12.7880953605548,29.3));
#3464=CARTESIAN_POINT('Ctrl Pts',(26.1889406155958,12.7880953605548,27.3));
#3465=CARTESIAN_POINT('Ctrl Pts',(26.3864001525045,12.9109590724091,29.3));
#3466=CARTESIAN_POINT('Ctrl Pts',(26.3864001525045,12.9109590724091,27.3));
#3467=CARTESIAN_POINT('Ctrl Pts',(26.6847834527221,13.3278180947719,29.3));
#3468=CARTESIAN_POINT('Ctrl Pts',(26.6847834527221,13.3278180947719,27.3));
#3469=CARTESIAN_POINT('',(26.6847834527221,13.3278180947719,29.295));
#3470=CARTESIAN_POINT('Ctrl Pts',(25.8335134491601,12.7880953605548,29.295));
#3471=CARTESIAN_POINT('Ctrl Pts',(26.1889406155958,12.7880953605548,29.295));
#3472=CARTESIAN_POINT('Ctrl Pts',(26.3864001525045,12.9109590724091,29.295));
#3473=CARTESIAN_POINT('Ctrl Pts',(26.6847834527221,13.3278180947719,29.295));
#3474=CARTESIAN_POINT('',(26.6847834527221,13.3278180947719,27.3));
#3475=CARTESIAN_POINT('Ctrl Pts',(25.8335134491601,12.7880953605548,27.3));
#3476=CARTESIAN_POINT('Ctrl Pts',(26.1889406155958,12.7880953605548,27.3));
#3477=CARTESIAN_POINT('Ctrl Pts',(26.3864001525045,12.9109590724091,27.3));
#3478=CARTESIAN_POINT('Ctrl Pts',(26.6847834527221,13.3278180947719,27.3));
#3479=CARTESIAN_POINT('',(26.6847834527221,13.3278180947719,29.3));
#3480=CARTESIAN_POINT('Ctrl Pts',(26.6847834527221,13.3278180947719,29.3));
#3481=CARTESIAN_POINT('Ctrl Pts',(26.6847834527221,13.3278180947719,27.3));
#3482=CARTESIAN_POINT('Ctrl Pts',(26.7593792777765,13.4331298477899,29.3));
#3483=CARTESIAN_POINT('Ctrl Pts',(26.7593792777765,13.4331298477899,27.3));
#3484=CARTESIAN_POINT('Ctrl Pts',(26.7637672674856,13.4331298477899,29.3));
#3485=CARTESIAN_POINT('Ctrl Pts',(26.7637672674856,13.4331298477899,27.3));
#3486=CARTESIAN_POINT('Ctrl Pts',(26.8164231439946,13.3541460330264,29.3));
#3487=CARTESIAN_POINT('Ctrl Pts',(26.8164231439946,13.3541460330264,27.3));
#3488=CARTESIAN_POINT('',(26.8164231439946,13.3541460330264,29.295));
#3489=CARTESIAN_POINT('Ctrl Pts',(26.6847834527221,13.3278180947719,29.295));
#3490=CARTESIAN_POINT('Ctrl Pts',(26.7593792777765,13.4331298477899,29.295));
#3491=CARTESIAN_POINT('Ctrl Pts',(26.7637672674856,13.4331298477899,29.295));
#3492=CARTESIAN_POINT('Ctrl Pts',(26.8164231439946,13.3541460330264,29.295));
#3493=CARTESIAN_POINT('',(26.8164231439946,13.3541460330264,27.3));
#3494=CARTESIAN_POINT('Ctrl Pts',(26.6847834527221,13.3278180947719,27.3));
#3495=CARTESIAN_POINT('Ctrl Pts',(26.7593792777765,13.4331298477899,27.3));
#3496=CARTESIAN_POINT('Ctrl Pts',(26.7637672674856,13.4331298477899,27.3));
#3497=CARTESIAN_POINT('Ctrl Pts',(26.8164231439946,13.3541460330264,27.3));
#3498=CARTESIAN_POINT('',(26.8164231439946,13.3541460330264,29.3));
#3499=CARTESIAN_POINT('Ctrl Pts',(26.8164231439946,13.3541460330264,29.3));
#3500=CARTESIAN_POINT('Ctrl Pts',(26.8164231439946,13.3541460330264,27.3));
#3501=CARTESIAN_POINT('Ctrl Pts',(27.1060304647941,12.9065710827,29.3));
#3502=CARTESIAN_POINT('Ctrl Pts',(27.1060304647941,12.9065710827,27.3));
#3503=CARTESIAN_POINT('Ctrl Pts',(27.4877855694843,12.7134995355003,29.3));
#3504=CARTESIAN_POINT('Ctrl Pts',(27.4877855694843,12.7134995355003,27.3));
#3505=CARTESIAN_POINT('Ctrl Pts',(27.9002566021381,12.8056473193911,29.3));
#3506=CARTESIAN_POINT('Ctrl Pts',(27.9002566021381,12.8056473193911,27.3));
#3507=CARTESIAN_POINT('',(27.9002566021381,12.8056473193911,29.295));
#3508=CARTESIAN_POINT('Ctrl Pts',(26.8164231439946,13.3541460330264,29.295));
#3509=CARTESIAN_POINT('Ctrl Pts',(27.1060304647941,12.9065710827,29.295));
#3510=CARTESIAN_POINT('Ctrl Pts',(27.4877855694843,12.7134995355003,29.295));
#3511=CARTESIAN_POINT('Ctrl Pts',(27.9002566021381,12.8056473193911,29.295));
#3512=CARTESIAN_POINT('',(27.9002566021381,12.8056473193911,27.3));
#3513=CARTESIAN_POINT('Ctrl Pts',(26.8164231439946,13.3541460330264,27.3));
#3514=CARTESIAN_POINT('Ctrl Pts',(27.1060304647941,12.9065710827,27.3));
#3515=CARTESIAN_POINT('Ctrl Pts',(27.4877855694843,12.7134995355003,27.3));
#3516=CARTESIAN_POINT('Ctrl Pts',(27.9002566021381,12.8056473193911,27.3));
#3517=CARTESIAN_POINT('',(27.9002566021381,12.8056473193911,29.3));
#3518=CARTESIAN_POINT('Ctrl Pts',(27.9002566021381,12.8056473193911,29.3));
#3519=CARTESIAN_POINT('Ctrl Pts',(27.9002566021381,12.8056473193911,27.3));
#3520=CARTESIAN_POINT('Ctrl Pts',(28.5452910893732,12.9504509797908,29.3));
#3521=CARTESIAN_POINT('Ctrl Pts',(28.5452910893732,12.9504509797908,27.3));
#3522=CARTESIAN_POINT('Ctrl Pts',(28.8348984101727,13.7578410862621,29.3));
#3523=CARTESIAN_POINT('Ctrl Pts',(28.8348984101727,13.7578410862621,27.3));
#3524=CARTESIAN_POINT('Ctrl Pts',(28.4224273775189,14.2624599028066,29.3));
#3525=CARTESIAN_POINT('Ctrl Pts',(28.4224273775189,14.2624599028066,27.3));
#3526=CARTESIAN_POINT('',(28.4224273775189,14.2624599028066,29.295));
#3527=CARTESIAN_POINT('Ctrl Pts',(27.9002566021381,12.8056473193911,29.295));
#3528=CARTESIAN_POINT('Ctrl Pts',(28.5452910893732,12.9504509797908,29.295));
#3529=CARTESIAN_POINT('Ctrl Pts',(28.8348984101727,13.7578410862621,29.295));
#3530=CARTESIAN_POINT('Ctrl Pts',(28.4224273775189,14.2624599028066,29.295));
#3531=CARTESIAN_POINT('',(28.4224273775189,14.2624599028066,27.3));
#3532=CARTESIAN_POINT('Ctrl Pts',(27.9002566021381,12.8056473193911,27.3));
#3533=CARTESIAN_POINT('Ctrl Pts',(28.5452910893732,12.9504509797908,27.3));
#3534=CARTESIAN_POINT('Ctrl Pts',(28.8348984101727,13.7578410862621,27.3));
#3535=CARTESIAN_POINT('Ctrl Pts',(28.4224273775189,14.2624599028066,27.3));
#3536=CARTESIAN_POINT('',(28.4224273775189,14.2624599028066,29.3));
#3537=CARTESIAN_POINT('Ctrl Pts',(28.4224273775189,14.2624599028066,29.3));
#3538=CARTESIAN_POINT('Ctrl Pts',(28.4224273775189,14.2624599028066,27.3));
#3539=CARTESIAN_POINT('Ctrl Pts',(28.3478315524645,14.3546076866973,29.3));
#3540=CARTESIAN_POINT('Ctrl Pts',(28.3478315524645,14.3546076866973,27.3));
#3541=CARTESIAN_POINT('Ctrl Pts',(28.2249678406102,14.4599194397153,29.3));
#3542=CARTESIAN_POINT('Ctrl Pts',(28.2249678406102,14.4599194397153,27.3));
#3543=CARTESIAN_POINT('Ctrl Pts',(28.1503720155558,14.495023357388,29.3));
#3544=CARTESIAN_POINT('Ctrl Pts',(28.1503720155558,14.495023357388,27.3));
#3545=CARTESIAN_POINT('',(28.1503720155558,14.495023357388,29.295));
#3546=CARTESIAN_POINT('Ctrl Pts',(28.4224273775189,14.2624599028066,29.295));
#3547=CARTESIAN_POINT('Ctrl Pts',(28.3478315524645,14.3546076866973,29.295));
#3548=CARTESIAN_POINT('Ctrl Pts',(28.2249678406102,14.4599194397153,29.295));
#3549=CARTESIAN_POINT('Ctrl Pts',(28.1503720155558,14.495023357388,29.295));
#3550=CARTESIAN_POINT('',(28.1503720155558,14.495023357388,27.3));
#3551=CARTESIAN_POINT('Ctrl Pts',(28.4224273775189,14.2624599028066,27.3));
#3552=CARTESIAN_POINT('Ctrl Pts',(28.3478315524645,14.3546076866973,27.3));
#3553=CARTESIAN_POINT('Ctrl Pts',(28.2249678406102,14.4599194397153,27.3));
#3554=CARTESIAN_POINT('Ctrl Pts',(28.1503720155558,14.495023357388,27.3));
#3555=CARTESIAN_POINT('',(28.1503720155558,14.495023357388,29.3));
#3556=CARTESIAN_POINT('Ctrl Pts',(28.1503720155558,14.495023357388,29.3));
#3557=CARTESIAN_POINT('Ctrl Pts',(28.1503720155558,14.495023357388,27.3));
#3558=CARTESIAN_POINT('Ctrl Pts',(28.0713882007923,14.5345152647697,29.3));
#3559=CARTESIAN_POINT('Ctrl Pts',(28.0713882007923,14.5345152647697,27.3));
#3560=CARTESIAN_POINT('Ctrl Pts',(27.9178085609744,14.6705429457513,29.3));
#3561=CARTESIAN_POINT('Ctrl Pts',(27.9178085609744,14.6705429457513,27.3));
#3562=CARTESIAN_POINT('Ctrl Pts',(27.8037208285382,14.7977946473147,29.3));
#3563=CARTESIAN_POINT('Ctrl Pts',(27.8037208285382,14.7977946473147,27.3));
#3564=CARTESIAN_POINT('',(27.8037208285382,14.7977946473147,29.295));
#3565=CARTESIAN_POINT('Ctrl Pts',(28.1503720155558,14.495023357388,29.295));
#3566=CARTESIAN_POINT('Ctrl Pts',(28.0713882007923,14.5345152647697,29.295));
#3567=CARTESIAN_POINT('Ctrl Pts',(27.9178085609744,14.6705429457513,29.295));
#3568=CARTESIAN_POINT('Ctrl Pts',(27.8037208285382,14.7977946473147,29.295));
#3569=CARTESIAN_POINT('',(27.8037208285382,14.7977946473147,27.3));
#3570=CARTESIAN_POINT('Ctrl Pts',(28.1503720155558,14.495023357388,27.3));
#3571=CARTESIAN_POINT('Ctrl Pts',(28.0713882007923,14.5345152647697,27.3));
#3572=CARTESIAN_POINT('Ctrl Pts',(27.9178085609744,14.6705429457513,27.3));
#3573=CARTESIAN_POINT('Ctrl Pts',(27.8037208285382,14.7977946473147,27.3));
#3574=CARTESIAN_POINT('',(27.8037208285382,14.7977946473147,29.3));
#3575=CARTESIAN_POINT('Ctrl Pts',(28.1986399023557,19.212112294652,29.3));
#3576=CARTESIAN_POINT('Ctrl Pts',(28.1986399023557,19.212112294652,27.3));
#3577=CARTESIAN_POINT('Ctrl Pts',(28.3829354701372,18.7250454369438,29.3));
#3578=CARTESIAN_POINT('Ctrl Pts',(28.3829354701372,18.7250454369438,27.3));
#3579=CARTESIAN_POINT('Ctrl Pts',(28.6286628938458,18.3564543013808,29.3));
#3580=CARTESIAN_POINT('Ctrl Pts',(28.6286628938458,18.3564543013808,27.3));
#3581=CARTESIAN_POINT('Ctrl Pts',(29.0191939779542,17.9834751761088,29.3));
#3582=CARTESIAN_POINT('Ctrl Pts',(29.0191939779542,17.9834751761088,27.3));
#3583=CARTESIAN_POINT('',(28.1986399023557,19.212112294652,29.295));
#3584=CARTESIAN_POINT('',(29.0191939779542,17.9834751761088,29.295));
#3585=CARTESIAN_POINT('Ctrl Pts',(28.1986399023557,19.212112294652,29.295));
#3586=CARTESIAN_POINT('Ctrl Pts',(28.3829354701372,18.7250454369438,29.295));
#3587=CARTESIAN_POINT('Ctrl Pts',(28.6286628938458,18.3564543013808,29.295));
#3588=CARTESIAN_POINT('Ctrl Pts',(29.0191939779542,17.9834751761088,29.295));
#3589=CARTESIAN_POINT('',(28.1986399023557,19.212112294652,27.3));
#3590=CARTESIAN_POINT('',(28.1986399023557,19.212112294652,29.3));
#3591=CARTESIAN_POINT('',(29.0191939779542,17.9834751761088,27.3));
#3592=CARTESIAN_POINT('Ctrl Pts',(28.1986399023557,19.212112294652,27.3));
#3593=CARTESIAN_POINT('Ctrl Pts',(28.3829354701372,18.7250454369438,27.3));
#3594=CARTESIAN_POINT('Ctrl Pts',(28.6286628938458,18.3564543013808,27.3));
#3595=CARTESIAN_POINT('Ctrl Pts',(29.0191939779542,17.9834751761088,27.3));
#3596=CARTESIAN_POINT('',(29.0191939779542,17.9834751761088,29.3));
#3597=CARTESIAN_POINT('Ctrl Pts',(29.0191939779542,17.9834751761088,29.3));
#3598=CARTESIAN_POINT('Ctrl Pts',(29.0191939779542,17.9834751761088,27.3));
#3599=CARTESIAN_POINT('Ctrl Pts',(29.8748519712253,17.1716970799285,29.3));
#3600=CARTESIAN_POINT('Ctrl Pts',(29.8748519712253,17.1716970799285,27.3));
#3601=CARTESIAN_POINT('Ctrl Pts',(31.1517569765684,16.9215816665107,29.3));
#3602=CARTESIAN_POINT('Ctrl Pts',(31.1517569765684,16.9215816665107,27.3));
#3603=CARTESIAN_POINT('Ctrl Pts',(32.24436641413,17.3516046580009,29.3));
#3604=CARTESIAN_POINT('Ctrl Pts',(32.24436641413,17.3516046580009,27.3));
#3605=CARTESIAN_POINT('',(32.24436641413,17.3516046580009,29.295));
#3606=CARTESIAN_POINT('Ctrl Pts',(29.0191939779542,17.9834751761088,29.295));
#3607=CARTESIAN_POINT('Ctrl Pts',(29.8748519712253,17.1716970799285,29.295));
#3608=CARTESIAN_POINT('Ctrl Pts',(31.1517569765684,16.9215816665107,29.295));
#3609=CARTESIAN_POINT('Ctrl Pts',(32.24436641413,17.3516046580009,29.295));
#3610=CARTESIAN_POINT('',(32.24436641413,17.3516046580009,27.3));
#3611=CARTESIAN_POINT('Ctrl Pts',(29.0191939779542,17.9834751761088,27.3));
#3612=CARTESIAN_POINT('Ctrl Pts',(29.8748519712253,17.1716970799285,27.3));
#3613=CARTESIAN_POINT('Ctrl Pts',(31.1517569765684,16.9215816665107,27.3));
#3614=CARTESIAN_POINT('Ctrl Pts',(32.24436641413,17.3516046580009,27.3));
#3615=CARTESIAN_POINT('',(32.24436641413,17.3516046580009,29.3));
#3616=CARTESIAN_POINT('Ctrl Pts',(32.24436641413,17.3516046580009,29.3));
#3617=CARTESIAN_POINT('Ctrl Pts',(32.24436641413,17.3516046580009,27.3));
#3618=CARTESIAN_POINT('Ctrl Pts',(33.8152667299817,17.9746991966906,29.3));
#3619=CARTESIAN_POINT('Ctrl Pts',(33.8152667299817,17.9746991966906,27.3));
#3620=CARTESIAN_POINT('Ctrl Pts',(34.6094928673256,19.6772392038147,29.3));
#3621=CARTESIAN_POINT('Ctrl Pts',(34.6094928673256,19.6772392038147,27.3));
#3622=CARTESIAN_POINT('Ctrl Pts',(34.0653821433994,21.2744674579209,29.3));
#3623=CARTESIAN_POINT('Ctrl Pts',(34.0653821433994,21.2744674579209,27.3));
#3624=CARTESIAN_POINT('',(34.0653821433994,21.2744674579209,29.295));
#3625=CARTESIAN_POINT('Ctrl Pts',(32.24436641413,17.3516046580009,29.295));
#3626=CARTESIAN_POINT('Ctrl Pts',(33.8152667299817,17.9746991966906,29.295));
#3627=CARTESIAN_POINT('Ctrl Pts',(34.6094928673256,19.6772392038147,29.295));
#3628=CARTESIAN_POINT('Ctrl Pts',(34.0653821433994,21.2744674579209,29.295));
#3629=CARTESIAN_POINT('',(34.0653821433994,21.2744674579209,27.3));
#3630=CARTESIAN_POINT('Ctrl Pts',(32.24436641413,17.3516046580009,27.3));
#3631=CARTESIAN_POINT('Ctrl Pts',(33.8152667299817,17.9746991966906,27.3));
#3632=CARTESIAN_POINT('Ctrl Pts',(34.6094928673256,19.6772392038147,27.3));
#3633=CARTESIAN_POINT('Ctrl Pts',(34.0653821433994,21.2744674579209,27.3));
#3634=CARTESIAN_POINT('',(34.0653821433994,21.2744674579209,29.3));
#3635=CARTESIAN_POINT('Ctrl Pts',(34.0653821433994,21.2744674579209,29.3));
#3636=CARTESIAN_POINT('Ctrl Pts',(34.0653821433994,21.2744674579209,27.3));
#3637=CARTESIAN_POINT('Ctrl Pts',(33.9118025035815,21.7352063773746,29.3));
#3638=CARTESIAN_POINT('Ctrl Pts',(33.9118025035815,21.7352063773746,27.3));
#3639=CARTESIAN_POINT('Ctrl Pts',(33.7143429666728,22.0379776673013,29.3));
#3640=CARTESIAN_POINT('Ctrl Pts',(33.7143429666728,22.0379776673013,27.3));
#3641=CARTESIAN_POINT('Ctrl Pts',(33.2974839443099,22.4592246793732,29.3));
#3642=CARTESIAN_POINT('Ctrl Pts',(33.2974839443099,22.4592246793732,27.3));
#3643=CARTESIAN_POINT('',(33.2974839443099,22.4592246793732,29.295));
#3644=CARTESIAN_POINT('Ctrl Pts',(34.0653821433994,21.2744674579209,29.295));
#3645=CARTESIAN_POINT('Ctrl Pts',(33.9118025035815,21.7352063773746,29.295));
#3646=CARTESIAN_POINT('Ctrl Pts',(33.7143429666728,22.0379776673013,29.295));
#3647=CARTESIAN_POINT('Ctrl Pts',(33.2974839443099,22.4592246793732,29.295));
#3648=CARTESIAN_POINT('',(33.2974839443099,22.4592246793732,27.3));
#3649=CARTESIAN_POINT('Ctrl Pts',(34.0653821433994,21.2744674579209,27.3));
#3650=CARTESIAN_POINT('Ctrl Pts',(33.9118025035815,21.7352063773746,27.3));
#3651=CARTESIAN_POINT('Ctrl Pts',(33.7143429666728,22.0379776673013,27.3));
#3652=CARTESIAN_POINT('Ctrl Pts',(33.2974839443099,22.4592246793732,27.3));
#3653=CARTESIAN_POINT('',(33.2974839443099,22.4592246793732,29.3));
#3654=CARTESIAN_POINT('Ctrl Pts',(20.6030297159334,7.79456307161854,29.3));
#3655=CARTESIAN_POINT('Ctrl Pts',(20.6030297159334,7.79456307161854,27.3));
#3656=CARTESIAN_POINT('Ctrl Pts',(20.5196579114608,8.02273853649085,29.3));
#3657=CARTESIAN_POINT('Ctrl Pts',(20.5196579114608,8.02273853649085,27.3));
#3658=CARTESIAN_POINT('Ctrl Pts',(20.5108819320426,8.15437822776333,29.3));
#3659=CARTESIAN_POINT('Ctrl Pts',(20.5108819320426,8.15437822776333,27.3));
#3660=CARTESIAN_POINT('Ctrl Pts',(20.4933299732063,9.58486287292432,29.3));
#3661=CARTESIAN_POINT('Ctrl Pts',(20.4933299732063,9.58486287292432,27.3));
#3662=CARTESIAN_POINT('',(20.6030297159334,7.79456307161854,29.295));
#3663=CARTESIAN_POINT('',(20.4933299732063,9.58486287292432,29.295));
#3664=CARTESIAN_POINT('Ctrl Pts',(20.6030297159334,7.79456307161854,29.295));
#3665=CARTESIAN_POINT('Ctrl Pts',(20.5196579114608,8.02273853649085,29.295));
#3666=CARTESIAN_POINT('Ctrl Pts',(20.5108819320426,8.15437822776333,29.295));
#3667=CARTESIAN_POINT('Ctrl Pts',(20.4933299732063,9.58486287292432,29.295));
#3668=CARTESIAN_POINT('',(20.6030297159334,7.79456307161854,27.3));
#3669=CARTESIAN_POINT('',(20.6030297159334,7.79456307161854,29.3));
#3670=CARTESIAN_POINT('',(20.4933299732063,9.58486287292432,27.3));
#3671=CARTESIAN_POINT('Ctrl Pts',(20.6030297159334,7.79456307161854,27.3));
#3672=CARTESIAN_POINT('Ctrl Pts',(20.5196579114608,8.02273853649085,27.3));
#3673=CARTESIAN_POINT('Ctrl Pts',(20.5108819320426,8.15437822776333,27.3));
#3674=CARTESIAN_POINT('Ctrl Pts',(20.4933299732063,9.58486287292432,27.3));
#3675=CARTESIAN_POINT('',(20.4933299732063,9.58486287292432,29.3));
#3676=CARTESIAN_POINT('Origin',(20.4933299732063,9.58486287292432,29.3));
#3677=CARTESIAN_POINT('',(20.47577801437,11.1294352505215,29.295));
#3678=CARTESIAN_POINT('',(20.5464593859141,4.90947455463617,29.295));
#3679=CARTESIAN_POINT('',(20.47577801437,11.1294352505215,27.3));
#3680=CARTESIAN_POINT('',(20.4933299732063,9.58486287292432,27.3));
#3681=CARTESIAN_POINT('',(20.47577801437,11.1294352505215,29.3));
#3682=CARTESIAN_POINT('Origin',(20.47577801437,11.1294352505215,29.3));
#3683=CARTESIAN_POINT('',(20.317810384843,11.1820911270305,29.295));
#3684=CARTESIAN_POINT('',(12.9310931954816,13.6443301901508,29.295));
#3685=CARTESIAN_POINT('',(20.317810384843,11.1820911270305,27.3));
#3686=CARTESIAN_POINT('',(20.47577801437,11.1294352505215,27.3));
#3687=CARTESIAN_POINT('',(20.317810384843,11.1820911270305,29.3));
#3688=CARTESIAN_POINT('Ctrl Pts',(20.317810384843,11.1820911270305,29.3));
#3689=CARTESIAN_POINT('Ctrl Pts',(20.317810384843,11.1820911270305,27.3));
#3690=CARTESIAN_POINT('Ctrl Pts',(20.054531002298,11.265462931503,29.3));
#3691=CARTESIAN_POINT('Ctrl Pts',(20.054531002298,11.265462931503,27.3));
#3692=CARTESIAN_POINT('Ctrl Pts',(19.4270484738992,11.5945621596842,29.3));
#3693=CARTESIAN_POINT('Ctrl Pts',(19.4270484738992,11.5945621596842,27.3));
#3694=CARTESIAN_POINT('Ctrl Pts',(19.097949245718,11.8139616451384,29.3));
#3695=CARTESIAN_POINT('Ctrl Pts',(19.097949245718,11.8139616451384,27.3));
#3696=CARTESIAN_POINT('',(19.097949245718,11.8139616451384,29.295));
#3697=CARTESIAN_POINT('Ctrl Pts',(20.317810384843,11.1820911270305,29.295));
#3698=CARTESIAN_POINT('Ctrl Pts',(20.054531002298,11.265462931503,29.295));
#3699=CARTESIAN_POINT('Ctrl Pts',(19.4270484738992,11.5945621596842,29.295));
#3700=CARTESIAN_POINT('Ctrl Pts',(19.097949245718,11.8139616451384,29.295));
#3701=CARTESIAN_POINT('',(19.097949245718,11.8139616451384,27.3));
#3702=CARTESIAN_POINT('Ctrl Pts',(20.317810384843,11.1820911270305,27.3));
#3703=CARTESIAN_POINT('Ctrl Pts',(20.054531002298,11.265462931503,27.3));
#3704=CARTESIAN_POINT('Ctrl Pts',(19.4270484738992,11.5945621596842,27.3));
#3705=CARTESIAN_POINT('Ctrl Pts',(19.097949245718,11.8139616451384,27.3));
#3706=CARTESIAN_POINT('',(19.097949245718,11.8139616451384,29.3));
#3707=CARTESIAN_POINT('Ctrl Pts',(19.097949245718,11.8139616451384,29.3));
#3708=CARTESIAN_POINT('Ctrl Pts',(19.097949245718,11.8139616451384,27.3));
#3709=CARTESIAN_POINT('Ctrl Pts',(18.9312056367728,11.9280493775745,29.3));
#3710=CARTESIAN_POINT('Ctrl Pts',(18.9312056367728,11.9280493775745,27.3));
#3711=CARTESIAN_POINT('Ctrl Pts',(18.6328223365552,12.1825527807013,29.3));
#3712=CARTESIAN_POINT('Ctrl Pts',(18.6328223365552,12.1825527807013,27.3));
#3713=CARTESIAN_POINT('Ctrl Pts',(18.4309748099374,12.3800123176101,29.3));
#3714=CARTESIAN_POINT('Ctrl Pts',(18.4309748099374,12.3800123176101,27.3));
#3715=CARTESIAN_POINT('',(18.4309748099374,12.3800123176101,29.295));
#3716=CARTESIAN_POINT('Ctrl Pts',(19.097949245718,11.8139616451384,29.295));
#3717=CARTESIAN_POINT('Ctrl Pts',(18.9312056367728,11.9280493775745,29.295));
#3718=CARTESIAN_POINT('Ctrl Pts',(18.6328223365552,12.1825527807013,29.295));
#3719=CARTESIAN_POINT('Ctrl Pts',(18.4309748099374,12.3800123176101,29.295));
#3720=CARTESIAN_POINT('',(18.4309748099374,12.3800123176101,27.3));
#3721=CARTESIAN_POINT('Ctrl Pts',(19.097949245718,11.8139616451384,27.3));
#3722=CARTESIAN_POINT('Ctrl Pts',(18.9312056367728,11.9280493775745,27.3));
#3723=CARTESIAN_POINT('Ctrl Pts',(18.6328223365552,12.1825527807013,27.3));
#3724=CARTESIAN_POINT('Ctrl Pts',(18.4309748099374,12.3800123176101,27.3));
#3725=CARTESIAN_POINT('',(18.4309748099374,12.3800123176101,29.3));
#3726=CARTESIAN_POINT('Ctrl Pts',(18.4309748099374,12.3800123176101,29.3));
#3727=CARTESIAN_POINT('Ctrl Pts',(18.4309748099374,12.3800123176101,27.3));
#3728=CARTESIAN_POINT('Ctrl Pts',(17.1672337737216,13.6130374258623,29.3));
#3729=CARTESIAN_POINT('Ctrl Pts',(17.1672337737216,13.6130374258623,27.3));
#3730=CARTESIAN_POINT('Ctrl Pts',(16.7547627410678,15.1268938754959,29.3));
#3731=CARTESIAN_POINT('Ctrl Pts',(16.7547627410678,15.1268938754959,27.3));
#3732=CARTESIAN_POINT('Ctrl Pts',(16.7547627410678,18.4837060029442,29.3));
#3733=CARTESIAN_POINT('Ctrl Pts',(16.7547627410678,18.4837060029442,27.3));
#3734=CARTESIAN_POINT('',(16.7547627410678,18.4837060029442,29.295));
#3735=CARTESIAN_POINT('Ctrl Pts',(18.4309748099374,12.3800123176101,29.295));
#3736=CARTESIAN_POINT('Ctrl Pts',(17.1672337737216,13.6130374258623,29.295));
#3737=CARTESIAN_POINT('Ctrl Pts',(16.7547627410678,15.1268938754959,29.295));
#3738=CARTESIAN_POINT('Ctrl Pts',(16.7547627410678,18.4837060029442,29.295));
#3739=CARTESIAN_POINT('',(16.7547627410678,18.4837060029442,27.3));
#3740=CARTESIAN_POINT('Ctrl Pts',(18.4309748099374,12.3800123176101,27.3));
#3741=CARTESIAN_POINT('Ctrl Pts',(17.1672337737216,13.6130374258623,27.3));
#3742=CARTESIAN_POINT('Ctrl Pts',(16.7547627410678,15.1268938754959,27.3));
#3743=CARTESIAN_POINT('Ctrl Pts',(16.7547627410678,18.4837060029442,27.3));
#3744=CARTESIAN_POINT('',(16.7547627410678,18.4837060029442,29.3));
#3745=CARTESIAN_POINT('Ctrl Pts',(16.7547627410678,18.4837060029442,29.3));
#3746=CARTESIAN_POINT('Ctrl Pts',(16.7547627410678,18.4837060029442,27.3));
#3747=CARTESIAN_POINT('Ctrl Pts',(16.7547627410678,20.3178857013408,29.3));
#3748=CARTESIAN_POINT('Ctrl Pts',(16.7547627410678,20.3178857013408,27.3));
#3749=CARTESIAN_POINT('Ctrl Pts',(16.8776264529221,21.226199571121,29.3));
#3750=CARTESIAN_POINT('Ctrl Pts',(16.8776264529221,21.226199571121,27.3));
#3751=CARTESIAN_POINT('Ctrl Pts',(17.3076494444122,22.5645364323912,29.3));
#3752=CARTESIAN_POINT('Ctrl Pts',(17.3076494444122,22.5645364323912,27.3));
#3753=CARTESIAN_POINT('',(17.3076494444122,22.5645364323912,29.295));
#3754=CARTESIAN_POINT('Ctrl Pts',(16.7547627410678,18.4837060029442,29.295));
#3755=CARTESIAN_POINT('Ctrl Pts',(16.7547627410678,20.3178857013408,29.295));
#3756=CARTESIAN_POINT('Ctrl Pts',(16.8776264529221,21.226199571121,29.295));
#3757=CARTESIAN_POINT('Ctrl Pts',(17.3076494444122,22.5645364323912,29.295));
#3758=CARTESIAN_POINT('',(17.3076494444122,22.5645364323912,27.3));
#3759=CARTESIAN_POINT('Ctrl Pts',(16.7547627410678,18.4837060029442,27.3));
#3760=CARTESIAN_POINT('Ctrl Pts',(16.7547627410678,20.3178857013408,27.3));
#3761=CARTESIAN_POINT('Ctrl Pts',(16.8776264529221,21.226199571121,27.3));
#3762=CARTESIAN_POINT('Ctrl Pts',(17.3076494444122,22.5645364323912,27.3));
#3763=CARTESIAN_POINT('',(17.3076494444122,22.5645364323912,29.3));
#3764=CARTESIAN_POINT('Ctrl Pts',(17.3076494444122,22.5645364323912,29.3));
#3765=CARTESIAN_POINT('Ctrl Pts',(17.3076494444122,22.5645364323912,27.3));
#3766=CARTESIAN_POINT('Ctrl Pts',(17.4831690327755,23.1042591666084,29.3));
#3767=CARTESIAN_POINT('Ctrl Pts',(17.4831690327755,23.1042591666084,27.3));
#3768=CARTESIAN_POINT('Ctrl Pts',(17.9131920242656,24.0257370055158,29.3));
#3769=CARTESIAN_POINT('Ctrl Pts',(17.9131920242656,24.0257370055158,27.3));
#3770=CARTESIAN_POINT('Ctrl Pts',(18.251067231865,24.5917876779875,29.3));
#3771=CARTESIAN_POINT('Ctrl Pts',(18.251067231865,24.5917876779875,27.3));
#3772=CARTESIAN_POINT('',(18.251067231865,24.5917876779875,29.295));
#3773=CARTESIAN_POINT('Ctrl Pts',(17.3076494444122,22.5645364323912,29.295));
#3774=CARTESIAN_POINT('Ctrl Pts',(17.4831690327755,23.1042591666084,29.295));
#3775=CARTESIAN_POINT('Ctrl Pts',(17.9131920242656,24.0257370055158,29.295));
#3776=CARTESIAN_POINT('Ctrl Pts',(18.251067231865,24.5917876779875,29.295));
#3777=CARTESIAN_POINT('',(18.251067231865,24.5917876779875,27.3));
#3778=CARTESIAN_POINT('Ctrl Pts',(17.3076494444122,22.5645364323912,27.3));
#3779=CARTESIAN_POINT('Ctrl Pts',(17.4831690327755,23.1042591666084,27.3));
#3780=CARTESIAN_POINT('Ctrl Pts',(17.9131920242656,24.0257370055158,27.3));
#3781=CARTESIAN_POINT('Ctrl Pts',(18.251067231865,24.5917876779875,27.3));
#3782=CARTESIAN_POINT('',(18.251067231865,24.5917876779875,29.3));
#3783=CARTESIAN_POINT('Ctrl Pts',(18.251067231865,24.5917876779875,29.3));
#3784=CARTESIAN_POINT('Ctrl Pts',(18.251067231865,24.5917876779875,27.3));
#3785=CARTESIAN_POINT('Ctrl Pts',(18.8083419249185,25.5132655168948,29.3));
#3786=CARTESIAN_POINT('Ctrl Pts',(18.8083419249185,25.5132655168948,27.3));
#3787=CARTESIAN_POINT('Ctrl Pts',(19.9185033213165,26.6629188206745,29.3));
#3788=CARTESIAN_POINT('Ctrl Pts',(19.9185033213165,26.6629188206745,27.3));
#3789=CARTESIAN_POINT('Ctrl Pts',(20.8399811602239,27.2816253696552,29.3));
#3790=CARTESIAN_POINT('Ctrl Pts',(20.8399811602239,27.2816253696552,27.3));
#3791=CARTESIAN_POINT('',(20.8399811602239,27.2816253696552,29.295));
#3792=CARTESIAN_POINT('Ctrl Pts',(18.251067231865,24.5917876779875,29.295));
#3793=CARTESIAN_POINT('Ctrl Pts',(18.8083419249185,25.5132655168948,29.295));
#3794=CARTESIAN_POINT('Ctrl Pts',(19.9185033213165,26.6629188206745,29.295));
#3795=CARTESIAN_POINT('Ctrl Pts',(20.8399811602239,27.2816253696552,29.295));
#3796=CARTESIAN_POINT('',(20.8399811602239,27.2816253696552,27.3));
#3797=CARTESIAN_POINT('Ctrl Pts',(18.251067231865,24.5917876779875,27.3));
#3798=CARTESIAN_POINT('Ctrl Pts',(18.8083419249185,25.5132655168948,27.3));
#3799=CARTESIAN_POINT('Ctrl Pts',(19.9185033213165,26.6629188206745,27.3));
#3800=CARTESIAN_POINT('Ctrl Pts',(20.8399811602239,27.2816253696552,27.3));
#3801=CARTESIAN_POINT('',(20.8399811602239,27.2816253696552,29.3));
#3802=CARTESIAN_POINT('Ctrl Pts',(20.8399811602239,27.2816253696552,29.3));
#3803=CARTESIAN_POINT('Ctrl Pts',(20.8399811602239,27.2816253696552,27.3));
#3804=CARTESIAN_POINT('Ctrl Pts',(22.1388261141124,28.1504473320536,29.3));
#3805=CARTESIAN_POINT('Ctrl Pts',(22.1388261141124,28.1504473320536,27.3));
#3806=CARTESIAN_POINT('Ctrl Pts',(23.6263546254914,28.6945580559799,29.3));
#3807=CARTESIAN_POINT('Ctrl Pts',(23.6263546254914,28.6945580559799,27.3));
#3808=CARTESIAN_POINT('Ctrl Pts',(25.3113426737792,28.9227335208522,29.3));
#3809=CARTESIAN_POINT('Ctrl Pts',(25.3113426737792,28.9227335208522,27.3));
#3810=CARTESIAN_POINT('',(25.3113426737792,28.9227335208522,29.295));
#3811=CARTESIAN_POINT('Ctrl Pts',(20.8399811602239,27.2816253696552,29.295));
#3812=CARTESIAN_POINT('Ctrl Pts',(22.1388261141124,28.1504473320536,29.295));
#3813=CARTESIAN_POINT('Ctrl Pts',(23.6263546254914,28.6945580559799,29.295));
#3814=CARTESIAN_POINT('Ctrl Pts',(25.3113426737792,28.9227335208522,29.295));
#3815=CARTESIAN_POINT('',(25.3113426737792,28.9227335208522,27.3));
#3816=CARTESIAN_POINT('Ctrl Pts',(20.8399811602239,27.2816253696552,27.3));
#3817=CARTESIAN_POINT('Ctrl Pts',(22.1388261141124,28.1504473320536,27.3));
#3818=CARTESIAN_POINT('Ctrl Pts',(23.6263546254914,28.6945580559799,27.3));
#3819=CARTESIAN_POINT('Ctrl Pts',(25.3113426737792,28.9227335208522,27.3));
#3820=CARTESIAN_POINT('',(25.3113426737792,28.9227335208522,29.3));
#3821=CARTESIAN_POINT('Ctrl Pts',(25.3113426737792,28.9227335208522,29.3));
#3822=CARTESIAN_POINT('Ctrl Pts',(25.3113426737792,28.9227335208522,27.3));
#3823=CARTESIAN_POINT('Ctrl Pts',(25.4268802331549,28.9383792320176,29.3));
#3824=CARTESIAN_POINT('Ctrl Pts',(25.4268802331549,28.9383792320176,27.3));
#3825=CARTESIAN_POINT('Ctrl Pts',(25.6581102476818,28.9660697466632,29.3));
#3826=CARTESIAN_POINT('Ctrl Pts',(25.6581102476818,28.9660697466632,27.3));
#3827=CARTESIAN_POINT('Ctrl Pts',(26.0054194761808,28.9968115948349,29.3));
#3828=CARTESIAN_POINT('Ctrl Pts',(26.0054194761808,28.9968115948349,27.3));
#3829=CARTESIAN_POINT('Ctrl Pts',(26.4692446153329,29.0183957207914,29.3));
#3830=CARTESIAN_POINT('Ctrl Pts',(26.4692446153329,29.0183957207914,27.3));
#3831=CARTESIAN_POINT('Ctrl Pts',(27.0494704806782,29.0182204659679,29.3));
#3832=CARTESIAN_POINT('Ctrl Pts',(27.0494704806782,29.0182204659679,27.3));
#3833=CARTESIAN_POINT('Ctrl Pts',(27.5133054706564,28.9964774666187,29.3));
#3834=CARTESIAN_POINT('Ctrl Pts',(27.5133054706564,28.9964774666187,27.3));
#3835=CARTESIAN_POINT('Ctrl Pts',(27.8606286612949,28.9658093011756,29.3));
#3836=CARTESIAN_POINT('Ctrl Pts',(27.8606286612949,28.9658093011756,27.3));
#3837=CARTESIAN_POINT('Ctrl Pts',(28.091871231787,28.9382746141253,29.3));
#3838=CARTESIAN_POINT('Ctrl Pts',(28.091871231787,28.9382746141253,27.3));
#3839=CARTESIAN_POINT('Ctrl Pts',(28.2074158817738,28.9227335208522,29.3));
#3840=CARTESIAN_POINT('Ctrl Pts',(28.2074158817738,28.9227335208522,27.3));
#3841=CARTESIAN_POINT('',(28.2074158817738,28.9227335208522,29.295));
#3842=CARTESIAN_POINT('Ctrl Pts',(25.3113426737792,28.9227335208522,29.295));
#3843=CARTESIAN_POINT('Ctrl Pts',(25.3988496302462,28.9345834212071,29.295));
#3844=CARTESIAN_POINT('Ctrl Pts',(25.4864103732344,28.9451887735325,29.295));
#3845=CARTESIAN_POINT('Ctrl Pts',(25.5740218937266,28.9545837824672,29.295));
#3846=CARTESIAN_POINT('Ctrl Pts',(25.691884563658,28.9672227691079,29.295));
#3847=CARTESIAN_POINT('Ctrl Pts',(25.8098393196958,28.9776736670308,29.295));
#3848=CARTESIAN_POINT('Ctrl Pts',(25.9278662186799,28.9861256268246,29.295));
#3849=CARTESIAN_POINT('Ctrl Pts',(26.0381940802517,28.9940262550556,29.295));
#3850=CARTESIAN_POINT('Ctrl Pts',(26.1485846204629,29.0001855953674,29.295));
#3851=CARTESIAN_POINT('Ctrl Pts',(26.259015147567,29.0047558497721,29.295));
#3852=CARTESIAN_POINT('Ctrl Pts',(26.3567211895362,29.0087994913302,29.295));
#3853=CARTESIAN_POINT('Ctrl Pts',(26.4544583712839,29.011600450084,29.295));
#3854=CARTESIAN_POINT('Ctrl Pts',(26.5522088959736,29.0132269128007,29.295));
#3855=CARTESIAN_POINT('Ctrl Pts',(26.6486638208011,29.0148318181409,29.295));
#3856=CARTESIAN_POINT('Ctrl Pts',(26.7451316735235,29.0152933666747,29.295));
#3857=CARTESIAN_POINT('Ctrl Pts',(26.8415947537541,29.0146258764888,29.295));
#3858=CARTESIAN_POINT('Ctrl Pts',(26.9386501393231,29.0139542877608,29.295));
#3859=CARTESIAN_POINT('Ctrl Pts',(27.0357006379694,29.0121398048126,29.295));
#3860=CARTESIAN_POINT('Ctrl Pts',(27.1327284706991,29.0091437497274,29.295));
#3861=CARTESIAN_POINT('Ctrl Pts',(27.2428610250759,29.0057430430405,29.295));
#3862=CARTESIAN_POINT('Ctrl Pts',(27.3529641996751,29.0008192521431,29.295));
#3863=CARTESIAN_POINT('Ctrl Pts',(27.4630140657957,28.9942465501107,29.295));
#3864=CARTESIAN_POINT('Ctrl Pts',(27.5872514929054,28.9868264993786,29.295));
#3865=CARTESIAN_POINT('Ctrl Pts',(27.7114205416024,28.977300426393,29.295));
#3866=CARTESIAN_POINT('Ctrl Pts',(27.8354942502428,28.9654456491313,29.295));
#3867=CARTESIAN_POINT('Ctrl Pts',(27.9242258239583,28.9569676802368,29.295));
#3868=CARTESIAN_POINT('Ctrl Pts',(28.0129087283141,28.9472962904333,29.295));
#3869=CARTESIAN_POINT('Ctrl Pts',(28.1015376873339,28.9363760896115,29.295));
#3870=CARTESIAN_POINT('Ctrl Pts',(28.1368389504216,28.9320265306587,29.295));
#3871=CARTESIAN_POINT('Ctrl Pts',(28.1721317106537,28.9274793450379,29.295));
#3872=CARTESIAN_POINT('Ctrl Pts',(28.2074158817738,28.9227335208522,29.295));
#3873=CARTESIAN_POINT('',(28.2074158817738,28.9227335208522,27.3));
#3874=CARTESIAN_POINT('Ctrl Pts',(25.3113426737792,28.9227335208522,27.3));
#3875=CARTESIAN_POINT('Ctrl Pts',(25.4268802331549,28.9383792320176,27.3));
#3876=CARTESIAN_POINT('Ctrl Pts',(25.6581102476818,28.9660697466632,27.3));
#3877=CARTESIAN_POINT('Ctrl Pts',(26.0054194761808,28.9968115948349,27.3));
#3878=CARTESIAN_POINT('Ctrl Pts',(26.4692446153329,29.0183957207914,27.3));
#3879=CARTESIAN_POINT('Ctrl Pts',(27.0494704806782,29.0182204659679,27.3));
#3880=CARTESIAN_POINT('Ctrl Pts',(27.5133054706564,28.9964774666187,27.3));
#3881=CARTESIAN_POINT('Ctrl Pts',(27.8606286612949,28.9658093011756,27.3));
#3882=CARTESIAN_POINT('Ctrl Pts',(28.091871231787,28.9382746141253,27.3));
#3883=CARTESIAN_POINT('Ctrl Pts',(28.2074158817738,28.9227335208522,27.3));
#3884=CARTESIAN_POINT('',(28.2074158817738,28.9227335208522,29.3));
#3885=CARTESIAN_POINT('Ctrl Pts',(28.2074158817738,28.9227335208522,29.3));
#3886=CARTESIAN_POINT('Ctrl Pts',(28.2074158817738,28.9227335208522,27.3));
#3887=CARTESIAN_POINT('Ctrl Pts',(30.4584546025333,28.6199622309255,29.3));
#3888=CARTESIAN_POINT('Ctrl Pts',(30.4584546025333,28.6199622309255,27.3));
#3889=CARTESIAN_POINT('Ctrl Pts',(32.3584541465662,27.7511402685271,29.3));
#3890=CARTESIAN_POINT('Ctrl Pts',(32.3584541465662,27.7511402685271,27.3));
#3891=CARTESIAN_POINT('Ctrl Pts',(33.7889387917272,26.3645355204569,29.3));
#3892=CARTESIAN_POINT('Ctrl Pts',(33.7889387917272,26.3645355204569,27.3));
#3893=CARTESIAN_POINT('',(33.7889387917272,26.3645355204569,29.295));
#3894=CARTESIAN_POINT('Ctrl Pts',(28.2074158817738,28.9227335208522,29.295));
#3895=CARTESIAN_POINT('Ctrl Pts',(30.4584546025333,28.6199622309255,29.295));
#3896=CARTESIAN_POINT('Ctrl Pts',(32.3584541465662,27.7511402685271,29.295));
#3897=CARTESIAN_POINT('Ctrl Pts',(33.7889387917272,26.3645355204569,29.295));
#3898=CARTESIAN_POINT('',(33.7889387917272,26.3645355204569,27.3));
#3899=CARTESIAN_POINT('Ctrl Pts',(28.2074158817738,28.9227335208522,27.3));
#3900=CARTESIAN_POINT('Ctrl Pts',(30.4584546025333,28.6199622309255,27.3));
#3901=CARTESIAN_POINT('Ctrl Pts',(32.3584541465662,27.7511402685271,27.3));
#3902=CARTESIAN_POINT('Ctrl Pts',(33.7889387917272,26.3645355204569,27.3));
#3903=CARTESIAN_POINT('',(33.7889387917272,26.3645355204569,29.3));
#3904=CARTESIAN_POINT('Ctrl Pts',(33.7889387917272,26.3645355204569,29.3));
#3905=CARTESIAN_POINT('Ctrl Pts',(33.7889387917272,26.3645355204569,27.3));
#3906=CARTESIAN_POINT('Ctrl Pts',(34.7411325585981,25.4474456712586,29.3));
#3907=CARTESIAN_POINT('Ctrl Pts',(34.7411325585981,25.4474456712586,27.3));
#3908=CARTESIAN_POINT('Ctrl Pts',(35.2150354471791,24.7980231943144,29.3));
#3909=CARTESIAN_POINT('Ctrl Pts',(35.2150354471791,24.7980231943144,27.3));
#3910=CARTESIAN_POINT('Ctrl Pts',(35.7723101402326,23.6352059214074,29.3));
#3911=CARTESIAN_POINT('Ctrl Pts',(35.7723101402326,23.6352059214074,27.3));
#3912=CARTESIAN_POINT('',(35.7723101402326,23.6352059214074,29.295));
#3913=CARTESIAN_POINT('Ctrl Pts',(33.7889387917272,26.3645355204569,29.295));
#3914=CARTESIAN_POINT('Ctrl Pts',(34.7411325585981,25.4474456712586,29.295));
#3915=CARTESIAN_POINT('Ctrl Pts',(35.2150354471791,24.7980231943144,29.295));
#3916=CARTESIAN_POINT('Ctrl Pts',(35.7723101402326,23.6352059214074,29.295));
#3917=CARTESIAN_POINT('',(35.7723101402326,23.6352059214074,27.3));
#3918=CARTESIAN_POINT('Ctrl Pts',(33.7889387917272,26.3645355204569,27.3));
#3919=CARTESIAN_POINT('Ctrl Pts',(34.7411325585981,25.4474456712586,27.3));
#3920=CARTESIAN_POINT('Ctrl Pts',(35.2150354471791,24.7980231943144,27.3));
#3921=CARTESIAN_POINT('Ctrl Pts',(35.7723101402326,23.6352059214074,27.3));
#3922=CARTESIAN_POINT('',(35.7723101402326,23.6352059214074,29.3));
#3923=CARTESIAN_POINT('Ctrl Pts',(35.7723101402326,23.6352059214074,29.3));
#3924=CARTESIAN_POINT('Ctrl Pts',(35.7723101402326,23.6352059214074,27.3));
#3925=CARTESIAN_POINT('Ctrl Pts',(36.1628412243409,22.8234278252271,29.3));
#3926=CARTESIAN_POINT('Ctrl Pts',(36.1628412243409,22.8234278252271,27.3));
#3927=CARTESIAN_POINT('Ctrl Pts',(36.4480605554313,21.915113955447,29.3));
#3928=CARTESIAN_POINT('Ctrl Pts',(36.4480605554313,21.915113955447,27.3));
#3929=CARTESIAN_POINT('Ctrl Pts',(36.6060281849583,20.9848601371214,29.3));
#3930=CARTESIAN_POINT('Ctrl Pts',(36.6060281849583,20.9848601371214,27.3));
#3931=CARTESIAN_POINT('',(36.6060281849583,20.9848601371214,29.295));
#3932=CARTESIAN_POINT('Ctrl Pts',(35.7723101402326,23.6352059214074,29.295));
#3933=CARTESIAN_POINT('Ctrl Pts',(36.1628412243409,22.8234278252271,29.295));
#3934=CARTESIAN_POINT('Ctrl Pts',(36.4480605554313,21.915113955447,29.295));
#3935=CARTESIAN_POINT('Ctrl Pts',(36.6060281849583,20.9848601371214,29.295));
#3936=CARTESIAN_POINT('',(36.6060281849583,20.9848601371214,27.3));
#3937=CARTESIAN_POINT('Ctrl Pts',(35.7723101402326,23.6352059214074,27.3));
#3938=CARTESIAN_POINT('Ctrl Pts',(36.1628412243409,22.8234278252271,27.3));
#3939=CARTESIAN_POINT('Ctrl Pts',(36.4480605554313,21.915113955447,27.3));
#3940=CARTESIAN_POINT('Ctrl Pts',(36.6060281849583,20.9848601371214,27.3));
#3941=CARTESIAN_POINT('',(36.6060281849583,20.9848601371214,29.3));
#3942=CARTESIAN_POINT('Ctrl Pts',(36.6060281849583,20.9848601371214,29.3));
#3943=CARTESIAN_POINT('Ctrl Pts',(36.6060281849583,20.9848601371214,27.3));
#3944=CARTESIAN_POINT('Ctrl Pts',(36.8298156601215,19.6684632243966,29.3));
#3945=CARTESIAN_POINT('Ctrl Pts',(36.8298156601215,19.6684632243966,27.3));
#3946=CARTESIAN_POINT('Ctrl Pts',(36.8166516909943,16.9128056870926,29.3));
#3947=CARTESIAN_POINT('Ctrl Pts',(36.8166516909943,16.9128056870926,27.3));
#3948=CARTESIAN_POINT('Ctrl Pts',(36.5840882364129,15.4998730007679,29.3));
#3949=CARTESIAN_POINT('Ctrl Pts',(36.5840882364129,15.4998730007679,27.3));
#3950=CARTESIAN_POINT('',(36.5840882364129,15.4998730007679,29.295));
#3951=CARTESIAN_POINT('Ctrl Pts',(36.6060281849583,20.9848601371214,29.295));
#3952=CARTESIAN_POINT('Ctrl Pts',(36.8298156601215,19.6684632243966,29.295));
#3953=CARTESIAN_POINT('Ctrl Pts',(36.8166516909943,16.9128056870926,29.295));
#3954=CARTESIAN_POINT('Ctrl Pts',(36.5840882364129,15.4998730007679,29.295));
#3955=CARTESIAN_POINT('',(36.5840882364129,15.4998730007679,27.3));
#3956=CARTESIAN_POINT('Ctrl Pts',(36.6060281849583,20.9848601371214,27.3));
#3957=CARTESIAN_POINT('Ctrl Pts',(36.8298156601215,19.6684632243966,27.3));
#3958=CARTESIAN_POINT('Ctrl Pts',(36.8166516909943,16.9128056870926,27.3));
#3959=CARTESIAN_POINT('Ctrl Pts',(36.5840882364129,15.4998730007679,27.3));
#3960=CARTESIAN_POINT('',(36.5840882364129,15.4998730007679,29.3));
#3961=CARTESIAN_POINT('Ctrl Pts',(36.5840882364129,15.4998730007679,29.3));
#3962=CARTESIAN_POINT('Ctrl Pts',(36.5840882364129,15.4998730007679,27.3));
#3963=CARTESIAN_POINT('Ctrl Pts',(36.4261206068859,14.5257392853515,29.3));
#3964=CARTESIAN_POINT('Ctrl Pts',(36.4261206068859,14.5257392853515,27.3));
#3965=CARTESIAN_POINT('Ctrl Pts',(36.1057973581229,13.6613053126622,29.3));
#3966=CARTESIAN_POINT('Ctrl Pts',(36.1057973581229,13.6613053126622,27.3));
#3967=CARTESIAN_POINT('Ctrl Pts',(35.68893833576,13.064538712227,29.3));
#3968=CARTESIAN_POINT('Ctrl Pts',(35.68893833576,13.064538712227,27.3));
#3969=CARTESIAN_POINT('',(35.68893833576,13.064538712227,29.295));
#3970=CARTESIAN_POINT('Ctrl Pts',(36.5840882364129,15.4998730007679,29.295));
#3971=CARTESIAN_POINT('Ctrl Pts',(36.4261206068859,14.5257392853515,29.295));
#3972=CARTESIAN_POINT('Ctrl Pts',(36.1057973581229,13.6613053126622,29.295));
#3973=CARTESIAN_POINT('Ctrl Pts',(35.68893833576,13.064538712227,29.295));
#3974=CARTESIAN_POINT('',(35.68893833576,13.064538712227,27.3));
#3975=CARTESIAN_POINT('Ctrl Pts',(36.5840882364129,15.4998730007679,27.3));
#3976=CARTESIAN_POINT('Ctrl Pts',(36.4261206068859,14.5257392853515,27.3));
#3977=CARTESIAN_POINT('Ctrl Pts',(36.1057973581229,13.6613053126622,27.3));
#3978=CARTESIAN_POINT('Ctrl Pts',(35.68893833576,13.064538712227,27.3));
#3979=CARTESIAN_POINT('',(35.68893833576,13.064538712227,29.3));
#3980=CARTESIAN_POINT('Ctrl Pts',(35.68893833576,13.064538712227,29.3));
#3981=CARTESIAN_POINT('Ctrl Pts',(35.68893833576,13.064538712227,27.3));
#3982=CARTESIAN_POINT('Ctrl Pts',(35.4388229223423,12.7047235560822,29.3));
#3983=CARTESIAN_POINT('Ctrl Pts',(35.4388229223423,12.7047235560822,27.3));
#3984=CARTESIAN_POINT('Ctrl Pts',(34.8552202910343,12.1255089144833,29.3));
#3985=CARTESIAN_POINT('Ctrl Pts',(34.8552202910343,12.1255089144833,27.3));
#3986=CARTESIAN_POINT('Ctrl Pts',(34.4822411657622,11.8622295319383,29.3));
#3987=CARTESIAN_POINT('Ctrl Pts',(34.4822411657622,11.8622295319383,27.3));
#3988=CARTESIAN_POINT('',(34.4822411657622,11.8622295319383,29.295));
#3989=CARTESIAN_POINT('Ctrl Pts',(35.68893833576,13.064538712227,29.295));
#3990=CARTESIAN_POINT('Ctrl Pts',(35.4388229223423,12.7047235560822,29.295));
#3991=CARTESIAN_POINT('Ctrl Pts',(34.8552202910343,12.1255089144833,29.295));
#3992=CARTESIAN_POINT('Ctrl Pts',(34.4822411657622,11.8622295319383,29.295));
#3993=CARTESIAN_POINT('',(34.4822411657622,11.8622295319383,27.3));
#3994=CARTESIAN_POINT('Ctrl Pts',(35.68893833576,13.064538712227,27.3));
#3995=CARTESIAN_POINT('Ctrl Pts',(35.4388229223423,12.7047235560822,27.3));
#3996=CARTESIAN_POINT('Ctrl Pts',(34.8552202910343,12.1255089144833,27.3));
#3997=CARTESIAN_POINT('Ctrl Pts',(34.4822411657622,11.8622295319383,27.3));
#3998=CARTESIAN_POINT('',(34.4822411657622,11.8622295319383,29.3));
#3999=CARTESIAN_POINT('Ctrl Pts',(34.4822411657622,11.8622295319383,29.3));
#4000=CARTESIAN_POINT('Ctrl Pts',(34.4822411657622,11.8622295319383,27.3));
#4001=CARTESIAN_POINT('Ctrl Pts',(34.1443659581629,11.6208900979387,29.3));
#4002=CARTESIAN_POINT('Ctrl Pts',(34.1443659581629,11.6208900979387,27.3));
#4003=CARTESIAN_POINT('Ctrl Pts',(33.4905554915095,11.2742389109212,29.3));
#4004=CARTESIAN_POINT('Ctrl Pts',(33.4905554915095,11.2742389109212,27.3));
#4005=CARTESIAN_POINT('Ctrl Pts',(33.2009481707101,11.1820911270305,29.3));
#4006=CARTESIAN_POINT('Ctrl Pts',(33.2009481707101,11.1820911270305,27.3));
#4007=CARTESIAN_POINT('',(33.2009481707101,11.1820911270305,29.295));
#4008=CARTESIAN_POINT('Ctrl Pts',(34.4822411657622,11.8622295319383,29.295));
#4009=CARTESIAN_POINT('Ctrl Pts',(34.1443659581629,11.6208900979387,29.295));
#4010=CARTESIAN_POINT('Ctrl Pts',(33.4905554915095,11.2742389109212,29.295));
#4011=CARTESIAN_POINT('Ctrl Pts',(33.2009481707101,11.1820911270305,29.295));
#4012=CARTESIAN_POINT('',(33.2009481707101,11.1820911270305,27.3));
#4013=CARTESIAN_POINT('Ctrl Pts',(34.4822411657622,11.8622295319383,27.3));
#4014=CARTESIAN_POINT('Ctrl Pts',(34.1443659581629,11.6208900979387,27.3));
#4015=CARTESIAN_POINT('Ctrl Pts',(33.4905554915095,11.2742389109212,27.3));
#4016=CARTESIAN_POINT('Ctrl Pts',(33.2009481707101,11.1820911270305,27.3));
#4017=CARTESIAN_POINT('',(33.2009481707101,11.1820911270305,29.3));
#4018=CARTESIAN_POINT('Origin',(33.2009481707101,11.1820911270305,29.3));
#4019=CARTESIAN_POINT('',(33.0429805411831,11.1294352505215,29.295));
#4020=CARTESIAN_POINT('',(16.5832078248359,5.64284434507249,29.295));
#4021=CARTESIAN_POINT('',(33.0429805411831,11.1294352505215,27.3));
#4022=CARTESIAN_POINT('',(33.2009481707101,11.1820911270305,27.3));
#4023=CARTESIAN_POINT('',(33.0429805411831,11.1294352505215,29.3));
#4024=CARTESIAN_POINT('Origin',(33.0429805411831,11.1294352505215,29.3));
#4025=CARTESIAN_POINT('',(33.0254285823467,9.58486287292432,29.295));
#4026=CARTESIAN_POINT('',(32.9776200968586,5.37771614996225,29.295));
#4027=CARTESIAN_POINT('',(33.0254285823467,9.58486287292432,27.3));
#4028=CARTESIAN_POINT('',(33.0429805411831,11.1294352505215,27.3));
#4029=CARTESIAN_POINT('',(33.0254285823467,9.58486287292432,29.3));
#4030=CARTESIAN_POINT('Ctrl Pts',(33.0254285823467,9.58486287292432,29.3));
#4031=CARTESIAN_POINT('Ctrl Pts',(33.0254285823467,9.58486287292432,27.3));
#4032=CARTESIAN_POINT('Ctrl Pts',(33.0078766235104,8.15437822776333,29.3));
#4033=CARTESIAN_POINT('Ctrl Pts',(33.0078766235104,8.15437822776333,27.3));
#4034=CARTESIAN_POINT('Ctrl Pts',(32.9991006440923,8.02273853649085,29.3));
#4035=CARTESIAN_POINT('Ctrl Pts',(32.9991006440923,8.02273853649085,27.3));
#4036=CARTESIAN_POINT('Ctrl Pts',(32.9157288396197,7.79456307161854,29.3));
#4037=CARTESIAN_POINT('Ctrl Pts',(32.9157288396197,7.79456307161854,27.3));
#4038=CARTESIAN_POINT('',(32.9157288396197,7.79456307161854,29.295));
#4039=CARTESIAN_POINT('Ctrl Pts',(33.0254285823467,9.58486287292432,29.295));
#4040=CARTESIAN_POINT('Ctrl Pts',(33.0078766235104,8.15437822776333,29.295));
#4041=CARTESIAN_POINT('Ctrl Pts',(32.9991006440923,8.02273853649085,29.295));
#4042=CARTESIAN_POINT('Ctrl Pts',(32.9157288396197,7.79456307161854,29.295));
#4043=CARTESIAN_POINT('',(32.9157288396197,7.79456307161854,27.3));
#4044=CARTESIAN_POINT('Ctrl Pts',(33.0254285823467,9.58486287292432,27.3));
#4045=CARTESIAN_POINT('Ctrl Pts',(33.0078766235104,8.15437822776333,27.3));
#4046=CARTESIAN_POINT('Ctrl Pts',(32.9991006440923,8.02273853649085,27.3));
#4047=CARTESIAN_POINT('Ctrl Pts',(32.9157288396197,7.79456307161854,27.3));
#4048=CARTESIAN_POINT('',(32.9157288396197,7.79456307161854,29.3));
#4049=CARTESIAN_POINT('Ctrl Pts',(32.9157288396197,7.79456307161854,29.3));
#4050=CARTESIAN_POINT('Ctrl Pts',(32.9157288396197,7.79456307161854,27.3));
#4051=CARTESIAN_POINT('Ctrl Pts',(32.7007173438746,7.21534843001961,29.3));
#4052=CARTESIAN_POINT('Ctrl Pts',(32.7007173438746,7.21534843001961,27.3));
#4053=CARTESIAN_POINT('Ctrl Pts',(32.24436641413,6.76338548998408,29.3));
#4054=CARTESIAN_POINT('Ctrl Pts',(32.24436641413,6.76338548998408,27.3));
#4055=CARTESIAN_POINT('Ctrl Pts',(31.7090316696219,6.59664188103894,29.3));
#4056=CARTESIAN_POINT('Ctrl Pts',(31.7090316696219,6.59664188103894,27.3));
#4057=CARTESIAN_POINT('',(31.7090316696219,6.59664188103894,29.295));
#4058=CARTESIAN_POINT('Ctrl Pts',(32.9157288396197,7.79456307161854,29.295));
#4059=CARTESIAN_POINT('Ctrl Pts',(32.7007173438746,7.21534843001961,29.295));
#4060=CARTESIAN_POINT('Ctrl Pts',(32.24436641413,6.76338548998408,29.295));
#4061=CARTESIAN_POINT('Ctrl Pts',(31.7090316696219,6.59664188103894,29.295));
#4062=CARTESIAN_POINT('',(31.7090316696219,6.59664188103894,27.3));
#4063=CARTESIAN_POINT('Ctrl Pts',(32.9157288396197,7.79456307161854,27.3));
#4064=CARTESIAN_POINT('Ctrl Pts',(32.7007173438746,7.21534843001961,27.3));
#4065=CARTESIAN_POINT('Ctrl Pts',(32.24436641413,6.76338548998408,27.3));
#4066=CARTESIAN_POINT('Ctrl Pts',(31.7090316696219,6.59664188103894,27.3));
#4067=CARTESIAN_POINT('',(31.7090316696219,6.59664188103894,29.3));
#4068=CARTESIAN_POINT('Ctrl Pts',(25.4649223135971,20.2389018865773,29.3));
#4069=CARTESIAN_POINT('Ctrl Pts',(25.4649223135971,20.2389018865773,27.3));
#4070=CARTESIAN_POINT('Ctrl Pts',(25.4649223135971,20.8400564767217,29.3));
#4071=CARTESIAN_POINT('Ctrl Pts',(25.4649223135971,20.8400564767217,27.3));
#4072=CARTESIAN_POINT('Ctrl Pts',(25.4517583444699,20.9234282811942,29.3));
#4073=CARTESIAN_POINT('Ctrl Pts',(25.4517583444699,20.9234282811942,27.3));
#4074=CARTESIAN_POINT('Ctrl Pts',(25.3464465914519,21.23058756083,29.3));
#4075=CARTESIAN_POINT('Ctrl Pts',(25.3464465914519,21.23058756083,27.3));
#4076=CARTESIAN_POINT('',(25.3464465914519,21.23058756083,29.295));
#4077=CARTESIAN_POINT('Ctrl Pts',(25.4649223135971,20.2389018865773,29.295));
#4078=CARTESIAN_POINT('Ctrl Pts',(25.4649223135971,20.8400564767217,29.295));
#4079=CARTESIAN_POINT('Ctrl Pts',(25.4517583444699,20.9234282811942,29.295));
#4080=CARTESIAN_POINT('Ctrl Pts',(25.3464465914519,21.23058756083,29.295));
#4081=CARTESIAN_POINT('',(25.3464465914519,21.23058756083,27.3));
#4082=CARTESIAN_POINT('Ctrl Pts',(25.4649223135971,20.2389018865773,27.3));
#4083=CARTESIAN_POINT('Ctrl Pts',(25.4649223135971,20.8400564767217,27.3));
#4084=CARTESIAN_POINT('Ctrl Pts',(25.4517583444699,20.9234282811942,27.3));
#4085=CARTESIAN_POINT('Ctrl Pts',(25.3464465914519,21.23058756083,27.3));
#4086=CARTESIAN_POINT('',(25.3464465914519,21.23058756083,29.3));
#4087=CARTESIAN_POINT('Ctrl Pts',(20.1993346626978,22.4372847308278,29.3));
#4088=CARTESIAN_POINT('Ctrl Pts',(20.1993346626978,22.4372847308278,27.3));
#4089=CARTESIAN_POINT('Ctrl Pts',(19.6552239387715,21.8843980274834,29.3));
#4090=CARTESIAN_POINT('Ctrl Pts',(19.6552239387715,21.8843980274834,27.3));
#4091=CARTESIAN_POINT('Ctrl Pts',(19.3963325459356,21.3622272521025,29.3));
#4092=CARTESIAN_POINT('Ctrl Pts',(19.3963325459356,21.3622272521025,27.3));
#4093=CARTESIAN_POINT('Ctrl Pts',(19.3041847620449,20.6250449809766,29.3));
#4094=CARTESIAN_POINT('Ctrl Pts',(19.3041847620449,20.6250449809766,27.3));
#4095=CARTESIAN_POINT('',(20.1993346626978,22.4372847308278,29.295));
#4096=CARTESIAN_POINT('Ctrl Pts',(20.1993346626978,22.4372847308278,29.295));
#4097=CARTESIAN_POINT('Ctrl Pts',(19.6552239387715,21.8843980274834,29.295));
#4098=CARTESIAN_POINT('Ctrl Pts',(19.3963325459356,21.3622272521025,29.295));
#4099=CARTESIAN_POINT('Ctrl Pts',(19.3041847620449,20.6250449809766,29.295));
#4100=CARTESIAN_POINT('',(20.1993346626978,22.4372847308278,27.3));
#4101=CARTESIAN_POINT('',(20.1993346626978,22.4372847308278,29.3));
#4102=CARTESIAN_POINT('Ctrl Pts',(20.1993346626978,22.4372847308278,27.3));
#4103=CARTESIAN_POINT('Ctrl Pts',(19.6552239387715,21.8843980274834,27.3));
#4104=CARTESIAN_POINT('Ctrl Pts',(19.3963325459356,21.3622272521025,27.3));
#4105=CARTESIAN_POINT('Ctrl Pts',(19.3041847620449,20.6250449809766,27.3));
#4106=CARTESIAN_POINT('Ctrl Pts',(21.800950906513,23.3104946829353,29.3));
#4107=CARTESIAN_POINT('Ctrl Pts',(21.800950906513,23.3104946829353,27.3));
#4108=CARTESIAN_POINT('Ctrl Pts',(21.1427524501506,23.1744670019537,29.3));
#4109=CARTESIAN_POINT('Ctrl Pts',(21.1427524501506,23.1744670019537,27.3));
#4110=CARTESIAN_POINT('Ctrl Pts',(20.6820135306969,22.924351588536,29.3));
#4111=CARTESIAN_POINT('Ctrl Pts',(20.6820135306969,22.924351588536,27.3));
#4112=CARTESIAN_POINT('Ctrl Pts',(20.1993346626978,22.4372847308278,29.3));
#4113=CARTESIAN_POINT('Ctrl Pts',(20.1993346626978,22.4372847308278,27.3));
#4114=CARTESIAN_POINT('',(21.800950906513,23.3104946829353,29.295));
#4115=CARTESIAN_POINT('Ctrl Pts',(21.800950906513,23.3104946829353,29.295));
#4116=CARTESIAN_POINT('Ctrl Pts',(21.1427524501506,23.1744670019537,29.295));
#4117=CARTESIAN_POINT('Ctrl Pts',(20.6820135306969,22.924351588536,29.295));
#4118=CARTESIAN_POINT('Ctrl Pts',(20.1993346626978,22.4372847308278,29.295));
#4119=CARTESIAN_POINT('',(21.800950906513,23.3104946829353,27.3));
#4120=CARTESIAN_POINT('',(21.800950906513,23.3104946829353,29.3));
#4121=CARTESIAN_POINT('Ctrl Pts',(21.800950906513,23.3104946829353,27.3));
#4122=CARTESIAN_POINT('Ctrl Pts',(21.1427524501506,23.1744670019537,27.3));
#4123=CARTESIAN_POINT('Ctrl Pts',(20.6820135306969,22.924351588536,27.3));
#4124=CARTESIAN_POINT('Ctrl Pts',(20.1993346626978,22.4372847308278,27.3));
#4125=CARTESIAN_POINT('Ctrl Pts',(25.3464465914519,21.23058756083,29.3));
#4126=CARTESIAN_POINT('Ctrl Pts',(25.3464465914519,21.23058756083,27.3));
#4127=CARTESIAN_POINT('Ctrl Pts',(24.8154998366529,22.7312800413364,29.3));
#4128=CARTESIAN_POINT('Ctrl Pts',(24.8154998366529,22.7312800413364,27.3));
#4129=CARTESIAN_POINT('Ctrl Pts',(23.3104193664375,23.6176539625711,29.3));
#4130=CARTESIAN_POINT('Ctrl Pts',(23.3104193664375,23.6176539625711,27.3));
#4131=CARTESIAN_POINT('Ctrl Pts',(21.800950906513,23.3104946829353,29.3));
#4132=CARTESIAN_POINT('Ctrl Pts',(21.800950906513,23.3104946829353,27.3));
#4133=CARTESIAN_POINT('Ctrl Pts',(25.3464465914519,21.23058756083,29.295));
#4134=CARTESIAN_POINT('Ctrl Pts',(24.8154998366529,22.7312800413364,29.295));
#4135=CARTESIAN_POINT('Ctrl Pts',(23.3104193664375,23.6176539625711,29.295));
#4136=CARTESIAN_POINT('Ctrl Pts',(21.800950906513,23.3104946829353,29.295));
#4137=CARTESIAN_POINT('Ctrl Pts',(25.3464465914519,21.23058756083,27.3));
#4138=CARTESIAN_POINT('Ctrl Pts',(24.8154998366529,22.7312800413364,27.3));
#4139=CARTESIAN_POINT('Ctrl Pts',(23.3104193664375,23.6176539625711,27.3));
#4140=CARTESIAN_POINT('Ctrl Pts',(21.800950906513,23.3104946829353,27.3));
#4141=CARTESIAN_POINT('Ctrl Pts',(27.8037208285382,14.7977946473147,29.3));
#4142=CARTESIAN_POINT('Ctrl Pts',(27.8037208285382,14.7977946473147,27.3));
#4143=CARTESIAN_POINT('Ctrl Pts',(27.5448294357023,15.0874019681141,29.3));
#4144=CARTESIAN_POINT('Ctrl Pts',(27.5448294357023,15.0874019681141,27.3));
#4145=CARTESIAN_POINT('Ctrl Pts',(27.2552221149029,15.2146536696775,29.3));
#4146=CARTESIAN_POINT('Ctrl Pts',(27.2552221149029,15.2146536696775,27.3));
#4147=CARTESIAN_POINT('Ctrl Pts',(26.8295871131219,15.236593618223,29.3));
#4148=CARTESIAN_POINT('Ctrl Pts',(26.8295871131219,15.236593618223,27.3));
#4149=CARTESIAN_POINT('',(26.8295871131219,15.236593618223,29.295));
#4150=CARTESIAN_POINT('Ctrl Pts',(27.8037208285382,14.7977946473147,29.295));
#4151=CARTESIAN_POINT('Ctrl Pts',(27.5448294357023,15.0874019681141,29.295));
#4152=CARTESIAN_POINT('Ctrl Pts',(27.2552221149029,15.2146536696775,29.295));
#4153=CARTESIAN_POINT('Ctrl Pts',(26.8295871131219,15.236593618223,29.295));
#4154=CARTESIAN_POINT('',(26.8295871131219,15.236593618223,27.3));
#4155=CARTESIAN_POINT('Ctrl Pts',(27.8037208285382,14.7977946473147,27.3));
#4156=CARTESIAN_POINT('Ctrl Pts',(27.5448294357023,15.0874019681141,27.3));
#4157=CARTESIAN_POINT('Ctrl Pts',(27.2552221149029,15.2146536696775,27.3));
#4158=CARTESIAN_POINT('Ctrl Pts',(26.8295871131219,15.236593618223,27.3));
#4159=CARTESIAN_POINT('',(26.8295871131219,15.236593618223,29.3));
#4160=CARTESIAN_POINT('Ctrl Pts',(24.9120356102527,13.7051852097531,29.3));
#4161=CARTESIAN_POINT('Ctrl Pts',(24.9120356102527,13.7051852097531,27.3));
#4162=CARTESIAN_POINT('Ctrl Pts',(24.9120356102527,13.437517837499,29.3));
#4163=CARTESIAN_POINT('Ctrl Pts',(24.9120356102527,13.437517837499,27.3));
#4164=CARTESIAN_POINT('Ctrl Pts',(24.9559155073435,13.3058781462265,29.3));
#4165=CARTESIAN_POINT('Ctrl Pts',(24.9559155073435,13.3058781462265,27.3));
#4166=CARTESIAN_POINT('Ctrl Pts',(25.1138831368705,13.1128065990269,29.3));
#4167=CARTESIAN_POINT('Ctrl Pts',(25.1138831368705,13.1128065990269,27.3));
#4168=CARTESIAN_POINT('',(24.9120356102527,13.7051852097531,29.295));
#4169=CARTESIAN_POINT('Ctrl Pts',(24.9120356102527,13.7051852097531,29.295));
#4170=CARTESIAN_POINT('Ctrl Pts',(24.9120356102527,13.437517837499,29.295));
#4171=CARTESIAN_POINT('Ctrl Pts',(24.9559155073435,13.3058781462265,29.295));
#4172=CARTESIAN_POINT('Ctrl Pts',(25.1138831368705,13.1128065990269,29.295));
#4173=CARTESIAN_POINT('',(24.9120356102527,13.7051852097531,27.3));
#4174=CARTESIAN_POINT('',(24.9120356102527,13.7051852097531,29.3));
#4175=CARTESIAN_POINT('Ctrl Pts',(24.9120356102527,13.7051852097531,27.3));
#4176=CARTESIAN_POINT('Ctrl Pts',(24.9120356102527,13.437517837499,27.3));
#4177=CARTESIAN_POINT('Ctrl Pts',(24.9559155073435,13.3058781462265,27.3));
#4178=CARTESIAN_POINT('Ctrl Pts',(25.1138831368705,13.1128065990269,27.3));
#4179=CARTESIAN_POINT('Ctrl Pts',(25.4956382415607,14.5652311927333,29.3));
#4180=CARTESIAN_POINT('Ctrl Pts',(25.4956382415607,14.5652311927333,27.3));
#4181=CARTESIAN_POINT('Ctrl Pts',(25.1621510236704,14.4511434602971,29.3));
#4182=CARTESIAN_POINT('Ctrl Pts',(25.1621510236704,14.4511434602971,27.3));
#4183=CARTESIAN_POINT('Ctrl Pts',(24.9120356102527,14.0781643350251,29.3));
#4184=CARTESIAN_POINT('Ctrl Pts',(24.9120356102527,14.0781643350251,27.3));
#4185=CARTESIAN_POINT('Ctrl Pts',(24.9120356102527,13.7051852097531,29.3));
#4186=CARTESIAN_POINT('Ctrl Pts',(24.9120356102527,13.7051852097531,27.3));
#4187=CARTESIAN_POINT('',(25.4956382415607,14.5652311927333,29.295));
#4188=CARTESIAN_POINT('Ctrl Pts',(25.4956382415607,14.5652311927333,29.295));
#4189=CARTESIAN_POINT('Ctrl Pts',(25.1621510236704,14.4511434602971,29.295));
#4190=CARTESIAN_POINT('Ctrl Pts',(24.9120356102527,14.0781643350251,29.295));
#4191=CARTESIAN_POINT('Ctrl Pts',(24.9120356102527,13.7051852097531,29.295));
#4192=CARTESIAN_POINT('',(25.4956382415607,14.5652311927333,27.3));
#4193=CARTESIAN_POINT('',(25.4956382415607,14.5652311927333,29.3));
#4194=CARTESIAN_POINT('Ctrl Pts',(25.4956382415607,14.5652311927333,27.3));
#4195=CARTESIAN_POINT('Ctrl Pts',(25.1621510236704,14.4511434602971,27.3));
#4196=CARTESIAN_POINT('Ctrl Pts',(24.9120356102527,14.0781643350251,27.3));
#4197=CARTESIAN_POINT('Ctrl Pts',(24.9120356102527,13.7051852097531,27.3));
#4198=CARTESIAN_POINT('Ctrl Pts',(25.618501953415,14.6486029972059,29.3));
#4199=CARTESIAN_POINT('Ctrl Pts',(25.618501953415,14.6486029972059,27.3));
#4200=CARTESIAN_POINT('Ctrl Pts',(25.618501953415,14.6266630486604,29.3));
#4201=CARTESIAN_POINT('Ctrl Pts',(25.618501953415,14.6266630486604,27.3));
#4202=CARTESIAN_POINT('Ctrl Pts',(25.565846076906,14.5915591309878,29.3));
#4203=CARTESIAN_POINT('Ctrl Pts',(25.565846076906,14.5915591309878,27.3));
#4204=CARTESIAN_POINT('Ctrl Pts',(25.4956382415607,14.5652311927333,29.3));
#4205=CARTESIAN_POINT('Ctrl Pts',(25.4956382415607,14.5652311927333,27.3));
#4206=CARTESIAN_POINT('',(25.618501953415,14.6486029972059,29.295));
#4207=CARTESIAN_POINT('Ctrl Pts',(25.618501953415,14.6486029972059,29.295));
#4208=CARTESIAN_POINT('Ctrl Pts',(25.618501953415,14.6266630486604,29.295));
#4209=CARTESIAN_POINT('Ctrl Pts',(25.565846076906,14.5915591309878,29.295));
#4210=CARTESIAN_POINT('Ctrl Pts',(25.4956382415607,14.5652311927333,29.295));
#4211=CARTESIAN_POINT('',(25.618501953415,14.6486029972059,27.3));
#4212=CARTESIAN_POINT('',(25.618501953415,14.6486029972059,29.3));
#4213=CARTESIAN_POINT('Ctrl Pts',(25.618501953415,14.6486029972059,27.3));
#4214=CARTESIAN_POINT('Ctrl Pts',(25.618501953415,14.6266630486604,27.3));
#4215=CARTESIAN_POINT('Ctrl Pts',(25.565846076906,14.5915591309878,27.3));
#4216=CARTESIAN_POINT('Ctrl Pts',(25.4956382415607,14.5652311927333,27.3));
#4217=CARTESIAN_POINT('Ctrl Pts',(25.7589176241057,14.8416745444055,29.3));
#4218=CARTESIAN_POINT('Ctrl Pts',(25.7589176241057,14.8416745444055,27.3));
#4219=CARTESIAN_POINT('Ctrl Pts',(25.6799338093422,14.7539147502238,29.3));
#4220=CARTESIAN_POINT('Ctrl Pts',(25.6799338093422,14.7539147502238,27.3));
#4221=CARTESIAN_POINT('Ctrl Pts',(25.618501953415,14.6661549560422,29.3));
#4222=CARTESIAN_POINT('Ctrl Pts',(25.618501953415,14.6661549560422,27.3));
#4223=CARTESIAN_POINT('Ctrl Pts',(25.618501953415,14.6486029972059,29.3));
#4224=CARTESIAN_POINT('Ctrl Pts',(25.618501953415,14.6486029972059,27.3));
#4225=CARTESIAN_POINT('',(25.7589176241057,14.8416745444055,29.295));
#4226=CARTESIAN_POINT('Ctrl Pts',(25.7589176241057,14.8416745444055,29.295));
#4227=CARTESIAN_POINT('Ctrl Pts',(25.6799338093422,14.7539147502238,29.295));
#4228=CARTESIAN_POINT('Ctrl Pts',(25.618501953415,14.6661549560422,29.295));
#4229=CARTESIAN_POINT('Ctrl Pts',(25.618501953415,14.6486029972059,29.295));
#4230=CARTESIAN_POINT('',(25.7589176241057,14.8416745444055,27.3));
#4231=CARTESIAN_POINT('',(25.7589176241057,14.8416745444055,29.3));
#4232=CARTESIAN_POINT('Ctrl Pts',(25.7589176241057,14.8416745444055,27.3));
#4233=CARTESIAN_POINT('Ctrl Pts',(25.6799338093422,14.7539147502238,27.3));
#4234=CARTESIAN_POINT('Ctrl Pts',(25.618501953415,14.6661549560422,27.3));
#4235=CARTESIAN_POINT('Ctrl Pts',(25.618501953415,14.6486029972059,27.3));
#4236=CARTESIAN_POINT('Ctrl Pts',(26.3864001525045,15.2190416593866,29.3));
#4237=CARTESIAN_POINT('Ctrl Pts',(26.3864001525045,15.2190416593866,27.3));
#4238=CARTESIAN_POINT('Ctrl Pts',(26.1538366979231,15.1576098034595,29.3));
#4239=CARTESIAN_POINT('Ctrl Pts',(26.1538366979231,15.1576098034595,27.3));
#4240=CARTESIAN_POINT('Ctrl Pts',(25.8993332947963,15.0040301636416,29.3));
#4241=CARTESIAN_POINT('Ctrl Pts',(25.8993332947963,15.0040301636416,27.3));
#4242=CARTESIAN_POINT('Ctrl Pts',(25.7589176241057,14.8416745444055,29.3));
#4243=CARTESIAN_POINT('Ctrl Pts',(25.7589176241057,14.8416745444055,27.3));
#4244=CARTESIAN_POINT('',(26.3864001525045,15.2190416593866,29.295));
#4245=CARTESIAN_POINT('Ctrl Pts',(26.3864001525045,15.2190416593866,29.295));
#4246=CARTESIAN_POINT('Ctrl Pts',(26.1538366979231,15.1576098034595,29.295));
#4247=CARTESIAN_POINT('Ctrl Pts',(25.8993332947963,15.0040301636416,29.295));
#4248=CARTESIAN_POINT('Ctrl Pts',(25.7589176241057,14.8416745444055,29.295));
#4249=CARTESIAN_POINT('',(26.3864001525045,15.2190416593866,27.3));
#4250=CARTESIAN_POINT('',(26.3864001525045,15.2190416593866,29.3));
#4251=CARTESIAN_POINT('Ctrl Pts',(26.3864001525045,15.2190416593866,27.3));
#4252=CARTESIAN_POINT('Ctrl Pts',(26.1538366979231,15.1576098034595,27.3));
#4253=CARTESIAN_POINT('Ctrl Pts',(25.8993332947963,15.0040301636416,27.3));
#4254=CARTESIAN_POINT('Ctrl Pts',(25.7589176241057,14.8416745444055,27.3));
#4255=CARTESIAN_POINT('Ctrl Pts',(26.8295871131219,15.236593618223,29.3));
#4256=CARTESIAN_POINT('Ctrl Pts',(26.8295871131219,15.236593618223,27.3));
#4257=CARTESIAN_POINT('Ctrl Pts',(26.6584555144676,15.2497575873502,29.3));
#4258=CARTESIAN_POINT('Ctrl Pts',(26.6584555144676,15.2497575873502,27.3));
#4259=CARTESIAN_POINT('Ctrl Pts',(26.4609959775589,15.240981607932,29.3));
#4260=CARTESIAN_POINT('Ctrl Pts',(26.4609959775589,15.240981607932,27.3));
#4261=CARTESIAN_POINT('Ctrl Pts',(26.3864001525045,15.2190416593866,29.3));
#4262=CARTESIAN_POINT('Ctrl Pts',(26.3864001525045,15.2190416593866,27.3));
#4263=CARTESIAN_POINT('Ctrl Pts',(26.8295871131219,15.236593618223,29.295));
#4264=CARTESIAN_POINT('Ctrl Pts',(26.6584555144676,15.2497575873502,29.295));
#4265=CARTESIAN_POINT('Ctrl Pts',(26.4609959775589,15.240981607932,29.295));
#4266=CARTESIAN_POINT('Ctrl Pts',(26.3864001525045,15.2190416593866,29.295));
#4267=CARTESIAN_POINT('Ctrl Pts',(26.8295871131219,15.236593618223,27.3));
#4268=CARTESIAN_POINT('Ctrl Pts',(26.6584555144676,15.2497575873502,27.3));
#4269=CARTESIAN_POINT('Ctrl Pts',(26.4609959775589,15.240981607932,27.3));
#4270=CARTESIAN_POINT('Ctrl Pts',(26.3864001525045,15.2190416593866,27.3));
#4271=CARTESIAN_POINT('Ctrl Pts',(33.2974839443099,22.4592246793732,29.3));
#4272=CARTESIAN_POINT('Ctrl Pts',(33.2974839443099,22.4592246793732,27.3));
#4273=CARTESIAN_POINT('Ctrl Pts',(32.7138813130019,23.0472153003903,29.3));
#4274=CARTESIAN_POINT('Ctrl Pts',(32.7138813130019,23.0472153003903,27.3));
#4275=CARTESIAN_POINT('Ctrl Pts',(32.086398784603,23.3192706623534,29.3));
#4276=CARTESIAN_POINT('Ctrl Pts',(32.086398784603,23.3192706623534,27.3));
#4277=CARTESIAN_POINT('Ctrl Pts',(31.235128781041,23.3543745800261,29.3));
#4278=CARTESIAN_POINT('Ctrl Pts',(31.235128781041,23.3543745800261,27.3));
#4279=CARTESIAN_POINT('',(31.235128781041,23.3543745800261,29.295));
#4280=CARTESIAN_POINT('Ctrl Pts',(33.2974839443099,22.4592246793732,29.295));
#4281=CARTESIAN_POINT('Ctrl Pts',(32.7138813130019,23.0472153003903,29.295));
#4282=CARTESIAN_POINT('Ctrl Pts',(32.086398784603,23.3192706623534,29.295));
#4283=CARTESIAN_POINT('Ctrl Pts',(31.235128781041,23.3543745800261,29.295));
#4284=CARTESIAN_POINT('',(31.235128781041,23.3543745800261,27.3));
#4285=CARTESIAN_POINT('Ctrl Pts',(33.2974839443099,22.4592246793732,27.3));
#4286=CARTESIAN_POINT('Ctrl Pts',(32.7138813130019,23.0472153003903,27.3));
#4287=CARTESIAN_POINT('Ctrl Pts',(32.086398784603,23.3192706623534,27.3));
#4288=CARTESIAN_POINT('Ctrl Pts',(31.235128781041,23.3543745800261,27.3));
#4289=CARTESIAN_POINT('',(31.235128781041,23.3543745800261,29.3));
#4290=CARTESIAN_POINT('Ctrl Pts',(28.0977161390468,20.9409802400306,29.3));
#4291=CARTESIAN_POINT('Ctrl Pts',(28.0977161390468,20.9409802400306,27.3));
#4292=CARTESIAN_POINT('Ctrl Pts',(27.9792404169015,20.4100334852316,29.3));
#4293=CARTESIAN_POINT('Ctrl Pts',(27.9792404169015,20.4100334852316,27.3));
#4294=CARTESIAN_POINT('Ctrl Pts',(28.0231203139924,19.690403172942,29.3));
#4295=CARTESIAN_POINT('Ctrl Pts',(28.0231203139924,19.690403172942,27.3));
#4296=CARTESIAN_POINT('Ctrl Pts',(28.1986399023557,19.212112294652,29.3));
#4297=CARTESIAN_POINT('Ctrl Pts',(28.1986399023557,19.212112294652,27.3));
#4298=CARTESIAN_POINT('',(28.0977161390468,20.9409802400306,29.295));
#4299=CARTESIAN_POINT('Ctrl Pts',(28.0977161390468,20.9409802400306,29.295));
#4300=CARTESIAN_POINT('Ctrl Pts',(28.0384574080288,20.6754133343575,29.295));
#4301=CARTESIAN_POINT('Ctrl Pts',(28.0198076215083,20.3632295265518,29.295));
#4302=CARTESIAN_POINT('Ctrl Pts',(28.0560311035605,19.7507233754879,29.295));
#4303=CARTESIAN_POINT('Ctrl Pts',(28.1108837042482,19.451247934495,29.295));
#4304=CARTESIAN_POINT('Ctrl Pts',(28.1986399023557,19.212112294652,29.295));
#4305=CARTESIAN_POINT('',(28.0977161390468,20.9409802400306,27.3));
#4306=CARTESIAN_POINT('',(28.0977161390468,20.9409802400306,29.3));
#4307=CARTESIAN_POINT('Ctrl Pts',(28.0977161390468,20.9409802400306,27.3));
#4308=CARTESIAN_POINT('Ctrl Pts',(27.9792404169015,20.4100334852316,27.3));
#4309=CARTESIAN_POINT('Ctrl Pts',(28.0231203139924,19.690403172942,27.3));
#4310=CARTESIAN_POINT('Ctrl Pts',(28.1986399023557,19.212112294652,27.3));
#4311=CARTESIAN_POINT('Ctrl Pts',(30.5330504275877,23.3148826726444,29.3));
#4312=CARTESIAN_POINT('Ctrl Pts',(30.5330504275877,23.3148826726444,27.3));
#4313=CARTESIAN_POINT('Ctrl Pts',(29.3219652678809,23.0559912798085,29.3));
#4314=CARTESIAN_POINT('Ctrl Pts',(29.3219652678809,23.0559912798085,27.3));
#4315=CARTESIAN_POINT('Ctrl Pts',(28.3566075318827,22.1169614820648,29.3));
#4316=CARTESIAN_POINT('Ctrl Pts',(28.3566075318827,22.1169614820648,27.3));
#4317=CARTESIAN_POINT('Ctrl Pts',(28.0977161390468,20.9409802400306,29.3));
#4318=CARTESIAN_POINT('Ctrl Pts',(28.0977161390468,20.9409802400306,27.3));
#4319=CARTESIAN_POINT('',(30.5330504275877,23.3148826726444,29.295));
#4320=CARTESIAN_POINT('Ctrl Pts',(30.5330504275877,23.3148826726444,29.295));
#4321=CARTESIAN_POINT('Ctrl Pts',(29.3219652678809,23.0559912798085,29.295));
#4322=CARTESIAN_POINT('Ctrl Pts',(28.3566075318827,22.1169614820648,29.295));
#4323=CARTESIAN_POINT('Ctrl Pts',(28.0977161390468,20.9409802400306,29.295));
#4324=CARTESIAN_POINT('',(30.5330504275877,23.3148826726444,27.3));
#4325=CARTESIAN_POINT('',(30.5330504275877,23.3148826726444,29.3));
#4326=CARTESIAN_POINT('Ctrl Pts',(30.5330504275877,23.3148826726444,27.3));
#4327=CARTESIAN_POINT('Ctrl Pts',(29.3219652678809,23.0559912798085,27.3));
#4328=CARTESIAN_POINT('Ctrl Pts',(28.3566075318827,22.1169614820648,27.3));
#4329=CARTESIAN_POINT('Ctrl Pts',(28.0977161390468,20.9409802400306,27.3));
#4330=CARTESIAN_POINT('Ctrl Pts',(31.235128781041,23.3543745800261,29.3));
#4331=CARTESIAN_POINT('Ctrl Pts',(31.235128781041,23.3543745800261,27.3));
#4332=CARTESIAN_POINT('Ctrl Pts',(30.9762373882051,23.3675385491534,29.3));
#4333=CARTESIAN_POINT('Ctrl Pts',(30.9762373882051,23.3675385491534,27.3));
#4334=CARTESIAN_POINT('Ctrl Pts',(30.708570015951,23.349986590317,29.3));
#4335=CARTESIAN_POINT('Ctrl Pts',(30.708570015951,23.349986590317,27.3));
#4336=CARTESIAN_POINT('Ctrl Pts',(30.5330504275877,23.3148826726444,29.3));
#4337=CARTESIAN_POINT('Ctrl Pts',(30.5330504275877,23.3148826726444,27.3));
#4338=CARTESIAN_POINT('Ctrl Pts',(31.235128781041,23.3543745800261,29.295));
#4339=CARTESIAN_POINT('Ctrl Pts',(30.9762373882051,23.3675385491534,29.295));
#4340=CARTESIAN_POINT('Ctrl Pts',(30.708570015951,23.349986590317,29.295));
#4341=CARTESIAN_POINT('Ctrl Pts',(30.5330504275877,23.3148826726444,29.295));
#4342=CARTESIAN_POINT('Ctrl Pts',(31.235128781041,23.3543745800261,27.3));
#4343=CARTESIAN_POINT('Ctrl Pts',(30.9762373882051,23.3675385491534,27.3));
#4344=CARTESIAN_POINT('Ctrl Pts',(30.708570015951,23.349986590317,27.3));
#4345=CARTESIAN_POINT('Ctrl Pts',(30.5330504275877,23.3148826726444,27.3));
#4346=CARTESIAN_POINT('Ctrl Pts',(31.7090316696219,6.59664188103894,29.3));
#4347=CARTESIAN_POINT('Ctrl Pts',(31.7090316696219,6.59664188103894,27.3));
#4348=CARTESIAN_POINT('Ctrl Pts',(31.6625241097046,6.58215591975323,29.3));
#4349=CARTESIAN_POINT('Ctrl Pts',(31.6625241097046,6.58215591975323,27.3));
#4350=CARTESIAN_POINT('Ctrl Pts',(31.5691934738837,6.55637835765552,29.3));
#4351=CARTESIAN_POINT('Ctrl Pts',(31.5691934738837,6.55637835765552,27.3));
#4352=CARTESIAN_POINT('Ctrl Pts',(31.4282519762799,6.52728750736786,29.3));
#4353=CARTESIAN_POINT('Ctrl Pts',(31.4282519762799,6.52728750736786,27.3));
#4354=CARTESIAN_POINT('Ctrl Pts',(31.2388318263301,6.50590226552942,29.3));
#4355=CARTESIAN_POINT('Ctrl Pts',(31.2388318263301,6.50590226552942,27.3));
#4356=CARTESIAN_POINT('Ctrl Pts',(31.0013291436553,6.50479990949878,29.3));
#4357=CARTESIAN_POINT('Ctrl Pts',(31.0013291436553,6.50479990949878,27.3));
#4358=CARTESIAN_POINT('Ctrl Pts',(30.8123444490663,6.52579442446344,29.3));
#4359=CARTESIAN_POINT('Ctrl Pts',(30.8123444490663,6.52579442446344,27.3));
#4360=CARTESIAN_POINT('Ctrl Pts',(30.6720201472598,6.55677082820905,29.3));
#4361=CARTESIAN_POINT('Ctrl Pts',(30.6720201472598,6.55677082820905,27.3));
#4362=CARTESIAN_POINT('Ctrl Pts',(30.5792445473426,6.58501094212335,29.3));
#4363=CARTESIAN_POINT('Ctrl Pts',(30.5792445473426,6.58501094212335,27.3));
#4364=CARTESIAN_POINT('Ctrl Pts',(30.5330504275877,6.60102987074802,29.3));
#4365=CARTESIAN_POINT('Ctrl Pts',(30.5330504275877,6.60102987074802,27.3));
#4366=CARTESIAN_POINT('',(30.5330504275877,6.60102987074802,29.295));
#4367=CARTESIAN_POINT('Ctrl Pts',(31.7090316696219,6.59664188103894,29.295));
#4368=CARTESIAN_POINT('Ctrl Pts',(31.6717018765631,6.58501456844684,29.295));
#4369=CARTESIAN_POINT('Ctrl Pts',(31.6342488318145,6.57462710171623,29.295));
#4370=CARTESIAN_POINT('Ctrl Pts',(31.596680689883,6.56544576785021,29.295));
#4371=CARTESIAN_POINT('Ctrl Pts',(31.539557644069,6.55148538205265,29.295));
#4372=CARTESIAN_POINT('Ctrl Pts',(31.4821670813756,6.54030824400545,29.295));
#4373=CARTESIAN_POINT('Ctrl Pts',(31.4245893426343,6.53166633102553,29.295));
#4374=CARTESIAN_POINT('Ctrl Pts',(31.382510227263,6.52535062531598,29.295));
#4375=CARTESIAN_POINT('Ctrl Pts',(31.3403324240816,6.52038605129969,29.295));
#4376=CARTESIAN_POINT('Ctrl Pts',(31.2980990089652,6.51669879441536,29.295));
#4377=CARTESIAN_POINT('Ctrl Pts',(31.2585481435567,6.51324574188914,29.295));
#4378=CARTESIAN_POINT('Ctrl Pts',(31.2189487651666,6.51091188469093,29.295));
#4379=CARTESIAN_POINT('Ctrl Pts',(31.1793403459471,6.50968003308054,29.295));
#4380=CARTESIAN_POINT('Ctrl Pts',(31.1396335204414,6.50844512096067,29.295));
#4381=CARTESIAN_POINT('Ctrl Pts',(31.0999177393465,6.50831769861195,29.295));
#4382=CARTESIAN_POINT('Ctrl Pts',(31.0602342689793,6.50933333761376,29.295));
#4383=CARTESIAN_POINT('Ctrl Pts',(31.0195283239767,6.51037514532279,29.295));
#4384=CARTESIAN_POINT('Ctrl Pts',(30.9788565249818,6.51261968296854,29.295));
#4385=CARTESIAN_POINT('Ctrl Pts',(30.9382629072217,6.51616132629707,29.295));
#4386=CARTESIAN_POINT('Ctrl Pts',(30.8866577738398,6.5206636837228,29.295));
#4387=CARTESIAN_POINT('Ctrl Pts',(30.8351799265145,6.527263948137,29.295));
#4388=CARTESIAN_POINT('Ctrl Pts',(30.7839107303705,6.53624295164872,29.295));
#4389=CARTESIAN_POINT('Ctrl Pts',(30.7417765352941,6.54362210158685,29.295));
#4390=CARTESIAN_POINT('Ctrl Pts',(30.6997834307018,6.55261256805039,29.295));
#4391=CARTESIAN_POINT('Ctrl Pts',(30.6579651090856,6.56336928011883,29.295));
#4392=CARTESIAN_POINT('Ctrl Pts',(30.6245435599142,6.57196613354155,29.295));
#4393=CARTESIAN_POINT('Ctrl Pts',(30.5912336029989,6.58169244319055,29.295));
#4394=CARTESIAN_POINT('Ctrl Pts',(30.5580436163985,6.59259257721243,29.295));
#4395=CARTESIAN_POINT('Ctrl Pts',(30.5497050213353,6.59533110810843,29.295));
#4396=CARTESIAN_POINT('Ctrl Pts',(30.5413739495535,6.59814348813085,29.295));
#4397=CARTESIAN_POINT('Ctrl Pts',(30.5330504275877,6.60102987074802,29.295));
#4398=CARTESIAN_POINT('',(30.5330504275877,6.60102987074802,27.3));
#4399=CARTESIAN_POINT('Ctrl Pts',(31.7090316696219,6.59664188103894,27.3));
#4400=CARTESIAN_POINT('Ctrl Pts',(31.6625241097046,6.58215591975323,27.3));
#4401=CARTESIAN_POINT('Ctrl Pts',(31.5691934738837,6.55637835765552,27.3));
#4402=CARTESIAN_POINT('Ctrl Pts',(31.4282519762799,6.52728750736786,27.3));
#4403=CARTESIAN_POINT('Ctrl Pts',(31.2388318263301,6.50590226552942,27.3));
#4404=CARTESIAN_POINT('Ctrl Pts',(31.0013291436553,6.50479990949878,27.3));
#4405=CARTESIAN_POINT('Ctrl Pts',(30.8123444490663,6.52579442446344,27.3));
#4406=CARTESIAN_POINT('Ctrl Pts',(30.6720201472598,6.55677082820905,27.3));
#4407=CARTESIAN_POINT('Ctrl Pts',(30.5792445473426,6.58501094212335,27.3));
#4408=CARTESIAN_POINT('Ctrl Pts',(30.5330504275877,6.60102987074802,27.3));
#4409=CARTESIAN_POINT('',(30.5330504275877,6.60102987074802,29.3));
#4410=CARTESIAN_POINT('Ctrl Pts',(21.8097268859311,6.59664188103894,29.3));
#4411=CARTESIAN_POINT('Ctrl Pts',(21.8097268859311,6.59664188103894,27.3));
#4412=CARTESIAN_POINT('Ctrl Pts',(21.274392141423,6.76338548998408,29.3));
#4413=CARTESIAN_POINT('Ctrl Pts',(21.274392141423,6.76338548998408,27.3));
#4414=CARTESIAN_POINT('Ctrl Pts',(20.8180412116784,7.21534843001961,29.3));
#4415=CARTESIAN_POINT('Ctrl Pts',(20.8180412116784,7.21534843001961,27.3));
#4416=CARTESIAN_POINT('Ctrl Pts',(20.6030297159334,7.79456307161854,29.3));
#4417=CARTESIAN_POINT('Ctrl Pts',(20.6030297159334,7.79456307161854,27.3));
#4418=CARTESIAN_POINT('',(21.8097268859311,6.59664188103894,29.295));
#4419=CARTESIAN_POINT('Ctrl Pts',(21.8097268859311,6.59664188103894,29.295));
#4420=CARTESIAN_POINT('Ctrl Pts',(21.274392141423,6.76338548998408,29.295));
#4421=CARTESIAN_POINT('Ctrl Pts',(20.8180412116784,7.21534843001961,29.295));
#4422=CARTESIAN_POINT('Ctrl Pts',(20.6030297159334,7.79456307161854,29.295));
#4423=CARTESIAN_POINT('',(21.8097268859311,6.59664188103894,27.3));
#4424=CARTESIAN_POINT('',(21.8097268859311,6.59664188103894,29.3));
#4425=CARTESIAN_POINT('Ctrl Pts',(21.8097268859311,6.59664188103894,27.3));
#4426=CARTESIAN_POINT('Ctrl Pts',(21.274392141423,6.76338548998408,27.3));
#4427=CARTESIAN_POINT('Ctrl Pts',(20.8180412116784,7.21534843001961,27.3));
#4428=CARTESIAN_POINT('Ctrl Pts',(20.6030297159334,7.79456307161854,27.3));
#4429=CARTESIAN_POINT('Ctrl Pts',(22.9857081279653,6.60102987074802,29.3));
#4430=CARTESIAN_POINT('Ctrl Pts',(22.9857081279653,6.60102987074802,27.3));
#4431=CARTESIAN_POINT('Ctrl Pts',(22.9395942877362,6.58503878099116,29.3));
#4432=CARTESIAN_POINT('Ctrl Pts',(22.9395942877362,6.58503878099116,27.3));
#4433=CARTESIAN_POINT('Ctrl Pts',(22.8469381869797,6.55684758909544,29.3));
#4434=CARTESIAN_POINT('Ctrl Pts',(22.8469381869797,6.55684758909544,27.3));
#4435=CARTESIAN_POINT('Ctrl Pts',(22.7066700818298,6.52592431815552,29.3));
#4436=CARTESIAN_POINT('Ctrl Pts',(22.7066700818298,6.52592431815552,27.3));
#4437=CARTESIAN_POINT('Ctrl Pts',(22.5175626822555,6.50496460565228,29.3));
#4438=CARTESIAN_POINT('Ctrl Pts',(22.5175626822555,6.50496460565228,27.3));
#4439=CARTESIAN_POINT('Ctrl Pts',(22.2797901201911,6.50606249880491,29.3));
#4440=CARTESIAN_POINT('Ctrl Pts',(22.2797901201911,6.50606249880491,27.3));
#4441=CARTESIAN_POINT('Ctrl Pts',(22.0902480220215,6.52740889245841,29.3));
#4442=CARTESIAN_POINT('Ctrl Pts',(22.0902480220215,6.52740889245841,27.3));
#4443=CARTESIAN_POINT('Ctrl Pts',(21.9493637936816,6.55644848627684,29.3));
#4444=CARTESIAN_POINT('Ctrl Pts',(21.9493637936816,6.55644848627684,27.3));
#4445=CARTESIAN_POINT('Ctrl Pts',(21.8561536216034,6.58218109451809,29.3));
#4446=CARTESIAN_POINT('Ctrl Pts',(21.8561536216034,6.58218109451809,27.3));
#4447=CARTESIAN_POINT('Ctrl Pts',(21.8097268859311,6.59664188103894,29.3));
#4448=CARTESIAN_POINT('Ctrl Pts',(21.8097268859311,6.59664188103894,27.3));
#4449=CARTESIAN_POINT('',(22.9857081279653,6.60102987074802,29.295));
#4450=CARTESIAN_POINT('Ctrl Pts',(22.9857081279653,6.60102987074802,29.295));
#4451=CARTESIAN_POINT('Ctrl Pts',(22.9521809132315,6.58940349789677,29.295));
#4452=CARTESIAN_POINT('Ctrl Pts',(22.9185167472607,6.57898453935256,29.295));
#4453=CARTESIAN_POINT('Ctrl Pts',(22.884722442567,6.56973984109111,29.295));
#4454=CARTESIAN_POINT('Ctrl Pts',(22.8457127977521,6.55906844545599,29.295));
#4455=CARTESIAN_POINT('Ctrl Pts',(22.8065298139158,6.54995978238758,29.295));
#4456=CARTESIAN_POINT('Ctrl Pts',(22.7672009796256,6.54229555228244,29.295));
#4457=CARTESIAN_POINT('Ctrl Pts',(22.7181971413361,6.53274589998626,29.295));
#4458=CARTESIAN_POINT('Ctrl Pts',(22.6689670469071,6.52543268174313,29.295));
#4459=CARTESIAN_POINT('Ctrl Pts',(22.6195863791527,6.52010120453058,29.295));
#4460=CARTESIAN_POINT('Ctrl Pts',(22.5789052738243,6.5157089920332,29.295));
#4461=CARTESIAN_POINT('Ctrl Pts',(22.5381226058821,6.5126600403094,29.295));
#4462=CARTESIAN_POINT('Ctrl Pts',(22.4972870948683,6.51084338645601,29.295));
#4463=CARTESIAN_POINT('Ctrl Pts',(22.4576045071554,6.50907802282784,29.295));
#4464=CARTESIAN_POINT('Ctrl Pts',(22.4178722108948,6.50847592173544,29.295));
#4465=CARTESIAN_POINT('Ctrl Pts',(22.3781363285396,6.50898470067338,29.295));
#4466=CARTESIAN_POINT('Ctrl Pts',(22.3385399951305,6.50949169282417,29.295));
#4467=CARTESIAN_POINT('Ctrl Pts',(22.2989402407802,6.51110170044958,29.295));
#4468=CARTESIAN_POINT('Ctrl Pts',(22.2593818125046,6.51381481721918,29.295));
#4469=CARTESIAN_POINT('Ctrl Pts',(22.2164207500206,6.51676130382509,29.295));
#4470=CARTESIAN_POINT('Ctrl Pts',(22.1735087523942,6.52100934579146,29.295));
#4471=CARTESIAN_POINT('Ctrl Pts',(22.1306986348,6.52662208918745,29.295));
#4472=CARTESIAN_POINT('Ctrl Pts',(22.0767727403969,6.53369219842081,29.295));
#4473=CARTESIAN_POINT('Ctrl Pts',(22.0230100659002,6.54293038940006,29.295));
#4474=CARTESIAN_POINT('Ctrl Pts',(21.9694938906726,6.55453822733336,29.295));
#4475=CARTESIAN_POINT('Ctrl Pts',(21.9314607719202,6.56278773837741,29.295));
#4476=CARTESIAN_POINT('Ctrl Pts',(21.8935518767818,6.57223771008898,29.295));
#4477=CARTESIAN_POINT('Ctrl Pts',(21.855783352963,6.58294331219808,29.295));
#4478=CARTESIAN_POINT('Ctrl Pts',(21.8404080115118,6.58730149915445,29.295));
#4479=CARTESIAN_POINT('Ctrl Pts',(21.8250557607952,6.59186731345832,29.295));
#4480=CARTESIAN_POINT('Ctrl Pts',(21.8097268859311,6.59664188103894,29.295));
#4481=CARTESIAN_POINT('',(22.9857081279653,6.60102987074802,27.3));
#4482=CARTESIAN_POINT('',(22.9857081279653,6.60102987074802,29.3));
#4483=CARTESIAN_POINT('Ctrl Pts',(22.9857081279653,6.60102987074802,27.3));
#4484=CARTESIAN_POINT('Ctrl Pts',(22.9395942877362,6.58503878099116,27.3));
#4485=CARTESIAN_POINT('Ctrl Pts',(22.8469381869797,6.55684758909544,27.3));
#4486=CARTESIAN_POINT('Ctrl Pts',(22.7066700818298,6.52592431815552,27.3));
#4487=CARTESIAN_POINT('Ctrl Pts',(22.5175626822555,6.50496460565228,27.3));
#4488=CARTESIAN_POINT('Ctrl Pts',(22.2797901201911,6.50606249880491,27.3));
#4489=CARTESIAN_POINT('Ctrl Pts',(22.0902480220215,6.52740889245841,27.3));
#4490=CARTESIAN_POINT('Ctrl Pts',(21.9493637936816,6.55644848627684,27.3));
#4491=CARTESIAN_POINT('Ctrl Pts',(21.8561536216034,6.58218109451809,27.3));
#4492=CARTESIAN_POINT('Ctrl Pts',(21.8097268859311,6.59664188103894,27.3));
#4493=CARTESIAN_POINT('Ctrl Pts',(24.1836293185449,7.81650302016395,29.3));
#4494=CARTESIAN_POINT('Ctrl Pts',(24.1836293185449,7.81650302016395,27.3));
#4495=CARTESIAN_POINT('Ctrl Pts',(23.9993337507635,7.2680043065286,29.3));
#4496=CARTESIAN_POINT('Ctrl Pts',(23.9993337507635,7.2680043065286,27.3));
#4497=CARTESIAN_POINT('Ctrl Pts',(23.5298188518916,6.78971342823858,29.3));
#4498=CARTESIAN_POINT('Ctrl Pts',(23.5298188518916,6.78971342823858,27.3));
#4499=CARTESIAN_POINT('Ctrl Pts',(22.9857081279653,6.60102987074802,29.3));
#4500=CARTESIAN_POINT('Ctrl Pts',(22.9857081279653,6.60102987074802,27.3));
#4501=CARTESIAN_POINT('',(24.1836293185449,7.81650302016395,29.295));
#4502=CARTESIAN_POINT('Ctrl Pts',(24.1836293185449,7.81650302016395,29.295));
#4503=CARTESIAN_POINT('Ctrl Pts',(23.9993337507635,7.2680043065286,29.295));
#4504=CARTESIAN_POINT('Ctrl Pts',(23.5298188518916,6.78971342823858,29.295));
#4505=CARTESIAN_POINT('Ctrl Pts',(22.9857081279653,6.60102987074802,29.295));
#4506=CARTESIAN_POINT('',(24.1836293185449,7.81650302016395,27.3));
#4507=CARTESIAN_POINT('',(24.1836293185449,7.81650302016395,29.3));
#4508=CARTESIAN_POINT('Ctrl Pts',(24.1836293185449,7.81650302016395,27.3));
#4509=CARTESIAN_POINT('Ctrl Pts',(23.9993337507635,7.2680043065286,27.3));
#4510=CARTESIAN_POINT('Ctrl Pts',(23.5298188518916,6.78971342823858,27.3));
#4511=CARTESIAN_POINT('Ctrl Pts',(22.9857081279653,6.60102987074802,27.3));
#4512=CARTESIAN_POINT('Ctrl Pts',(24.2582251435993,9.18994379910687,29.3));
#4513=CARTESIAN_POINT('Ctrl Pts',(24.2582251435993,9.18994379910687,27.3));
#4514=CARTESIAN_POINT('Ctrl Pts',(24.2582251435993,8.22897405281774,29.3));
#4515=CARTESIAN_POINT('Ctrl Pts',(24.2582251435993,8.22897405281774,27.3));
#4516=CARTESIAN_POINT('Ctrl Pts',(24.2450611744721,7.99641059823635,29.3));
#4517=CARTESIAN_POINT('Ctrl Pts',(24.2450611744721,7.99641059823635,27.3));
#4518=CARTESIAN_POINT('Ctrl Pts',(24.1836293185449,7.81650302016395,29.3));
#4519=CARTESIAN_POINT('Ctrl Pts',(24.1836293185449,7.81650302016395,27.3));
#4520=CARTESIAN_POINT('',(24.2582251435993,9.18994379910687,29.295));
#4521=CARTESIAN_POINT('Ctrl Pts',(24.2582251435993,9.18994379910687,29.295));
#4522=CARTESIAN_POINT('Ctrl Pts',(24.2582251435993,8.22897405281774,29.295));
#4523=CARTESIAN_POINT('Ctrl Pts',(24.2450611744721,7.99641059823635,29.295));
#4524=CARTESIAN_POINT('Ctrl Pts',(24.1836293185449,7.81650302016395,29.295));
#4525=CARTESIAN_POINT('',(24.2582251435993,9.18994379910687,27.3));
#4526=CARTESIAN_POINT('',(24.2582251435993,9.18994379910687,29.3));
#4527=CARTESIAN_POINT('Ctrl Pts',(24.2582251435993,9.18994379910687,27.3));
#4528=CARTESIAN_POINT('Ctrl Pts',(24.2582251435993,8.22897405281774,27.3));
#4529=CARTESIAN_POINT('Ctrl Pts',(24.2450611744721,7.99641059823635,27.3));
#4530=CARTESIAN_POINT('Ctrl Pts',(24.1836293185449,7.81650302016395,27.3));
#4531=CARTESIAN_POINT('Origin',(24.2582251435993,10.3439850925956,29.3));
#4532=CARTESIAN_POINT('',(24.2582251435993,10.3439850925956,29.295));
#4533=CARTESIAN_POINT('',(24.2582251435993,5.17199254629782,29.295));
#4534=CARTESIAN_POINT('',(24.2582251435993,10.3439850925956,27.3));
#4535=CARTESIAN_POINT('',(24.2582251435993,10.3439850925956,29.3));
#4536=CARTESIAN_POINT('',(24.2582251435993,10.3439850925956,27.3));
#4537=CARTESIAN_POINT('Origin',(24.3635368966173,10.3439850925956,29.3));
#4538=CARTESIAN_POINT('',(24.3635368966173,10.3439850925956,29.295));
#4539=CARTESIAN_POINT('',(12.1817684483087,10.3439850925956,29.295));
#4540=CARTESIAN_POINT('',(24.3635368966173,10.3439850925956,27.3));
#4541=CARTESIAN_POINT('',(24.3635368966173,10.3439850925956,29.3));
#4542=CARTESIAN_POINT('',(24.3635368966173,10.3439850925956,27.3));
#4543=CARTESIAN_POINT('Ctrl Pts',(24.6706961762531,10.3176571543411,29.3));
#4544=CARTESIAN_POINT('Ctrl Pts',(24.6706961762531,10.3176571543411,27.3));
#4545=CARTESIAN_POINT('Ctrl Pts',(24.556608443817,10.3308211234684,29.3));
#4546=CARTESIAN_POINT('Ctrl Pts',(24.556608443817,10.3308211234684,27.3));
#4547=CARTESIAN_POINT('Ctrl Pts',(24.4205807628354,10.3439850925956,29.3));
#4548=CARTESIAN_POINT('Ctrl Pts',(24.4205807628354,10.3439850925956,27.3));
#4549=CARTESIAN_POINT('Ctrl Pts',(24.3635368966173,10.3439850925956,29.3));
#4550=CARTESIAN_POINT('Ctrl Pts',(24.3635368966173,10.3439850925956,27.3));
#4551=CARTESIAN_POINT('',(24.6706961762531,10.3176571543411,29.295));
#4552=CARTESIAN_POINT('Ctrl Pts',(24.6706961762531,10.3176571543411,29.295));
#4553=CARTESIAN_POINT('Ctrl Pts',(24.556608443817,10.3308211234684,29.295));
#4554=CARTESIAN_POINT('Ctrl Pts',(24.4205807628354,10.3439850925956,29.295));
#4555=CARTESIAN_POINT('Ctrl Pts',(24.3635368966173,10.3439850925956,29.295));
#4556=CARTESIAN_POINT('',(24.6706961762531,10.3176571543411,27.3));
#4557=CARTESIAN_POINT('',(24.6706961762531,10.3176571543411,29.3));
#4558=CARTESIAN_POINT('Ctrl Pts',(24.6706961762531,10.3176571543411,27.3));
#4559=CARTESIAN_POINT('Ctrl Pts',(24.556608443817,10.3308211234684,27.3));
#4560=CARTESIAN_POINT('Ctrl Pts',(24.4205807628354,10.3439850925956,27.3));
#4561=CARTESIAN_POINT('Ctrl Pts',(24.3635368966173,10.3439850925956,27.3));
#4562=CARTESIAN_POINT('Origin',(24.8725437028709,10.2869412263776,29.3));
#4563=CARTESIAN_POINT('',(24.8725437028709,10.2869412263776,29.295));
#4564=CARTESIAN_POINT('',(13.4827267512818,12.02017424075,29.295));
#4565=CARTESIAN_POINT('',(24.8725437028709,10.2869412263776,27.3));
#4566=CARTESIAN_POINT('',(24.8725437028709,10.2869412263776,29.3));
#4567=CARTESIAN_POINT('',(24.8725437028709,10.2869412263776,27.3));
#4568=CARTESIAN_POINT('Origin',(24.8725437028709,9.23821168590678,29.3));
#4569=CARTESIAN_POINT('',(24.8725437028709,9.23821168590678,29.295));
#4570=CARTESIAN_POINT('',(24.8725437028709,4.61910584295339,29.295));
#4571=CARTESIAN_POINT('',(24.8725437028709,9.23821168590678,27.3));
#4572=CARTESIAN_POINT('',(24.8725437028709,9.23821168590678,29.3));
#4573=CARTESIAN_POINT('',(24.8725437028709,9.23821168590678,27.3));
#4574=CARTESIAN_POINT('Ctrl Pts',(25.1182711265796,7.46107585372825,29.3));
#4575=CARTESIAN_POINT('Ctrl Pts',(25.1182711265796,7.46107585372825,27.3));
#4576=CARTESIAN_POINT('Ctrl Pts',(24.9120356102527,7.81650302016395,29.3));
#4577=CARTESIAN_POINT('Ctrl Pts',(24.9120356102527,7.81650302016395,27.3));
#4578=CARTESIAN_POINT('Ctrl Pts',(24.8725437028709,8.09733436154525,29.3));
#4579=CARTESIAN_POINT('Ctrl Pts',(24.8725437028709,8.09733436154525,27.3));
#4580=CARTESIAN_POINT('Ctrl Pts',(24.8725437028709,9.23821168590678,29.3));
#4581=CARTESIAN_POINT('Ctrl Pts',(24.8725437028709,9.23821168590678,27.3));
#4582=CARTESIAN_POINT('',(25.1182711265796,7.46107585372825,29.295));
#4583=CARTESIAN_POINT('Ctrl Pts',(25.1182711265796,7.46107585372825,29.295));
#4584=CARTESIAN_POINT('Ctrl Pts',(24.9120356102527,7.81650302016395,29.295));
#4585=CARTESIAN_POINT('Ctrl Pts',(24.8725437028709,8.09733436154525,29.295));
#4586=CARTESIAN_POINT('Ctrl Pts',(24.8725437028709,9.23821168590678,29.295));
#4587=CARTESIAN_POINT('',(25.1182711265796,7.46107585372825,27.3));
#4588=CARTESIAN_POINT('',(25.1182711265796,7.46107585372825,29.3));
#4589=CARTESIAN_POINT('Ctrl Pts',(25.1182711265796,7.46107585372825,27.3));
#4590=CARTESIAN_POINT('Ctrl Pts',(24.9120356102527,7.81650302016395,27.3));
#4591=CARTESIAN_POINT('Ctrl Pts',(24.8725437028709,8.09733436154525,27.3));
#4592=CARTESIAN_POINT('Ctrl Pts',(24.8725437028709,9.23821168590678,27.3));
#4593=CARTESIAN_POINT('Ctrl Pts',(26.202104584723,6.59225389132986,29.3));
#4594=CARTESIAN_POINT('Ctrl Pts',(26.202104584723,6.59225389132986,27.3));
#4595=CARTESIAN_POINT('Ctrl Pts',(25.7940215417783,6.71950559289326,29.3));
#4596=CARTESIAN_POINT('Ctrl Pts',(25.7940215417783,6.71950559289326,27.3));
#4597=CARTESIAN_POINT('Ctrl Pts',(25.3376706120337,7.08370873874713,29.3));
#4598=CARTESIAN_POINT('Ctrl Pts',(25.3376706120337,7.08370873874713,27.3));
#4599=CARTESIAN_POINT('Ctrl Pts',(25.1182711265796,7.46107585372825,29.3));
#4600=CARTESIAN_POINT('Ctrl Pts',(25.1182711265796,7.46107585372825,27.3));
#4601=CARTESIAN_POINT('',(26.202104584723,6.59225389132986,29.295));
#4602=CARTESIAN_POINT('Ctrl Pts',(26.202104584723,6.59225389132986,29.295));
#4603=CARTESIAN_POINT('Ctrl Pts',(25.7940215417783,6.71950559289326,29.295));
#4604=CARTESIAN_POINT('Ctrl Pts',(25.3376706120337,7.08370873874713,29.295));
#4605=CARTESIAN_POINT('Ctrl Pts',(25.1182711265796,7.46107585372825,29.295));
#4606=CARTESIAN_POINT('',(26.202104584723,6.59225389132986,27.3));
#4607=CARTESIAN_POINT('',(26.202104584723,6.59225389132986,29.3));
#4608=CARTESIAN_POINT('Ctrl Pts',(26.202104584723,6.59225389132986,27.3));
#4609=CARTESIAN_POINT('Ctrl Pts',(25.7940215417783,6.71950559289326,27.3));
#4610=CARTESIAN_POINT('Ctrl Pts',(25.3376706120337,7.08370873874713,27.3));
#4611=CARTESIAN_POINT('Ctrl Pts',(25.1182711265796,7.46107585372825,27.3));
#4612=CARTESIAN_POINT('Ctrl Pts',(27.31665397083,6.59225389132986,29.3));
#4613=CARTESIAN_POINT('Ctrl Pts',(27.31665397083,6.59225389132986,27.3));
#4614=CARTESIAN_POINT('Ctrl Pts',(27.2726893652741,6.57854449819951,29.3));
#4615=CARTESIAN_POINT('Ctrl Pts',(27.2726893652741,6.57854449819951,27.3));
#4616=CARTESIAN_POINT('Ctrl Pts',(27.1844449823763,6.55426807698928,29.3));
#4617=CARTESIAN_POINT('Ctrl Pts',(27.1844449823763,6.55426807698928,27.3));
#4618=CARTESIAN_POINT('Ctrl Pts',(27.0511338717052,6.52727287713045,29.3));
#4619=CARTESIAN_POINT('Ctrl Pts',(27.0511338717052,6.52727287713045,27.3));
#4620=CARTESIAN_POINT('Ctrl Pts',(26.871868428112,6.50822672589086,29.3));
#4621=CARTESIAN_POINT('Ctrl Pts',(26.871868428112,6.50822672589086,27.3));
#4622=CARTESIAN_POINT('Ctrl Pts',(26.6468901274417,6.50822672589088,29.3));
#4623=CARTESIAN_POINT('Ctrl Pts',(26.6468901274417,6.50822672589088,27.3));
#4624=CARTESIAN_POINT('Ctrl Pts',(26.4676246838482,6.52727287713052,29.3));
#4625=CARTESIAN_POINT('Ctrl Pts',(26.4676246838482,6.52727287713052,27.3));
#4626=CARTESIAN_POINT('Ctrl Pts',(26.3343135731767,6.55426807698929,29.3));
#4627=CARTESIAN_POINT('Ctrl Pts',(26.3343135731767,6.55426807698929,27.3));
#4628=CARTESIAN_POINT('Ctrl Pts',(26.2460691902789,6.57854449819951,29.3));
#4629=CARTESIAN_POINT('Ctrl Pts',(26.2460691902789,6.57854449819951,27.3));
#4630=CARTESIAN_POINT('Ctrl Pts',(26.202104584723,6.59225389132986,29.3));
#4631=CARTESIAN_POINT('Ctrl Pts',(26.202104584723,6.59225389132986,27.3));
#4632=CARTESIAN_POINT('',(27.31665397083,6.59225389132986,29.295));
#4633=CARTESIAN_POINT('Ctrl Pts',(27.31665397083,6.59225389132986,29.295));
#4634=CARTESIAN_POINT('Ctrl Pts',(27.2823061161013,6.58154326996284,29.295));
#4635=CARTESIAN_POINT('Ctrl Pts',(27.2478417480814,6.57198848369112,29.295));
#4636=CARTESIAN_POINT('Ctrl Pts',(27.2132677923612,6.56355621126193,29.295));
#4637=CARTESIAN_POINT('Ctrl Pts',(27.1656008765599,6.55193068529815,29.295));
#4638=CARTESIAN_POINT('Ctrl Pts',(27.1177251389713,6.54243605552587,29.295));
#4639=CARTESIAN_POINT('Ctrl Pts',(27.0696899850237,6.53487723902458,29.295));
#4640=CARTESIAN_POINT('Ctrl Pts',(27.026737832941,6.52811828419156,29.295));
#4641=CARTESIAN_POINT('Ctrl Pts',(26.9836591043161,6.52290228781511,29.295));
#4642=CARTESIAN_POINT('Ctrl Pts',(26.9405025621144,6.51909760506716,29.295));
#4643=CARTESIAN_POINT('Ctrl Pts',(26.9017126782507,6.51567788711938,29.295));
#4644=CARTESIAN_POINT('Ctrl Pts',(26.8628602777559,6.51339706870539,29.295));
#4645=CARTESIAN_POINT('Ctrl Pts',(26.8239850913499,6.51219902187931,29.295));
#4646=CARTESIAN_POINT('Ctrl Pts',(26.785422488583,6.5110106081861,29.295));
#4647=CARTESIAN_POINT('Ctrl Pts',(26.74683760656,6.51088752537121,29.295));
#4648=CARTESIAN_POINT('Ctrl Pts',(26.70827035185,6.51182673283649,29.295));
#4649=CARTESIAN_POINT('Ctrl Pts',(26.6691586105592,6.51277919988857,29.295));
#4650=CARTESIAN_POINT('Ctrl Pts',(26.6300651405654,6.51482412033258,29.295));
#4651=CARTESIAN_POINT('Ctrl Pts',(26.5910306366563,6.51801278820047,29.295));
#4652=CARTESIAN_POINT('Ctrl Pts',(26.5445637547556,6.52180859545814,29.295));
#4653=CARTESIAN_POINT('Ctrl Pts',(26.4981810509977,6.52722634170284,29.295));
#4654=CARTESIAN_POINT('Ctrl Pts',(26.4519439662714,6.53442710296908,29.295));
#4655=CARTESIAN_POINT('Ctrl Pts',(26.4100212075138,6.54095596998615,29.295));
#4656=CARTESIAN_POINT('Ctrl Pts',(26.3682184605354,6.54895478851822,29.295));
#4657=CARTESIAN_POINT('Ctrl Pts',(26.3265701103301,6.55855626087297,29.295));
#4658=CARTESIAN_POINT('Ctrl Pts',(26.292333411363,6.56644907576313,29.295));
#4659=CARTESIAN_POINT('Ctrl Pts',(26.2582010554627,6.57542688042412,29.295));
#4660=CARTESIAN_POINT('Ctrl Pts',(26.2241822084531,6.58553262239826,29.295));
#4661=CARTESIAN_POINT('Ctrl Pts',(26.2168177183834,6.58772034017699,29.295));
#4662=CARTESIAN_POINT('Ctrl Pts',(26.2094585048365,6.58996073344499,29.295));
#4663=CARTESIAN_POINT('Ctrl Pts',(26.202104584723,6.59225389132986,29.295));
#4664=CARTESIAN_POINT('',(27.31665397083,6.59225389132986,27.3));
#4665=CARTESIAN_POINT('',(27.31665397083,6.59225389132986,29.3));
#4666=CARTESIAN_POINT('Ctrl Pts',(27.31665397083,6.59225389132986,27.3));
#4667=CARTESIAN_POINT('Ctrl Pts',(27.2726893652741,6.57854449819951,27.3));
#4668=CARTESIAN_POINT('Ctrl Pts',(27.1844449823763,6.55426807698928,27.3));
#4669=CARTESIAN_POINT('Ctrl Pts',(27.0511338717052,6.52727287713045,27.3));
#4670=CARTESIAN_POINT('Ctrl Pts',(26.871868428112,6.50822672589086,27.3));
#4671=CARTESIAN_POINT('Ctrl Pts',(26.6468901274417,6.50822672589088,27.3));
#4672=CARTESIAN_POINT('Ctrl Pts',(26.4676246838482,6.52727287713052,27.3));
#4673=CARTESIAN_POINT('Ctrl Pts',(26.3343135731767,6.55426807698929,27.3));
#4674=CARTESIAN_POINT('Ctrl Pts',(26.2460691902789,6.57854449819951,27.3));
#4675=CARTESIAN_POINT('Ctrl Pts',(26.202104584723,6.59225389132986,27.3));
#4676=CARTESIAN_POINT('Ctrl Pts',(28.4004874289735,7.46107585372825,29.3));
#4677=CARTESIAN_POINT('Ctrl Pts',(28.4004874289735,7.46107585372825,27.3));
#4678=CARTESIAN_POINT('Ctrl Pts',(28.1810879435194,7.08370873874713,29.3));
#4679=CARTESIAN_POINT('Ctrl Pts',(28.1810879435194,7.08370873874713,27.3));
#4680=CARTESIAN_POINT('Ctrl Pts',(27.7247370137747,6.71950559289326,29.3));
#4681=CARTESIAN_POINT('Ctrl Pts',(27.7247370137747,6.71950559289326,27.3));
#4682=CARTESIAN_POINT('Ctrl Pts',(27.31665397083,6.59225389132986,29.3));
#4683=CARTESIAN_POINT('Ctrl Pts',(27.31665397083,6.59225389132986,27.3));
#4684=CARTESIAN_POINT('',(28.4004874289735,7.46107585372825,29.295));
#4685=CARTESIAN_POINT('Ctrl Pts',(28.4004874289735,7.46107585372825,29.295));
#4686=CARTESIAN_POINT('Ctrl Pts',(28.1810879435194,7.08370873874713,29.295));
#4687=CARTESIAN_POINT('Ctrl Pts',(27.7247370137747,6.71950559289326,29.295));
#4688=CARTESIAN_POINT('Ctrl Pts',(27.31665397083,6.59225389132986,29.295));
#4689=CARTESIAN_POINT('',(28.4004874289735,7.46107585372825,27.3));
#4690=CARTESIAN_POINT('',(28.4004874289735,7.46107585372825,29.3));
#4691=CARTESIAN_POINT('Ctrl Pts',(28.4004874289735,7.46107585372825,27.3));
#4692=CARTESIAN_POINT('Ctrl Pts',(28.1810879435194,7.08370873874713,27.3));
#4693=CARTESIAN_POINT('Ctrl Pts',(27.7247370137747,6.71950559289326,27.3));
#4694=CARTESIAN_POINT('Ctrl Pts',(27.31665397083,6.59225389132986,27.3));
#4695=CARTESIAN_POINT('Ctrl Pts',(28.6462148526821,9.23821168590678,29.3));
#4696=CARTESIAN_POINT('Ctrl Pts',(28.6462148526821,9.23821168590678,27.3));
#4697=CARTESIAN_POINT('Ctrl Pts',(28.6462148526821,8.09733436154525,29.3));
#4698=CARTESIAN_POINT('Ctrl Pts',(28.6462148526821,8.09733436154525,27.3));
#4699=CARTESIAN_POINT('Ctrl Pts',(28.6067229453004,7.81650302016395,29.3));
#4700=CARTESIAN_POINT('Ctrl Pts',(28.6067229453004,7.81650302016395,27.3));
#4701=CARTESIAN_POINT('Ctrl Pts',(28.4004874289735,7.46107585372825,29.3));
#4702=CARTESIAN_POINT('Ctrl Pts',(28.4004874289735,7.46107585372825,27.3));
#4703=CARTESIAN_POINT('',(28.6462148526821,9.23821168590678,29.295));
#4704=CARTESIAN_POINT('Ctrl Pts',(28.6462148526821,9.23821168590678,29.295));
#4705=CARTESIAN_POINT('Ctrl Pts',(28.6462148526821,8.09733436154525,29.295));
#4706=CARTESIAN_POINT('Ctrl Pts',(28.6067229453004,7.81650302016395,29.295));
#4707=CARTESIAN_POINT('Ctrl Pts',(28.4004874289735,7.46107585372825,29.295));
#4708=CARTESIAN_POINT('',(28.6462148526821,9.23821168590678,27.3));
#4709=CARTESIAN_POINT('',(28.6462148526821,9.23821168590678,29.3));
#4710=CARTESIAN_POINT('Ctrl Pts',(28.6462148526821,9.23821168590678,27.3));
#4711=CARTESIAN_POINT('Ctrl Pts',(28.6462148526821,8.09733436154525,27.3));
#4712=CARTESIAN_POINT('Ctrl Pts',(28.6067229453004,7.81650302016395,27.3));
#4713=CARTESIAN_POINT('Ctrl Pts',(28.4004874289735,7.46107585372825,27.3));
#4714=CARTESIAN_POINT('Origin',(28.6462148526821,10.2957172057957,29.3));
#4715=CARTESIAN_POINT('',(28.6462148526821,10.2957172057957,29.295));
#4716=CARTESIAN_POINT('',(28.6462148526821,5.14785860289787,29.295));
#4717=CARTESIAN_POINT('',(28.6462148526821,10.2957172057957,27.3));
#4718=CARTESIAN_POINT('',(28.6462148526821,10.2957172057957,29.3));
#4719=CARTESIAN_POINT('',(28.6462148526821,10.2957172057957,27.3));
#4720=CARTESIAN_POINT('Origin',(28.7910185130819,10.3132691646321,29.3));
#4721=CARTESIAN_POINT('',(28.7910185130819,10.3132691646321,29.295));
#4722=CARTESIAN_POINT('',(13.9879548522323,8.5189584178625,29.295));
#4723=CARTESIAN_POINT('',(28.7910185130819,10.3132691646321,27.3));
#4724=CARTESIAN_POINT('',(28.7910185130819,10.3132691646321,29.3));
#4725=CARTESIAN_POINT('',(28.7910185130819,10.3132691646321,27.3));
#4726=CARTESIAN_POINT('Ctrl Pts',(29.0981777927177,10.3352091131775,29.3));
#4727=CARTESIAN_POINT('Ctrl Pts',(29.0981777927177,10.3352091131775,27.3));
#4728=CARTESIAN_POINT('Ctrl Pts',(29.0060300088269,10.3352091131775,29.3));
#4729=CARTESIAN_POINT('Ctrl Pts',(29.0060300088269,10.3352091131775,27.3));
#4730=CARTESIAN_POINT('Ctrl Pts',(28.8656143381363,10.3220451440502,29.3));
#4731=CARTESIAN_POINT('Ctrl Pts',(28.8656143381363,10.3220451440502,27.3));
#4732=CARTESIAN_POINT('Ctrl Pts',(28.7910185130819,10.3132691646321,29.3));
#4733=CARTESIAN_POINT('Ctrl Pts',(28.7910185130819,10.3132691646321,27.3));
#4734=CARTESIAN_POINT('',(29.0981777927177,10.3352091131775,29.295));
#4735=CARTESIAN_POINT('Ctrl Pts',(29.0981777927177,10.3352091131775,29.295));
#4736=CARTESIAN_POINT('Ctrl Pts',(29.0060300088269,10.3352091131775,29.295));
#4737=CARTESIAN_POINT('Ctrl Pts',(28.8656143381363,10.3220451440502,29.295));
#4738=CARTESIAN_POINT('Ctrl Pts',(28.7910185130819,10.3132691646321,29.295));
#4739=CARTESIAN_POINT('',(29.0981777927177,10.3352091131775,27.3));
#4740=CARTESIAN_POINT('',(29.0981777927177,10.3352091131775,29.3));
#4741=CARTESIAN_POINT('Ctrl Pts',(29.0981777927177,10.3352091131775,27.3));
#4742=CARTESIAN_POINT('Ctrl Pts',(29.0060300088269,10.3352091131775,27.3));
#4743=CARTESIAN_POINT('Ctrl Pts',(28.8656143381363,10.3220451440502,27.3));
#4744=CARTESIAN_POINT('Ctrl Pts',(28.7910185130819,10.3132691646321,27.3));
#4745=CARTESIAN_POINT('Origin',(29.2605334119537,10.3439850925956,29.3));
#4746=CARTESIAN_POINT('',(29.2605334119537,10.3439850925956,29.295));
#4747=CARTESIAN_POINT('',(14.3941367849265,9.54039608572934,29.295));
#4748=CARTESIAN_POINT('',(29.2605334119537,10.3439850925956,27.3));
#4749=CARTESIAN_POINT('',(29.2605334119537,10.3439850925956,29.3));
#4750=CARTESIAN_POINT('',(29.2605334119537,10.3439850925956,27.3));
#4751=CARTESIAN_POINT('Origin',(29.2605334119537,9.18994379910687,29.3));
#4752=CARTESIAN_POINT('',(29.2605334119537,9.18994379910687,29.295));
#4753=CARTESIAN_POINT('',(29.2605334119537,4.59497189955344,29.295));
#4754=CARTESIAN_POINT('',(29.2605334119537,9.18994379910687,27.3));
#4755=CARTESIAN_POINT('',(29.2605334119537,9.18994379910687,29.3));
#4756=CARTESIAN_POINT('',(29.2605334119537,9.18994379910687,27.3));
#4757=CARTESIAN_POINT('Ctrl Pts',(29.3351292370081,7.81650302016395,29.3));
#4758=CARTESIAN_POINT('Ctrl Pts',(29.3351292370081,7.81650302016395,27.3));
#4759=CARTESIAN_POINT('Ctrl Pts',(29.273697381081,7.99641059823635,29.3));
#4760=CARTESIAN_POINT('Ctrl Pts',(29.273697381081,7.99641059823635,27.3));
#4761=CARTESIAN_POINT('Ctrl Pts',(29.2605334119537,8.22897405281774,29.3));
#4762=CARTESIAN_POINT('Ctrl Pts',(29.2605334119537,8.22897405281774,27.3));
#4763=CARTESIAN_POINT('Ctrl Pts',(29.2605334119537,9.18994379910687,29.3));
#4764=CARTESIAN_POINT('Ctrl Pts',(29.2605334119537,9.18994379910687,27.3));
#4765=CARTESIAN_POINT('',(29.3351292370081,7.81650302016395,29.295));
#4766=CARTESIAN_POINT('Ctrl Pts',(29.3351292370081,7.81650302016395,29.295));
#4767=CARTESIAN_POINT('Ctrl Pts',(29.273697381081,7.99641059823635,29.295));
#4768=CARTESIAN_POINT('Ctrl Pts',(29.2605334119537,8.22897405281774,29.295));
#4769=CARTESIAN_POINT('Ctrl Pts',(29.2605334119537,9.18994379910687,29.295));
#4770=CARTESIAN_POINT('',(29.3351292370081,7.81650302016395,27.3));
#4771=CARTESIAN_POINT('',(29.3351292370081,7.81650302016395,29.3));
#4772=CARTESIAN_POINT('Ctrl Pts',(29.3351292370081,7.81650302016395,27.3));
#4773=CARTESIAN_POINT('Ctrl Pts',(29.273697381081,7.99641059823635,27.3));
#4774=CARTESIAN_POINT('Ctrl Pts',(29.2605334119537,8.22897405281774,27.3));
#4775=CARTESIAN_POINT('Ctrl Pts',(29.2605334119537,9.18994379910687,27.3));
#4776=CARTESIAN_POINT('Ctrl Pts',(30.5330504275877,6.60102987074802,29.3));
#4777=CARTESIAN_POINT('Ctrl Pts',(30.5330504275877,6.60102987074802,27.3));
#4778=CARTESIAN_POINT('Ctrl Pts',(29.9889397036615,6.78971342823858,29.3));
#4779=CARTESIAN_POINT('Ctrl Pts',(29.9889397036615,6.78971342823858,27.3));
#4780=CARTESIAN_POINT('Ctrl Pts',(29.5194248047896,7.2680043065286,29.3));
#4781=CARTESIAN_POINT('Ctrl Pts',(29.5194248047896,7.2680043065286,27.3));
#4782=CARTESIAN_POINT('Ctrl Pts',(29.3351292370081,7.81650302016395,29.3));
#4783=CARTESIAN_POINT('Ctrl Pts',(29.3351292370081,7.81650302016395,27.3));
#4784=CARTESIAN_POINT('Ctrl Pts',(30.5330504275877,6.60102987074802,29.295));
#4785=CARTESIAN_POINT('Ctrl Pts',(29.9889397036615,6.78971342823858,29.295));
#4786=CARTESIAN_POINT('Ctrl Pts',(29.5194248047896,7.2680043065286,29.295));
#4787=CARTESIAN_POINT('Ctrl Pts',(29.3351292370081,7.81650302016395,29.295));
#4788=CARTESIAN_POINT('Ctrl Pts',(30.5330504275877,6.60102987074802,27.3));
#4789=CARTESIAN_POINT('Ctrl Pts',(29.9889397036615,6.78971342823858,27.3));
#4790=CARTESIAN_POINT('Ctrl Pts',(29.5194248047896,7.2680043065286,27.3));
#4791=CARTESIAN_POINT('Ctrl Pts',(29.3351292370081,7.81650302016395,27.3));
#4792=CARTESIAN_POINT('Origin',(26.7922892005947,17.7615978151451,27.3));
#4793=CARTESIAN_POINT('Origin',(0.,0.,29.295));
#4794=CARTESIAN_POINT('Origin',(0.,0.,29.295));
#4795=CARTESIAN_POINT('Origin',(0.,0.,29.295));
#4796=CARTESIAN_POINT('Origin',(-29.65,10.95,22.6));
#4797=CARTESIAN_POINT('',(-29.65,10.95,22.6));
#4798=CARTESIAN_POINT('',(-28.65,10.95,22.6));
#4799=CARTESIAN_POINT('',(-14.825,10.95,22.6));
#4800=CARTESIAN_POINT('',(-29.65,10.95,24.6));
#4801=CARTESIAN_POINT('',(-29.65,10.95,22.6));
#4802=CARTESIAN_POINT('',(-28.65,10.95,24.6));
#4803=CARTESIAN_POINT('',(-29.65,10.95,24.6));
#4804=CARTESIAN_POINT('',(-28.65,10.95,22.6));
#4805=CARTESIAN_POINT('Origin',(-29.65,11.95,22.6));
#4806=CARTESIAN_POINT('',(-30.65,11.95,22.6));
#4807=CARTESIAN_POINT('Origin',(-29.65,11.95,22.6));
#4808=CARTESIAN_POINT('',(-30.65,11.95,24.6));
#4809=CARTESIAN_POINT('',(-30.65,11.95,22.6));
#4810=CARTESIAN_POINT('Origin',(-29.65,11.95,24.6));
#4811=CARTESIAN_POINT('Origin',(-30.65,13.95,22.6));
#4812=CARTESIAN_POINT('',(-30.65,13.95,22.6));
#4813=CARTESIAN_POINT('',(-30.65,6.975,22.6));
#4814=CARTESIAN_POINT('',(-30.65,13.95,24.6));
#4815=CARTESIAN_POINT('',(-30.65,13.95,22.6));
#4816=CARTESIAN_POINT('',(-30.65,13.95,24.6));
#4817=CARTESIAN_POINT('Origin',(-29.65,13.95,22.6));
#4818=CARTESIAN_POINT('',(-29.65,14.95,22.6));
#4819=CARTESIAN_POINT('Origin',(-29.65,13.95,22.6));
#4820=CARTESIAN_POINT('',(-29.65,14.95,24.6));
#4821=CARTESIAN_POINT('',(-29.65,14.95,22.6));
#4822=CARTESIAN_POINT('Origin',(-29.65,13.95,24.6));
#4823=CARTESIAN_POINT('Origin',(-28.65,14.95,22.6));
#4824=CARTESIAN_POINT('',(-28.65,14.95,22.6));
#4825=CARTESIAN_POINT('',(-14.325,14.95,22.6));
#4826=CARTESIAN_POINT('',(-28.65,14.95,24.6));
#4827=CARTESIAN_POINT('',(-28.65,14.95,22.6));
#4828=CARTESIAN_POINT('',(-28.65,14.95,24.6));
#4829=CARTESIAN_POINT('Origin',(-29.65,12.95,24.6));
#4830=CARTESIAN_POINT('',(-28.65,10.15,24.6));
#4831=CARTESIAN_POINT('Origin',(0.,0.,22.6));
#4832=CARTESIAN_POINT('',(43.9,28.9,22.6));
#4833=CARTESIAN_POINT('',(38.9,33.9,22.6));
#4834=CARTESIAN_POINT('Origin',(38.9,28.9,22.6));
#4835=CARTESIAN_POINT('',(43.9,-28.9,22.6));
#4836=CARTESIAN_POINT('',(43.9,33.9,22.6));
#4837=CARTESIAN_POINT('',(38.9,-33.9,22.6));
#4838=CARTESIAN_POINT('Origin',(38.9,-28.9,22.6));
#4839=CARTESIAN_POINT('',(-38.9,-33.9,22.6));
#4840=CARTESIAN_POINT('',(43.9,-33.9,22.6));
#4841=CARTESIAN_POINT('',(-43.9,-28.9,22.6));
#4842=CARTESIAN_POINT('Origin',(-38.9,-28.9,22.6));
#4843=CARTESIAN_POINT('',(-43.9,28.9,22.6));
#4844=CARTESIAN_POINT('',(-43.9,-33.9,22.6));
#4845=CARTESIAN_POINT('',(-38.9,33.9,22.6));
#4846=CARTESIAN_POINT('Origin',(-38.9,28.9,22.6));
#4847=CARTESIAN_POINT('',(-43.9,33.9,22.6));
#4848=CARTESIAN_POINT('',(-41.25,28.9,22.6));
#4849=CARTESIAN_POINT('Origin',(-38.9,28.9,22.6));
#4850=CARTESIAN_POINT('',(36.55,28.9,22.6));
#4851=CARTESIAN_POINT('Origin',(38.9,28.9,22.6));
#4852=CARTESIAN_POINT('',(-41.25,-28.9,22.6));
#4853=CARTESIAN_POINT('Origin',(-38.9,-28.9,22.6));
#4854=CARTESIAN_POINT('',(36.55,-28.9,22.6));
#4855=CARTESIAN_POINT('Origin',(38.9,-28.9,22.6));
#4856=CARTESIAN_POINT('',(11.975,5.525,22.6));
#4857=CARTESIAN_POINT('',(14.975,2.525,22.6));
#4858=CARTESIAN_POINT('Origin',(14.975,5.525,22.6));
#4859=CARTESIAN_POINT('',(11.975,18.575,22.6));
#4860=CARTESIAN_POINT('',(11.975,21.575,22.6));
#4861=CARTESIAN_POINT('',(8.975,21.575,22.6));
#4862=CARTESIAN_POINT('Origin',(8.975,18.575,22.6));
#4863=CARTESIAN_POINT('',(-9.125,21.575,22.6));
#4864=CARTESIAN_POINT('',(-31.175,21.575,22.6));
#4865=CARTESIAN_POINT('',(-12.125,18.575,22.6));
#4866=CARTESIAN_POINT('Origin',(-9.125,18.575,22.6));
#4867=CARTESIAN_POINT('',(-12.125,5.525,22.6));
#4868=CARTESIAN_POINT('',(-12.125,21.575,22.6));
#4869=CARTESIAN_POINT('',(-15.125,2.525,22.6));
#4870=CARTESIAN_POINT('Origin',(-15.125,5.525,22.6));
#4871=CARTESIAN_POINT('',(-28.175,2.525,22.6));
#4872=CARTESIAN_POINT('',(-31.175,2.525,22.6));
#4873=CARTESIAN_POINT('',(-31.175,-0.475000000000008,22.6));
#4874=CARTESIAN_POINT('Origin',(-28.175,-0.475000000000005,22.6));
#4875=CARTESIAN_POINT('',(-31.175,-18.575,22.6));
#4876=CARTESIAN_POINT('',(-31.175,21.575,22.6));
#4877=CARTESIAN_POINT('',(-28.175,-21.575,22.6));
#4878=CARTESIAN_POINT('Origin',(-28.175,-18.575,22.6));
#4879=CARTESIAN_POINT('',(28.025,-21.575,22.6));
#4880=CARTESIAN_POINT('',(-31.175,-21.575,22.6));
#4881=CARTESIAN_POINT('',(31.025,-18.575,22.6));
#4882=CARTESIAN_POINT('Origin',(28.025,-18.575,22.6));
#4883=CARTESIAN_POINT('',(31.025,-0.475000000000003,22.6));
#4884=CARTESIAN_POINT('',(31.025,21.575,22.6));
#4885=CARTESIAN_POINT('',(28.025,2.525,22.6));
#4886=CARTESIAN_POINT('Origin',(28.025,-0.475000000000003,22.6));
#4887=CARTESIAN_POINT('',(11.975,2.525,22.6));
#4888=CARTESIAN_POINT('',(-28.65,7.35000000000001,22.6));
#4889=CARTESIAN_POINT('',(-28.65,7.35000000000001,22.6));
#4890=CARTESIAN_POINT('',(-28.15,6.85000000000001,22.6));
#4891=CARTESIAN_POINT('Origin',(-28.15,7.35000000000001,22.6));
#4892=CARTESIAN_POINT('',(-16.95,6.85000000000001,22.6));
#4893=CARTESIAN_POINT('',(-16.95,6.85000000000001,22.6));
#4894=CARTESIAN_POINT('',(-16.45,7.35000000000001,22.6));
#4895=CARTESIAN_POINT('Origin',(-16.95,7.35000000000001,22.6));
#4896=CARTESIAN_POINT('',(-16.45,18.55,22.6));
#4897=CARTESIAN_POINT('',(-16.45,18.55,22.6));
#4898=CARTESIAN_POINT('',(-16.95,19.05,22.6));
#4899=CARTESIAN_POINT('Origin',(-16.95,18.55,22.6));
#4900=CARTESIAN_POINT('',(-28.15,19.05,22.6));
#4901=CARTESIAN_POINT('',(-28.15,19.05,22.6));
#4902=CARTESIAN_POINT('',(-28.65,18.55,22.6));
#4903=CARTESIAN_POINT('Origin',(-28.15,18.55,22.6));
#4904=CARTESIAN_POINT('',(-28.65,7.35000000000001,22.6));
#4905=CARTESIAN_POINT('Origin',(-38.9,28.9,22.6));
#4906=CARTESIAN_POINT('',(-41.25,28.9,26.6));
#4907=CARTESIAN_POINT('',(-41.25,28.9,22.6));
#4908=CARTESIAN_POINT('Origin',(-38.9,28.9,26.6));
#4909=CARTESIAN_POINT('Origin',(-38.9,28.9,26.6));
#4910=CARTESIAN_POINT('Origin',(38.9,28.9,22.6));
#4911=CARTESIAN_POINT('',(36.55,28.9,26.6));
#4912=CARTESIAN_POINT('',(36.55,28.9,22.6));
#4913=CARTESIAN_POINT('Origin',(38.9,28.9,26.6));
#4914=CARTESIAN_POINT('Origin',(38.9,28.9,26.6));
#4915=CARTESIAN_POINT('Origin',(-38.9,-28.9,22.6));
#4916=CARTESIAN_POINT('',(-41.25,-28.9,26.6));
#4917=CARTESIAN_POINT('',(-41.25,-28.9,22.6));
#4918=CARTESIAN_POINT('Origin',(-38.9,-28.9,26.6));
#4919=CARTESIAN_POINT('Origin',(-38.9,-28.9,26.6));
#4920=CARTESIAN_POINT('Origin',(38.9,-28.9,22.6));
#4921=CARTESIAN_POINT('',(36.55,-28.9,26.6));
#4922=CARTESIAN_POINT('',(36.55,-28.9,22.6));
#4923=CARTESIAN_POINT('Origin',(38.9,-28.9,26.6));
#4924=CARTESIAN_POINT('Origin',(38.9,-28.9,26.6));
#4925=CARTESIAN_POINT('Origin',(-21.95,-32.9,28.295));
#4926=CARTESIAN_POINT('',(38.9,-33.9,27.295));
#4927=CARTESIAN_POINT('',(38.9,-31.9,29.295));
#4928=CARTESIAN_POINT('',(38.9,-33.9,27.295));
#4929=CARTESIAN_POINT('',(-38.9,-31.9,29.295));
#4930=CARTESIAN_POINT('',(-21.95,-31.9,29.295));
#4931=CARTESIAN_POINT('',(-38.9,-33.9,27.295));
#4932=CARTESIAN_POINT('',(-38.9,-31.9,29.295));
#4933=CARTESIAN_POINT('',(-21.95,-33.9,27.295));
#4934=CARTESIAN_POINT('Origin',(38.9,-28.9,28.295));
#4935=CARTESIAN_POINT('',(43.9,-28.9,27.295));
#4936=CARTESIAN_POINT('Origin',(38.9,-28.9,27.295));
#4937=CARTESIAN_POINT('',(41.9,-28.9,29.295));
#4938=CARTESIAN_POINT('',(43.9,-28.9,27.295));
#4939=CARTESIAN_POINT('Origin',(38.9,-28.9,29.295));
#4940=CARTESIAN_POINT('Origin',(42.9,-16.95,28.295));
#4941=CARTESIAN_POINT('',(43.9,28.9,27.295));
#4942=CARTESIAN_POINT('',(41.9,28.9,29.295));
#4943=CARTESIAN_POINT('',(43.9,28.9,27.295));
#4944=CARTESIAN_POINT('',(41.9,-16.95,29.295));
#4945=CARTESIAN_POINT('',(43.9,-16.95,27.295));
#4946=CARTESIAN_POINT('Origin',(38.9,28.9,28.295));
#4947=CARTESIAN_POINT('',(38.9,33.9,27.295));
#4948=CARTESIAN_POINT('Origin',(38.9,28.9,27.295));
#4949=CARTESIAN_POINT('',(38.9,31.9,29.295));
#4950=CARTESIAN_POINT('',(38.9,33.9,27.295));
#4951=CARTESIAN_POINT('Origin',(38.9,28.9,29.295));
#4952=CARTESIAN_POINT('Origin',(21.95,32.9,28.295));
#4953=CARTESIAN_POINT('',(-38.9,33.9,27.295));
#4954=CARTESIAN_POINT('',(-38.9,31.9,29.295));
#4955=CARTESIAN_POINT('',(-38.9,33.9,27.295));
#4956=CARTESIAN_POINT('',(21.95,31.9,29.295));
#4957=CARTESIAN_POINT('',(21.95,33.9,27.295));
#4958=CARTESIAN_POINT('Origin',(-38.9,28.9,28.295));
#4959=CARTESIAN_POINT('',(-43.9,28.9,27.295));
#4960=CARTESIAN_POINT('Origin',(-38.9,28.9,27.295));
#4961=CARTESIAN_POINT('',(-41.9,28.9,29.295));
#4962=CARTESIAN_POINT('',(-43.9,28.9,27.295));
#4963=CARTESIAN_POINT('Origin',(-38.9,28.9,29.295));
#4964=CARTESIAN_POINT('Origin',(-42.9,16.95,28.295));
#4965=CARTESIAN_POINT('',(-43.9,-28.9,27.295));
#4966=CARTESIAN_POINT('',(-41.9,-28.9,29.295));
#4967=CARTESIAN_POINT('',(-43.9,-28.9,27.295));
#4968=CARTESIAN_POINT('',(-41.9,16.95,29.295));
#4969=CARTESIAN_POINT('',(-43.9,16.95,27.295));
#4970=CARTESIAN_POINT('Origin',(-38.9,-28.9,28.295));
#4971=CARTESIAN_POINT('Origin',(-38.9,-28.9,27.295));
#4972=CARTESIAN_POINT('Origin',(-38.9,-28.9,29.295));
#4973=CARTESIAN_POINT('Origin',(38.9,28.9,22.6));
#4974=CARTESIAN_POINT('',(43.9,28.9,22.6));
#4975=CARTESIAN_POINT('',(38.9,33.9,22.6));
#4976=CARTESIAN_POINT('Origin',(43.9,-33.9,22.6));
#4977=CARTESIAN_POINT('',(43.9,-28.9,22.6));
#4978=CARTESIAN_POINT('Origin',(38.9,-28.9,22.6));
#4979=CARTESIAN_POINT('',(38.9,-33.9,22.6));
#4980=CARTESIAN_POINT('Origin',(-43.9,-33.9,22.6));
#4981=CARTESIAN_POINT('',(-38.9,-33.9,22.6));
#4982=CARTESIAN_POINT('Origin',(0.,0.,29.295));
#4983=CARTESIAN_POINT('',(-28.15,6.85000000000001,29.295));
#4984=CARTESIAN_POINT('',(-28.65,7.35000000000001,29.295));
#4985=CARTESIAN_POINT('Origin',(-28.15,7.35000000000001,29.295));
#4986=CARTESIAN_POINT('',(-28.65,18.55,29.295));
#4987=CARTESIAN_POINT('',(-28.65,7.35000000000001,29.295));
#4988=CARTESIAN_POINT('',(-28.15,19.05,29.295));
#4989=CARTESIAN_POINT('Origin',(-28.15,18.55,29.295));
#4990=CARTESIAN_POINT('',(-16.95,19.05,29.295));
#4991=CARTESIAN_POINT('',(-28.15,19.05,29.295));
#4992=CARTESIAN_POINT('',(-16.45,18.55,29.295));
#4993=CARTESIAN_POINT('Origin',(-16.95,18.55,29.295));
#4994=CARTESIAN_POINT('',(-16.45,7.35000000000001,29.295));
#4995=CARTESIAN_POINT('',(-16.45,18.55,29.295));
#4996=CARTESIAN_POINT('',(-16.95,6.85000000000001,29.295));
#4997=CARTESIAN_POINT('Origin',(-16.95,7.35000000000001,29.295));
#4998=CARTESIAN_POINT('',(-16.95,6.85000000000001,29.295));
#4999=CARTESIAN_POINT('',(-15.125,18.575,29.295));
#5000=CARTESIAN_POINT('',(-15.125,5.525,29.295));
#5001=CARTESIAN_POINT('',(-15.125,1.2625,29.295));
#5002=CARTESIAN_POINT('',(-9.12499999999999,24.575,29.295));
#5003=CARTESIAN_POINT('Origin',(-9.125,18.575,29.295));
#5004=CARTESIAN_POINT('',(8.975,24.575,29.295));
#5005=CARTESIAN_POINT('',(-6.0625,24.575,29.295));
#5006=CARTESIAN_POINT('',(14.975,18.575,29.295));
#5007=CARTESIAN_POINT('Origin',(8.975,18.575,29.295));
#5008=CARTESIAN_POINT('',(14.975,5.525,29.295));
#5009=CARTESIAN_POINT('',(14.975,10.7875,29.295));
#5010=CARTESIAN_POINT('',(28.025,5.525,29.295));
#5011=CARTESIAN_POINT('',(5.9875,5.525,29.295));
#5012=CARTESIAN_POINT('',(34.025,-0.475000000000004,29.295));
#5013=CARTESIAN_POINT('Origin',(28.025,-0.475000000000003,29.295));
#5014=CARTESIAN_POINT('',(34.025,-18.575,29.295));
#5015=CARTESIAN_POINT('',(34.025,1.26249999999999,29.295));
#5016=CARTESIAN_POINT('',(28.025,-24.575,29.295));
#5017=CARTESIAN_POINT('Origin',(28.025,-18.575,29.295));
#5018=CARTESIAN_POINT('',(-28.175,-24.575,29.295));
#5019=CARTESIAN_POINT('',(15.5125,-24.575,29.295));
#5020=CARTESIAN_POINT('',(-34.175,-18.575,29.295));
#5021=CARTESIAN_POINT('Origin',(-28.175,-18.575,29.295));
#5022=CARTESIAN_POINT('',(-34.175,-0.47500000000001,29.295));
#5023=CARTESIAN_POINT('',(-34.175,-10.7875,29.295));
#5024=CARTESIAN_POINT('',(-28.175,5.525,29.295));
#5025=CARTESIAN_POINT('Origin',(-28.175,-0.475000000000005,29.295));
#5026=CARTESIAN_POINT('',(-15.5875,5.525,29.295));
#5027=CARTESIAN_POINT('Origin',(43.9,33.9,22.6));
#5028=CARTESIAN_POINT('',(-38.9,33.9,22.6));
#5029=CARTESIAN_POINT('Origin',(-38.9,28.9,22.6));
#5030=CARTESIAN_POINT('',(-43.9,28.9,22.6));
#5031=CARTESIAN_POINT('Origin',(-38.9,-28.9,22.6));
#5032=CARTESIAN_POINT('',(-43.9,-28.9,22.6));
#5033=CARTESIAN_POINT('Origin',(-43.9,33.9,22.6));
#5034=CARTESIAN_POINT('Origin',(-15.125,1.2625,26.295));
#5035=CARTESIAN_POINT('',(-12.125,5.525,26.295));
#5036=CARTESIAN_POINT('Origin',(-15.125,5.525,26.295));
#5037=CARTESIAN_POINT('',(-12.125,18.575,26.295));
#5038=CARTESIAN_POINT('',(-12.125,1.2625,26.295));
#5039=CARTESIAN_POINT('Origin',(-15.125,18.575,26.295));
#5040=CARTESIAN_POINT('Origin',(-9.125,18.575,26.295));
#5041=CARTESIAN_POINT('',(-9.125,21.575,26.295));
#5042=CARTESIAN_POINT('Origin',(-9.12499999999999,24.575,26.295));
#5043=CARTESIAN_POINT('Origin',(-9.125,18.575,26.295));
#5044=CARTESIAN_POINT('Origin',(-6.0625,24.575,26.295));
#5045=CARTESIAN_POINT('',(8.975,21.575,26.295));
#5046=CARTESIAN_POINT('Origin',(8.975,24.575,26.295));
#5047=CARTESIAN_POINT('',(-6.0625,21.575,26.295));
#5048=CARTESIAN_POINT('Origin',(8.975,18.575,26.295));
#5049=CARTESIAN_POINT('',(11.975,18.575,26.295));
#5050=CARTESIAN_POINT('Origin',(14.975,18.575,26.295));
#5051=CARTESIAN_POINT('Origin',(8.975,18.575,26.295));
#5052=CARTESIAN_POINT('Origin',(14.975,10.7875,26.295));
#5053=CARTESIAN_POINT('',(11.975,5.525,26.295));
#5054=CARTESIAN_POINT('Origin',(14.975,5.525,26.295));
#5055=CARTESIAN_POINT('',(11.975,10.7875,26.295));
#5056=CARTESIAN_POINT('Origin',(-15.5875,5.525,26.295));
#5057=CARTESIAN_POINT('',(-28.175,2.525,26.295));
#5058=CARTESIAN_POINT('Origin',(-28.175,5.525,26.295));
#5059=CARTESIAN_POINT('',(-15.125,2.525,26.295));
#5060=CARTESIAN_POINT('',(-15.5875,2.525,26.295));
#5061=CARTESIAN_POINT('Origin',(-15.125,5.525,26.295));
#5062=CARTESIAN_POINT('Origin',(5.9875,5.525,26.295));
#5063=CARTESIAN_POINT('',(14.975,2.525,26.295));
#5064=CARTESIAN_POINT('Origin',(14.975,5.525,26.295));
#5065=CARTESIAN_POINT('',(28.025,2.525,26.295));
#5066=CARTESIAN_POINT('',(5.9875,2.525,26.295));
#5067=CARTESIAN_POINT('Origin',(28.025,5.525,26.295));
#5068=CARTESIAN_POINT('Origin',(28.025,-0.475000000000003,26.295));
#5069=CARTESIAN_POINT('',(31.025,-0.475000000000003,26.295));
#5070=CARTESIAN_POINT('Origin',(34.025,-0.475000000000004,26.295));
#5071=CARTESIAN_POINT('Origin',(28.025,-0.475000000000003,26.295));
#5072=CARTESIAN_POINT('Origin',(34.025,1.26249999999999,26.295));
#5073=CARTESIAN_POINT('',(31.025,-18.575,26.295));
#5074=CARTESIAN_POINT('Origin',(34.025,-18.575,26.295));
#5075=CARTESIAN_POINT('',(31.025,1.2625,26.295));
#5076=CARTESIAN_POINT('Origin',(28.025,-18.575,26.295));
#5077=CARTESIAN_POINT('',(28.025,-21.575,26.295));
#5078=CARTESIAN_POINT('Origin',(28.025,-24.575,26.295));
#5079=CARTESIAN_POINT('Origin',(28.025,-18.575,26.295));
#5080=CARTESIAN_POINT('Origin',(15.5125,-24.575,26.295));
#5081=CARTESIAN_POINT('',(-28.175,-21.575,26.295));
#5082=CARTESIAN_POINT('Origin',(-28.175,-24.575,26.295));
#5083=CARTESIAN_POINT('',(15.5125,-21.575,26.295));
#5084=CARTESIAN_POINT('Origin',(-28.175,-18.575,26.295));
#5085=CARTESIAN_POINT('',(-31.175,-18.575,26.295));
#5086=CARTESIAN_POINT('Origin',(-34.175,-18.575,26.295));
#5087=CARTESIAN_POINT('Origin',(-28.175,-18.575,26.295));
#5088=CARTESIAN_POINT('Origin',(-34.175,-10.7875,26.295));
#5089=CARTESIAN_POINT('',(-31.175,-0.475000000000007,26.295));
#5090=CARTESIAN_POINT('Origin',(-34.175,-0.47500000000001,26.295));
#5091=CARTESIAN_POINT('',(-31.175,-10.7875,26.295));
#5092=CARTESIAN_POINT('Origin',(-28.175,-0.475000000000005,26.295));
#5093=CARTESIAN_POINT('Origin',(-28.175,-0.475000000000005,26.295));
#5094=CARTESIAN_POINT('Origin',(-15.125,5.525,26.295));
#5095=CARTESIAN_POINT('Origin',(-15.125,5.525,26.295));
#5096=CARTESIAN_POINT('Origin',(14.975,5.525,26.295));
#5097=CARTESIAN_POINT('Origin',(14.975,5.525,26.295));
#5098=CARTESIAN_POINT('Origin',(-28.175,-0.475000000000005,22.6));
#5099=CARTESIAN_POINT('',(-31.175,-0.475000000000007,22.6));
#5100=CARTESIAN_POINT('',(-28.175,2.525,22.6));
#5101=CARTESIAN_POINT('Origin',(-31.175,-21.575,22.6));
#5102=CARTESIAN_POINT('',(-31.175,-18.575,22.6));
#5103=CARTESIAN_POINT('Origin',(-28.175,-18.575,22.6));
#5104=CARTESIAN_POINT('',(-28.175,-21.575,22.6));
#5105=CARTESIAN_POINT('Origin',(31.025,-21.575,22.6));
#5106=CARTESIAN_POINT('',(28.025,-21.575,22.6));
#5107=CARTESIAN_POINT('Origin',(28.025,-18.575,22.6));
#5108=CARTESIAN_POINT('',(31.025,-18.575,22.6));
#5109=CARTESIAN_POINT('Origin',(31.025,2.525,22.6));
#5110=CARTESIAN_POINT('',(31.025,-0.475000000000003,22.6));
#5111=CARTESIAN_POINT('Origin',(28.025,-0.475000000000003,22.6));
#5112=CARTESIAN_POINT('',(28.025,2.525,22.6));
#5113=CARTESIAN_POINT('Origin',(11.975,2.525,22.6));
#5114=CARTESIAN_POINT('',(14.975,2.525,22.6));
#5115=CARTESIAN_POINT('Origin',(-31.175,2.525,22.6));
#5116=CARTESIAN_POINT('',(-15.125,2.525,22.6));
#5117=CARTESIAN_POINT('Origin',(14.975,5.525,22.6));
#5118=CARTESIAN_POINT('',(11.975,5.525,22.6));
#5119=CARTESIAN_POINT('Origin',(11.975,21.575,22.6));
#5120=CARTESIAN_POINT('',(11.975,18.575,22.6));
#5121=CARTESIAN_POINT('Origin',(-15.125,5.525,22.6));
#5122=CARTESIAN_POINT('',(-12.125,5.525,22.6));
#5123=CARTESIAN_POINT('Origin',(-12.125,2.525,22.6));
#5124=CARTESIAN_POINT('',(-12.125,18.575,22.6));
#5125=CARTESIAN_POINT('Origin',(8.975,18.575,22.6));
#5126=CARTESIAN_POINT('',(8.975,21.575,22.6));
#5127=CARTESIAN_POINT('Origin',(-9.125,18.575,22.6));
#5128=CARTESIAN_POINT('',(-9.125,21.575,22.6));
#5129=CARTESIAN_POINT('Origin',(-12.125,21.575,22.6));
#5130=CARTESIAN_POINT('Origin',(-16.95,6.85000000000001,22.6));
#5131=CARTESIAN_POINT('',(-28.15,6.85000000000001,22.6));
#5132=CARTESIAN_POINT('',(-16.95,6.85000000000001,22.6));
#5133=CARTESIAN_POINT('Origin',(-16.95,7.35000000000001,22.6));
#5134=CARTESIAN_POINT('',(-16.45,7.35000000000001,22.6));
#5135=CARTESIAN_POINT('Origin',(-16.45,18.55,22.6));
#5136=CARTESIAN_POINT('',(-16.45,18.55,22.6));
#5137=CARTESIAN_POINT('Origin',(-16.95,18.55,22.6));
#5138=CARTESIAN_POINT('',(-16.95,19.05,22.6));
#5139=CARTESIAN_POINT('Origin',(-28.15,19.05,22.6));
#5140=CARTESIAN_POINT('',(-28.15,19.05,22.6));
#5141=CARTESIAN_POINT('Origin',(-28.15,18.55,22.6));
#5142=CARTESIAN_POINT('',(-28.65,18.55,22.6));
#5143=CARTESIAN_POINT('Origin',(-28.65,7.35000000000001,22.6));
#5144=CARTESIAN_POINT('',(-28.65,7.35000000000001,22.6));
#5145=CARTESIAN_POINT('Origin',(-28.15,7.35000000000001,22.6));
#5146=UNCERTAINTY_MEASURE_WITH_UNIT(LENGTH_MEASURE(0.01),#5150,
'DISTANCE_ACCURACY_VALUE',
'Maximum model space distance between geometric entities at asserted c
onnectivities');
#5147=UNCERTAINTY_MEASURE_WITH_UNIT(LENGTH_MEASURE(0.01),#5150,
'DISTANCE_ACCURACY_VALUE',
'Maximum model space distance between geometric entities at asserted c
onnectivities');
#5148=(
GEOMETRIC_REPRESENTATION_CONTEXT(3)
GLOBAL_UNCERTAINTY_ASSIGNED_CONTEXT((#5146))
GLOBAL_UNIT_ASSIGNED_CONTEXT((#5150,#5152,#5153))
REPRESENTATION_CONTEXT('','3D')
);
#5149=(
GEOMETRIC_REPRESENTATION_CONTEXT(3)
GLOBAL_UNCERTAINTY_ASSIGNED_CONTEXT((#5147))
GLOBAL_UNIT_ASSIGNED_CONTEXT((#5150,#5152,#5153))
REPRESENTATION_CONTEXT('','3D')
);
#5150=(
LENGTH_UNIT()
NAMED_UNIT(*)
SI_UNIT(.MILLI.,.METRE.)
);
#5151=(
LENGTH_UNIT()
NAMED_UNIT(*)
SI_UNIT($,.METRE.)
);
#5152=(
NAMED_UNIT(*)
PLANE_ANGLE_UNIT()
SI_UNIT($,.RADIAN.)
);
#5153=(
NAMED_UNIT(*)
SI_UNIT($,.STERADIAN.)
SOLID_ANGLE_UNIT()
);
#5154=SHAPE_DEFINITION_REPRESENTATION(#5155,#5156);
#5155=PRODUCT_DEFINITION_SHAPE('',$,#5158);
#5156=SHAPE_REPRESENTATION('',(#2682),#5148);
#5157=PRODUCT_DEFINITION_CONTEXT('part definition',#5162,'design');
#5158=PRODUCT_DEFINITION('Shell','Shell',#5159,#5157);
#5159=PRODUCT_DEFINITION_FORMATION('',$,#5164);
#5160=PRODUCT_RELATED_PRODUCT_CATEGORY('Shell','Shell',(#5164));
#5161=APPLICATION_PROTOCOL_DEFINITION('international standard',
'automotive_design',2009,#5162);
#5162=APPLICATION_CONTEXT(
'Core Data for Automotive Mechanical Design Process');
#5163=PRODUCT_CONTEXT('part definition',#5162,'mechanical');
#5164=PRODUCT('Shell','Shell',$,(#5163));
#5165=PRESENTATION_STYLE_ASSIGNMENT((#5167));
#5166=PRESENTATION_STYLE_ASSIGNMENT((#5168));
#5167=SURFACE_STYLE_USAGE(.BOTH.,#5169);
#5168=SURFACE_STYLE_USAGE(.BOTH.,#5170);
#5169=SURFACE_SIDE_STYLE('',(#5171));
#5170=SURFACE_SIDE_STYLE('',(#5172));
#5171=SURFACE_STYLE_FILL_AREA(#5173);
#5172=SURFACE_STYLE_FILL_AREA(#5174);
#5173=FILL_AREA_STYLE('Steel - Satin',(#5175));
#5174=FILL_AREA_STYLE('Plastic - Matte (Green)',(#5176));
#5175=FILL_AREA_STYLE_COLOUR('Steel - Satin',#5177);
#5176=FILL_AREA_STYLE_COLOUR('Plastic - Matte (Green)',#5178);
#5177=COLOUR_RGB('Steel - Satin',0.627450980392157,0.627450980392157,0.627450980392157);
#5178=COLOUR_RGB('Plastic - Matte (Green)',0.266666666666667,0.588235294117647,
0.282352941176471);
ENDSEC;
END-ISO-10303-21;
